Upper State	Lower State	Upper Vib	Lower Vib	v = -30.0 km/s	v = -29.5 km/s	v = -29.0 km/s	v = -28.5 km/s	v = -28.0 km/s	v = -27.5 km/s	v = -27.0 km/s	v = -26.5 km/s	v = -26.0 km/s	v = -25.5 km/s	v = -25.0 km/s	v = -24.5 km/s	v = -24.0 km/s	v = -23.5 km/s	v = -23.0 km/s	v = -22.5 km/s	v = -22.0 km/s	v = -21.5 km/s	v = -21.0 km/s	v = -20.5 km/s	v = -20.0 km/s	v = -19.5 km/s	v = -19.0 km/s	v = -18.5 km/s	v = -18.0 km/s	v = -17.5 km/s	v = -17.0 km/s	v = -16.5 km/s	v = -16.0 km/s	v = -15.5 km/s	v = -15.0 km/s	v = -14.5 km/s	v = -14.0 km/s	v = -13.5 km/s	v = -13.0 km/s	v = -12.5 km/s	v = -12.0 km/s	v = -11.5 km/s	v = -11.0 km/s	v = -10.5 km/s	v = -10.0 km/s	v = -9.5 km/s	v = -9.0 km/s	v = -8.5 km/s	v = -8.0 km/s	v = -7.5 km/s	v = -7.0 km/s	v = -6.5 km/s	v = -6.0 km/s	v = -5.5 km/s	v = -5.0 km/s	v = -4.5 km/s	v = -4.0 km/s	v = -3.5 km/s	v = -3.0 km/s	v = -2.5 km/s	v = -2.0 km/s	v = -1.5 km/s	v = -1.0 km/s	v = -0.5 km/s	v = 0.0 km/s	v = 0.5 km/s	v = 1.0 km/s	v = 1.5 km/s	v = 2.0 km/s	v = 2.5 km/s	v = 3.0 km/s	v = 3.5 km/s	v = 4.0 km/s	v = 4.5 km/s	v = 5.0 km/s	v = 5.5 km/s	v = 6.0 km/s	v = 6.5 km/s	v = 7.0 km/s	v = 7.5 km/s	v = 8.0 km/s	v = 8.5 km/s	v = 9.0 km/s	v = 9.5 km/s	v = 10.0 km/s	v = 10.5 km/s	v = 11.0 km/s	v = 11.5 km/s	v = 12.0 km/s	v = 12.5 km/s	v = 13.0 km/s	v = 13.5 km/s	v = 14.0 km/s	v = 14.5 km/s	v = 15.0 km/s	v = 15.5 km/s	v = 16.0 km/s	v = 16.5 km/s	v = 17.0 km/s	v = 17.5 km/s	v = 18.0 km/s	v = 18.5 km/s	v = 19.0 km/s	v = 19.5 km/s	v = 20.0 km/s	v = 20.5 km/s	v = 21.0 km/s	v = 21.5 km/s	v = 22.0 km/s	v = 22.5 km/s	v = 23.0 km/s	v = 23.5 km/s	v = 24.0 km/s	v = 24.5 km/s	v = 25.0 km/s	v = 25.5 km/s	v = 26.0 km/s	v = 26.5 km/s	v = 27.0 km/s	v = 27.5 km/s	v = 28.0 km/s	v = 28.5 km/s	v = 29.0 km/s	v = 29.5 km/s	v = 30.0 km/s
Pi	X	8	0	5.292829885867603e-34	5.292572092434527e-34	5.295370787183861e-34	5.299975799711592e-34	5.303176713742941e-34	5.301150107037296e-34	5.30623091121634e-34	5.310124799958917e-34	5.3089221051786835e-34	5.311328323905193e-34	5.315539839196982e-34	5.315402045478319e-34	5.3125660253995786e-34	5.319725427338401e-34	5.318599909138425e-34	5.316213211138507e-34	5.321916494233195e-34	5.319609386713478e-34	5.324161293389944e-34	5.318455931283876e-34	5.31967798327783e-34	5.324625399474636e-34	5.3160205226221495e-34	5.3181061489916e-34	5.322976429610783e-34	5.315381285790173e-34	5.311022510664888e-34	5.320740075113129e-34	5.311448126076658e-34	5.3078068965663575e-34	5.316217815841188e-34	5.305890109841053e-34	5.312087515254791e-34	5.304438023077e-34	5.300463663077831e-34	5.306356960473528e-34	5.294138967100549e-34	5.293318571286723e-34	5.299111844109155e-34	5.2857442746134745e-34	5.273232443511941e-34	5.292662174636426e-34	5.2777149798838935e-34	5.281417175861246e-34	5.284024104509472e-34	5.2691944684504855e-34	5.276085125411985e-34	5.269511466277872e-34	5.260845646768053e-34	5.267580263856735e-34	5.2524626095870855e-34	5.251412281561697e-34	5.258440014340349e-34	5.242018120611232e-34	5.232471640104746e-34	5.249117624551048e-34	5.2329695251654e-34	5.239037568261511e-34	5.238346802021514e-34	5.2233388449957134e-34	5.227626170318036e-34	5.224474088402808e-34	5.213432683963098e-34	5.21672211069306e-34	5.202668229026979e-34	5.202174781764886e-34	5.204593726187965e-34	5.190363481591223e-34	5.1864373551818e-34	5.191303135332694e-34	5.178346041127156e-34	5.175528458932837e-34	5.1762372654371165e-34	5.164942029974264e-34	5.160035754753049e-34	5.160087088221503e-34	5.150083386723572e-34	5.142668618471367e-34	5.1328071994273545e-34	5.133868050334668e-34	5.123510577197757e-34	5.115407527889027e-34	5.11637401519192e-34	5.102670700947085e-34	5.095777752102888e-34	5.078781777873147e-34	5.080210313098564e-34	5.074486155443108e-34	5.056042323678371e-34	5.057424126946239e-34	5.052089723879815e-34	5.0300676721396325e-34	5.026543371897602e-34	5.029234254974129e-34	5.00292659853157e-34	5.002927257963305e-34	5.007807285651641e-34	4.975690490600354e-34	4.975931202918666e-34	4.946538152705935e-34	4.947873941175447e-34	4.948206062965389e-34	4.919631096253453e-34	4.921027822271489e-34	4.9222121423435895e-34	4.890347178017725e-34	4.893429871012475e-34	4.896964196144128e-34	4.8616393157149124e-34	4.8693978430280015e-34	4.873456192426644e-34	4.836007310458043e-34	4.842893348798081e-34	4.811053898249234e-34	4.8110166679794475e-34	4.817572267655219e-34	4.787761308431455e-34	4.79485024338919e-34	4.7961057420166455e-34	4.765280190641936e-34	4.775484784278317e-34
Pi	X	7	0	1.0518380562117082e-35	1.0539472817786642e-35	1.056847953799521e-35	1.0623060154814925e-35	1.0628420203358294e-35	1.0669477103262608e-35	1.0699728773531254e-35	1.0709667444366891e-35	1.0744592066868702e-35	1.0774186635151529e-35	1.0795643844343964e-35	1.0836346584786931e-35	1.0838355483666704e-35	1.0867451454379932e-35	1.0915000447214155e-35	1.090684444618407e-35	1.0946201532621214e-35	1.0972640191487782e-35	1.0962148122795483e-35	1.0997890445452525e-35	1.1022082597618903e-35	1.1032470421217135e-35	1.106940350898855e-35	1.1055409914023279e-35	1.1080502933359176e-35	1.1124762788970181e-35	1.1102415907743735e-35	1.1142309008272926e-35	1.1167874415718008e-35	1.1144257818365968e-35	1.1181092575772431e-35	1.1203888141275152e-35	1.1198227268117229e-35	1.123022278058786e-35	1.1207582770313603e-35	1.1235534016879291e-35	1.1274974481134751e-35	1.124625419282125e-35	1.1278346570466672e-35	1.1305296766886329e-35	1.1287827638019847e-35	1.1310167146165905e-35	1.133180546973109e-35	1.1321814314684185e-35	1.134800437886195e-35	1.1321747487590794e-35	1.1349452321790225e-35	1.1378555312233562e-35	1.1353658613932046e-35	1.1383966878290283e-35	1.1404581160123115e-35	1.1387939628355277e-35	1.140571835281681e-35	1.142149966363217e-35	1.1411944250104787e-35	1.1430916758843162e-35	1.141716350727736e-35	1.1437728601434302e-35	1.145183648311794e-35	1.1435946327090523e-35	1.1456349141310728e-35	1.1465450643027277e-35	1.1460539226813722e-35	1.1474316258418256e-35	1.1479352158102902e-35	1.1476861683351277e-35	1.1485254666099368e-35	1.147735141358973e-35	1.1490096305731812e-35	1.1487940578571654e-35	1.1487006969880568e-35	1.149444632721805e-35	1.1496586945098079e-35	1.1495353441058354e-35	1.1488273572643291e-35	1.1497601796663402e-35	1.1501301933328577e-35	1.149018233300151e-35	1.1496539624158386e-35	1.1491040078598002e-35	1.1476198159495746e-35	1.1492840541342173e-35	1.1483797712162296e-35	1.1474687687789054e-35	1.1481455445864447e-35	1.1457373300926941e-35	1.1464225988177158e-35	1.1473776495632399e-35	1.1446753284481015e-35	1.1460962790373357e-35	1.1442537035748538e-35	1.1417699774975884e-35	1.1445775144330226e-35	1.1423979019649342e-35	1.1402074686417862e-35	1.141856435301867e-35	1.1378904026240554e-35	1.1390579396939742e-35	1.1396965077127025e-35	1.1347030623299753e-35	1.1383643318667233e-35	1.135064587675398e-35	1.1326131624417892e-35	1.1355563330181402e-35	1.1327269773937434e-35	1.130330992580992e-35	1.132340017063373e-35	1.1281956598991282e-35	1.1304774820559812e-35	1.1296762269278091e-35	1.1248699639041998e-35	1.1284834670991277e-35	1.1251645677637119e-35	1.1230196128792432e-35	1.1261598522626613e-35	1.1227795861406386e-35	1.1217894872868034e-35	1.1228132516457567e-35	1.1195757523921319e-35	1.1222056073575309e-35	1.1207893761277e-35
Pi	X	8	1	9.428850850851227e-35	9.428262009962234e-35	9.432442113735563e-35	9.440335188174994e-35	9.445974605022755e-35	9.441269366092066e-35	9.450188724248079e-35	9.45611894212341e-35	9.453526915894937e-35	9.457141552718492e-35	9.464339588317519e-35	9.463411590098667e-35	9.4575242234958e-35	9.470046024912288e-35	9.466492935231798e-35	9.462063619825312e-35	9.470860705296782e-35	9.46672611877272e-35	9.474309574209753e-35	9.462846031024624e-35	9.464699282963598e-35	9.472457539749809e-35	9.456311389429974e-35	9.459150657272316e-35	9.467752700981775e-35	9.453111232547575e-35	9.44459883331393e-35	9.461366114455711e-35	9.443461426485367e-35	9.436526383134424e-35	9.449883163402931e-35	9.431752325395508e-35	9.44198837067851e-35	9.42717909130657e-35	9.419551005003171e-35	9.429237618847982e-35	9.406551195659825e-35	9.404402243746528e-35	9.414621759641709e-35	9.389629551436843e-35	9.366971247296544e-35	9.400647225009108e-35	9.373089295521313e-35	9.379071140319289e-35	9.38255860201029e-35	9.35600354085828e-35	9.367796922587388e-35	9.355260760286145e-35	9.339282604753738e-35	9.350652822462748e-35	9.322975486395641e-35	9.320705264033586e-35	9.332688298628776e-35	9.30301245787969e-35	9.285745055706912e-35	9.314498636899891e-35	9.285263536684597e-35	9.295428258200528e-35	9.293672316942848e-35	9.266738986477672e-35	9.274068516188709e-35	9.267952442259889e-35	9.247852061515503e-35	9.253383842034076e-35	9.227876031437996e-35	9.226892169955115e-35	9.230733784184727e-35	9.205292371431745e-35	9.198105270796134e-35	9.206178773705696e-35	9.183065197861699e-35	9.177636070303135e-35	9.17888197024726e-35	9.158482629236105e-35	9.149691662083401e-35	9.149599611422592e-35	9.131503817898063e-35	9.118388984349472e-35	9.100605126696483e-35	9.102583848314522e-35	9.083921291798235e-35	9.06960982774416e-35	9.071265688135267e-35	9.046687706768872e-35	9.034674108655068e-35	9.004344263780274e-35	9.007248190935648e-35	8.996745871271184e-35	8.964172493212766e-35	8.966755567434813e-35	8.957071894288439e-35	8.91831993098867e-35	8.912036760970494e-35	8.917041511077897e-35	8.87041723148084e-35	8.870556915543228e-35	8.879262106005103e-35	8.822375729764653e-35	8.823166647032859e-35	8.771169412156651e-35	8.774134800419516e-35	8.774383887318829e-35	8.724240978660601e-35	8.726820997459304e-35	8.728883065776571e-35	8.672838645484318e-35	8.678497722326966e-35	8.685051016426669e-35	8.622581066618941e-35	8.636806377922883e-35	8.643909438531003e-35	8.577843265790778e-35	8.590505287020214e-35	8.534454947084694e-35	8.53488523912978e-35	8.546396588693558e-35	8.494051012826948e-35	8.506685200279817e-35	8.509078534955108e-35	8.454968971063648e-35	8.473417036996026e-35
Pi	X	6	0	3.479039411951773e-33	3.466814765695964e-33	3.4608783978984994e-33	3.448777438728698e-33	3.4411946556049746e-33	3.438605068067139e-33	3.423511926691001e-33	3.41502982768096e-33	3.4070941307216316e-33	3.396789487256261e-33	3.393894606290168e-33	3.3890455990115336e-33	3.3806163022109035e-33	3.381371253845119e-33	3.367389053396315e-33	3.363698176842783e-33	3.360410649624751e-33	3.358397960100412e-33	3.3531101485038707e-33	3.351499330234252e-33	3.346180379694779e-33	3.3478046175093895e-33	3.3406662651005596e-33	3.339563809362643e-33	3.341299247585761e-33	3.332598969359672e-33	3.340242480453531e-33	3.3387007008718425e-33	3.3375039196517186e-33	3.3418136205229835e-33	3.336133010276569e-33	3.340806184871044e-33	3.339172546127925e-33	3.339886313729141e-33	3.347090150821662e-33	3.350347582574764e-33	3.348235357257577e-33	3.352926182482533e-33	3.356817654222561e-33	3.361789584905704e-33	3.366617552593797e-33	3.3648447299759296e-33	3.3761599878720483e-33	3.382208297041109e-33	3.382891016964344e-33	3.38961551958546e-33	3.395330076495668e-33	3.404199267152659e-33	3.410420907325102e-33	3.410083968979897e-33	3.4225379291173324e-33	3.4334082619865175e-33	3.435201815270078e-33	3.443400668937275e-33	3.454031791329354e-33	3.46190260919836e-33	3.4695199763008816e-33	3.470972379642076e-33	3.4830015739434924e-33	3.499628347341736e-33	3.502190408630004e-33	3.512669279871331e-33	3.524507400120697e-33	3.535359929514303e-33	3.5424872744643526e-33	3.548723521099652e-33	3.562574920095634e-33	3.5806395026149115e-33	3.576620738812665e-33	3.592236455571721e-33	3.610374699627342e-33	3.622360306203064e-33	3.6324747358295566e-33	3.639659285930188e-33	3.6549798362720996e-33	3.6681459762775215e-33	3.672805268832216e-33	3.68894321240262e-33	3.710552216605215e-33	3.717349880868305e-33	3.735423113848267e-33	3.7457355363096054e-33	3.762190098021625e-33	3.776304549976829e-33	3.784721853328682e-33	3.800913780695346e-33	3.826870881125948e-33	3.835468707667223e-33	3.850249016872291e-33	3.868890279123422e-33	3.885078165614619e-33	3.900063094423951e-33	3.912512392569017e-33	3.929388434360661e-33	3.959813958282759e-33	3.9699494452378086e-33	3.98727637239354e-33	4.0065665142419956e-33	4.024644359401657e-33	4.041506609248728e-33	4.05583462286896e-33	4.074056325311994e-33	4.1066364563205214e-33	4.1213269546152495e-33	4.1375109090557116e-33	4.1596856270842534e-33	4.1779386004142696e-33	4.195849038151383e-33	4.2139426991034975e-33	4.231235887331421e-33	4.2676753843221325e-33	4.269647475852916e-33	4.299540948998105e-33	4.321613046391192e-33	4.34061342183254e-33	4.360570896586761e-33	4.376183390710437e-33	4.3978953492635264e-33	4.43034520387705e-33	4.433808392311667e-33	4.453279804067974e-33
Pi	X	7	1	2.547335854018299e-34	2.552443932678688e-34	2.559468754564537e-34	2.5726870168613445e-34	2.5739850972931823e-34	2.583928216777147e-34	2.5912545146373744e-34	2.593661418425298e-34	2.6021194388155545e-34	2.6092865879136953e-34	2.6144830876419294e-34	2.6243404351415747e-34	2.6248269131084607e-34	2.6318733458682852e-34	2.643388672514229e-34	2.6414134560220273e-34	2.6509449187928173e-34	2.6573477968190386e-34	2.6548068127714804e-34	2.6634628540709833e-34	2.6693216475194016e-34	2.6718373625655196e-34	2.6807817740453365e-34	2.6773927745438123e-34	2.6834698053932274e-34	2.6941885783341087e-34	2.688776617969934e-34	2.698437883080645e-34	2.70462926965151e-34	2.6989097966455877e-34	2.7078303947321415e-34	2.713351013333091e-34	2.7119800440545502e-34	2.7197286839738223e-34	2.7142457035110753e-34	2.721014911268941e-34	2.7305665360207394e-34	2.723611064819981e-34	2.7313831948936357e-34	2.7379099258237955e-34	2.733679273750672e-34	2.7390893989376976e-34	2.7443297404981795e-34	2.741910070648502e-34	2.7482527486982804e-34	2.741893866071811e-34	2.7486033858400382e-34	2.7556515182653645e-34	2.7496220226013525e-34	2.756962043811811e-34	2.761954359885951e-34	2.757924144603863e-34	2.76222975818432e-34	2.7660516616229976e-34	2.763737535892893e-34	2.7683322418447346e-34	2.765001488152158e-34	2.769981887004162e-34	2.773398541237363e-34	2.769550257281417e-34	2.7744913800738598e-34	2.7766955689350176e-34	2.7755061051401875e-34	2.7788425996582046e-34	2.780062168573682e-34	2.7794590475412307e-34	2.7814916143294376e-34	2.7795776258974088e-34	2.7826641450941603e-34	2.782142056217252e-34	2.7819159510269806e-34	2.783717566804042e-34	2.784236022549247e-34	2.783937254113021e-34	2.78222265472278e-34	2.784481752953322e-34	2.785377819031225e-34	2.782684867628063e-34	2.784224464963973e-34	2.7828926007242604e-34	2.779298165493893e-34	2.7833286119864835e-34	2.781138588231362e-34	2.7789323383373963e-34	2.780571330326991e-34	2.77473911145299e-34	2.7763987371970022e-34	2.7787116072471973e-34	2.7721671522002907e-34	2.775608384422901e-34	2.7711460325578716e-34	2.7651309664098417e-34	2.7719302163882285e-34	2.766651659448607e-34	2.761346866362577e-34	2.7653403120418025e-34	2.7557353720215434e-34	2.7585629229271394e-34	2.7601093701145996e-34	2.748016282483982e-34	2.7568831344541076e-34	2.7488917717567877e-34	2.7429549762871995e-34	2.7500826672118083e-34	2.743230561270041e-34	2.737427986804726e-34	2.742293400450859e-34	2.7322566477004044e-34	2.737782701978648e-34	2.73584224375944e-34	2.7242024373956686e-34	2.732953599353964e-34	2.724915898732484e-34	2.7197212721554212e-34	2.7273262679415984e-34	2.719139929943926e-34	2.716742142546684e-34	2.719221423584454e-34	2.711380901423391e-34	2.7177498460241525e-34	2.7143200255020107e-34
Pi	X	8	2	3.4585445218468485e-35	3.45832850219419e-35	3.459861755201648e-35	3.462756938702845e-35	3.4648254731961917e-35	3.4630995341741524e-35	3.4663711778704923e-35	3.4685463273048756e-35	3.46759555160618e-35	3.468921386111112e-35	3.471561610890335e-35	3.471221189732155e-35	3.469061642130586e-35	3.473654645464243e-35	3.4723512924464984e-35	3.470726573457373e-35	3.47395333485685e-35	3.472436742534568e-35	3.4752183166367994e-35	3.471013401865447e-35	3.471693156189986e-35	3.4745388402335624e-35	3.4686163291702955e-35	3.46965774359598e-35	3.472812984754834e-35	3.4674423707551167e-35	3.464319950755369e-35	3.470470199123671e-35	3.4639026408667217e-35	3.461358781761548e-35	3.466258044330985e-35	3.45960758210423e-35	3.463362115060381e-35	3.457929970268787e-35	3.4551319177255174e-35	3.4586849435158826e-35	3.4503634085789915e-35	3.4495751369558944e-35	3.453323677161479e-35	3.444156351602242e-35	3.4358451520396806e-35	3.4481975829078637e-35	3.4380891761236195e-35	3.440283275935966e-35	3.441562455697011e-35	3.431821917915555e-35	3.436147720030769e-35	3.431549364986073e-35	3.425688464678494e-35	3.4298590561285145e-35	3.4197068270032643e-35	3.4188740933335347e-35	3.423269470542225e-35	3.412384209184087e-35	3.4060504141436907e-35	3.416597294844437e-35	3.4058737015917755e-35	3.4096020984917414e-35	3.408958009008139e-35	3.3990787058185483e-35	3.401767179629607e-35	3.399523733613613e-35	3.3921507866865045e-35	3.394179839766828e-35	3.3848234093544077e-35	3.3844625311438597e-35	3.3858716065307e-35	3.3765395710787486e-35	3.373903266473224e-35	3.376864634073e-35	3.3683864517643373e-35	3.3663949972170377e-35	3.3668520027427563e-35	3.359369381312037e-35	3.356144827521843e-35	3.3561110130430287e-35	3.349473371260848e-35	3.344662799667456e-35	3.3381395696680086e-35	3.338865381527613e-35	3.332019845772733e-35	3.326770340103059e-35	3.32737767300373e-35	3.3183623719946367e-35	3.313955717461295e-35	3.302830611187733e-35	3.30389579358941e-35	3.300043441538677e-35	3.288095434605911e-35	3.2890428708309866e-35	3.2854908484310075e-35	3.271276490116521e-35	3.2689717815627865e-35	3.270807558228368e-35	3.2537055681879314e-35	3.2537568140035087e-35	3.256949878506628e-35	3.2360837518226415e-35	3.236373850858967e-35	3.217301085765391e-35	3.2183888153339617e-35	3.2184801187959094e-35	3.2000875765832584e-35	3.2010338893238883e-35	3.201790274487585e-35	3.181232980004289e-35	3.183308756202229e-35	3.1857125474717273e-35	3.162798299762058e-35	3.168016239842965e-35	3.1706216296576244e-35	3.146388338579046e-35	3.151032818505177e-35	3.1304733667009993e-35	3.130631204936035e-35	3.134853585881565e-35	3.11565307675278e-35	3.120287308608491e-35	3.1211652207574675e-35	3.1013176397856587e-35	3.108084478597658e-35
Pi	X	5	0	1.1338281754804209e-32	1.1384680488199363e-32	1.1428715770594072e-32	1.145254767429274e-32	1.1476057014494142e-32	1.1520800843165907e-32	1.1568878629191625e-32	1.1588858522083833e-32	1.16135102547621e-32	1.1660853554742108e-32	1.170143838604763e-32	1.1720979912513697e-32	1.1777074841295045e-32	1.1789026782961751e-32	1.1837610847457207e-32	1.1853358838494659e-32	1.1895251756717335e-32	1.191732114586442e-32	1.1952996928233009e-32	1.2005333223021928e-32	1.2013620225810121e-32	1.2031351120380122e-32	1.2072437494800905e-32	1.2108790124271051e-32	1.2115008332811025e-32	1.2141129440133315e-32	1.2165943834700653e-32	1.2204999440912134e-32	1.2215257846734219e-32	1.2227593987535692e-32	1.2260395077758278e-32	1.2274651483327574e-32	1.2289710323454102e-32	1.2306034479693442e-32	1.2322440547968249e-32	1.2346208643049513e-32	1.2353982542703927e-32	1.2368610284415288e-32	1.2374303267758707e-32	1.2381512861667683e-32	1.2394689840459413e-32	1.240007652247425e-32	1.2397429950705607e-32	1.2410688107661785e-32	1.243080279240586e-32	1.2406024575605367e-32	1.241157543032071e-32	1.2395145317988557e-32	1.2402413350334934e-32	1.239474036964402e-32	1.238344198160212e-32	1.2382003089056793e-32	1.2353110556540696e-32	1.235377239056059e-32	1.2351420604611972e-32	1.2317370858468044e-32	1.2311451413342287e-32	1.2297854085350112e-32	1.2268568353763036e-32	1.2262230262780909e-32	1.2212211701665583e-32	1.2209450983642135e-32	1.2197905047577852e-32	1.2148464815824992e-32	1.2136514747182607e-32	1.2117992245864793e-32	1.2070063852706433e-32	1.2059794316994826e-32	1.1992386787904253e-32	1.1988756662001575e-32	1.1949893299066932e-32	1.1906969073253921e-32	1.1888660943543181e-32	1.1811980523310339e-32	1.1805268122957405e-32	1.179711841877428e-32	1.1715745672929444e-32	1.1698916592652308e-32	1.1667673288403065e-32	1.1615952003643788e-32	1.1598721205736472e-32	1.1511290835574002e-32	1.1504392807346654e-32	1.1478099675188905e-32	1.140849085074343e-32	1.1391635323383128e-32	1.1358918859948033e-32	1.1293144859532645e-32	1.1287115906802551e-32	1.1198080716340317e-32	1.1185651564637634e-32	1.1150670422552144e-32	1.1093977303297878e-32	1.1078624238314694e-32	1.0989498220735151e-32	1.0980756319869697e-32	1.0977197714504774e-32	1.0889645155682035e-32	1.0875119513844203e-32	1.0846985662946978e-32	1.0791358218671049e-32	1.0777259368408548e-32	1.0695084035994195e-32	1.068301733719603e-32	1.0680870567370738e-32	1.0600880404229991e-32	1.0587260796673018e-32	1.0562839337206958e-32	1.0496622876320067e-32	1.0496318689301195e-32	1.0421623133912794e-32	1.0418308097143108e-32	1.0385918215789538e-32	1.033957432759564e-32	1.0323153802980677e-32	1.0274079861382768e-32	1.0245087183293802e-32	1.0237376386578334e-32	1.0180253547757162e-32	1.0151750760114882e-32	1.0144102212371594e-32
Pi	X	6	1	8.955234823880999e-33	8.923767968581722e-33	8.90848742117189e-33	8.877338994215152e-33	8.857820536322526e-33	8.851154854650158e-33	8.812304343399356e-33	8.79047082789791e-33	8.770044109488616e-33	8.743519367108999e-33	8.736067816039828e-33	8.723586313538772e-33	8.701888812934639e-33	8.703832217594978e-33	8.66784118794725e-33	8.658340681963484e-33	8.649878504823774e-33	8.644697764207265e-33	8.631086658331389e-33	8.62694037758325e-33	8.613249062058911e-33	8.617429961788302e-33	8.599055489270931e-33	8.596217588025054e-33	8.600684928376475e-33	8.578289847256163e-33	8.597964638892429e-33	8.59399603045786e-33	8.590915388023732e-33	8.60200884880146e-33	8.587386568635908e-33	8.599415620636544e-33	8.595210563486908e-33	8.5970478008065e-33	8.615590733721031e-33	8.623975548042066e-33	8.618538493023005e-33	8.630612844395008e-33	8.640629831642374e-33	8.653427641852105e-33	8.665855158457895e-33	8.661291662214162e-33	8.690417654329016e-33	8.705986234751856e-33	8.707743548338657e-33	8.725052694216818e-33	8.739762219821575e-33	8.762591890200935e-33	8.778606619407481e-33	8.777739210900658e-33	8.809796175165006e-33	8.837776954655456e-33	8.84239356972805e-33	8.863497730730122e-33	8.890862712956048e-33	8.911122380561344e-33	8.930729824905589e-33	8.934468157191884e-33	8.965431879015881e-33	9.008229895778045e-33	9.014824709894741e-33	9.04179771501074e-33	9.072269411737897e-33	9.100204241693026e-33	9.118550172245527e-33	9.134602590858912e-33	9.170256565761487e-33	9.216755588641102e-33	9.2064109463453e-33	9.24660640745325e-33	9.29329497128309e-33	9.32414630657979e-33	9.350181351218434e-33	9.368674467420897e-33	9.408110234337705e-33	9.442000297442347e-33	9.453993392562009e-33	9.49553313786138e-33	9.551155504114052e-33	9.568653081651548e-33	9.6151741095008e-33	9.641718714184415e-33	9.68407336489958e-33	9.720404491207972e-33	9.742070876098563e-33	9.78374951300354e-33	9.850564291067074e-33	9.872695274623015e-33	9.910740403468618e-33	9.958723654063046e-33	1.000039197598658e-32	1.0038963713297676e-32	1.0071008632888196e-32	1.0114448414464946e-32	1.019276484156871e-32	1.0218854070177937e-32	1.0263454125887531e-32	1.0313107799560931e-32	1.035964092117692e-32	1.0403044990174018e-32	1.0439925977371986e-32	1.0486829219939346e-32	1.0570692051924627e-32	1.0608505868527474e-32	1.065016410387371e-32	1.070724273181515e-32	1.075422670016101e-32	1.0800328983827181e-32	1.0846902657168801e-32	1.0891416265122432e-32	1.0985212944526628e-32	1.0990289287612558e-32	1.1067236405387703e-32	1.1124050970044024e-32	1.1172958862176881e-32	1.1224330135429354e-32	1.1264517495772622e-32	1.1320404915454613e-32	1.1403932451761638e-32	1.1412846789361152e-32	1.1462967192954214e-32
Pi	X	7	2	1.7832166127234724e-33	1.7867924068181637e-33	1.7917099992284504e-33	1.800963173924365e-33	1.8018718618292142e-33	1.8088323495452575e-33	1.8139609658245597e-33	1.8156458468967442e-33	1.8215667271493657e-33	1.8265839251224257e-33	1.8302216443050114e-33	1.8371220875185886e-33	1.8374626106819046e-33	1.8423953285820182e-33	1.8504563783838708e-33	1.8490736632840772e-33	1.8557459805304346e-33	1.8602281832816e-33	1.8584493979004463e-33	1.8645088921876292e-33	1.8686101983186057e-33	1.8703712774152207e-33	1.8766326335669467e-33	1.8742601970267357e-33	1.8785143255420313e-33	1.8860177680993766e-33	1.8822292193268237e-33	1.888992395438007e-33	1.893326541507424e-33	1.8893227139872342e-33	1.8955674001511322e-33	1.899432010262885e-33	1.898472271452204e-33	1.903896555089827e-33	1.9000582673626435e-33	1.904796921645006e-33	1.9114833301955573e-33	1.9066142725980264e-33	1.912055023559542e-33	1.916623904146982e-33	1.9136623215332557e-33	1.917449548578459e-33	1.9211179432380033e-33	1.919424084065117e-33	1.923864148308556e-33	1.9194127250763382e-33	1.9241095869101254e-33	1.929043494354383e-33	1.92482263471055e-33	1.929960870793184e-33	1.9334556220401927e-33	1.9306343588891994e-33	1.9336484048560687e-33	1.9363238550149108e-33	1.934703892409882e-33	1.937920299079092e-33	1.935588666040788e-33	1.9390750711317157e-33	1.9414668495555277e-33	1.9387729169135812e-33	1.9422318460464747e-33	1.9437748427887195e-33	1.942942165415154e-33	1.9452778036048918e-33	1.9461315239725954e-33	1.945709335514436e-33	1.947132166411897e-33	1.94579232603228e-33	1.9479529642833446e-33	1.947587473397096e-33	1.9474291892922625e-33	1.9486903452134783e-33	1.9490533122390044e-33	1.9488441355695993e-33	1.9476438606858043e-33	1.9492252971496457e-33	1.9498525488614965e-33	1.9479673873916235e-33	1.9490451487530457e-33	1.9481128107330274e-33	1.9455965708028125e-33	1.9484180147415266e-33	1.9468849010148266e-33	1.9453404637088396e-33	1.946487795537075e-33	1.9424050424512744e-33	1.9435668676275783e-33	1.945185900752445e-33	1.9406045817416428e-33	1.9430135406552567e-33	1.9398897423378684e-33	1.9356790099490978e-33	1.9404386814680723e-33	1.9367435354272743e-33	1.93303000063251e-33	1.9358255306257387e-33	1.9291017480602583e-33	1.9310811359747516e-33	1.9321636734815863e-33	1.9236981341634643e-33	1.929905220803821e-33	1.9243109666346736e-33	1.920155059602473e-33	1.9251446234759325e-33	1.920347939449769e-33	1.916285958301006e-33	1.919691880199023e-33	1.9126658541887003e-33	1.9165342312198264e-33	1.9151758612420095e-33	1.9070276064275818e-33	1.9131536990801734e-33	1.907527045667955e-33	1.9038906511811006e-33	1.9092143771085423e-33	1.903483658117425e-33	1.9018051517186054e-33	1.9035406783995924e-33	1.8980520892266356e-33	1.9025105361129535e-33	1.9001095525898475e-33
Pi	X	4	0	9.186499623799857e-32	9.246956274059662e-32	9.292297350230129e-32	9.318239282878309e-32	9.387320533771091e-32	9.409653427835544e-32	9.450423981142293e-32	9.509371960233466e-32	9.540988668705727e-32	9.598145626324537e-32	9.627320305416884e-32	9.64975486266718e-32	9.728796074568017e-32	9.741040208610653e-32	9.801889268425201e-32	9.845465759045889e-32	9.86726728449469e-32	9.937986079649826e-32	9.955163441992516e-32	1.0014119318979922e-31	1.0057664069982714e-31	1.0078044917781236e-31	1.014960270546343e-31	1.0164441200398474e-31	1.020008986620426e-31	1.0256840156788642e-31	1.028181503072903e-31	1.0340481759737149e-31	1.0360092563389051e-31	1.0381423937568218e-31	1.0454784276814429e-31	1.045965697105561e-31	1.0517827044258553e-31	1.0553384204374623e-31	1.0572767864146724e-31	1.063929648864832e-31	1.0649256820345616e-31	1.070320624676143e-31	1.073500632986575e-31	1.0754346999331684e-31	1.081690269745379e-31	1.0825743119085676e-31	1.085874903265747e-31	1.0906141450580971e-31	1.0925820532664927e-31	1.0975898854688214e-31	1.0991629054203075e-31	1.1005353004793215e-31	1.1066394836279995e-31	1.1071649450142273e-31	1.1119706848815648e-31	1.1146628453422776e-31	1.115979870838754e-31	1.1214604084656142e-31	1.121777002051226e-31	1.1262955715652032e-31	1.1289358371568293e-31	1.13027550895271e-31	1.1350027735359467e-31	1.1354275500099622e-31	1.137917267037063e-31	1.1413685172712298e-31	1.1428662391979463e-31	1.146733847982627e-31	1.1480441554431419e-31	1.1485640610272457e-31	1.1529293991664644e-31	1.1531245808558426e-31	1.1564647083104084e-31	1.1584623082316584e-31	1.159337196770404e-31	1.1631499180558685e-31	1.1629907524569349e-31	1.1660508163977935e-31	1.1674684959485627e-31	1.1684294260609315e-31	1.1715362681324425e-31	1.1716978908629518e-31	1.1732598052351125e-31	1.1749279334420316e-31	1.1760948006621068e-31	1.1781090192620328e-31	1.1787825170607654e-31	1.179234640134803e-31	1.1813218941703494e-31	1.1816979938104238e-31	1.1829601442478253e-31	1.1840103275831335e-31	1.184395439295604e-31	1.1863150157034517e-31	1.1862423864238252e-31	1.187340840460483e-31	1.187859906383441e-31	1.1880397194764903e-31	1.1894785346404369e-31	1.189216482481185e-31	1.189753479376011e-31	1.1900733223245267e-31	1.1905221022399266e-31	1.1910997980149782e-31	1.190735172362055e-31	1.1910602574214746e-31	1.1907412712032374e-31	1.1911711891930848e-31	1.1910391292696395e-31	1.1907164576690068e-31	1.190652267803018e-31	1.1905009629158274e-31	1.190185600440127e-31	1.1896702245780505e-31	1.189200766639338e-31	1.188676068140239e-31	1.1882901229389743e-31	1.1874285213662818e-31	1.1867351931526004e-31	1.18581301967492e-31	1.1851094593681761e-31	1.184632653787951e-31	1.1836662545123609e-31	1.1824129552631402e-31	1.1807200679170891e-31
Pi	X	8	3	5.605282116594192e-32	5.604931960111605e-32	5.607416863775017e-32	5.612109049273752e-32	5.615461484755632e-32	5.612664182895157e-32	5.617966525031805e-32	5.621491661653172e-32	5.619950718810214e-32	5.622099453486379e-32	5.626378399372749e-32	5.625826629733304e-32	5.622326578004295e-32	5.629770398538098e-32	5.627657936590146e-32	5.625024699989964e-32	5.630254245542554e-32	5.627796282956001e-32	5.632304272259147e-32	5.625489281429313e-32	5.626590916713732e-32	5.63120279555737e-32	5.6216040954141e-32	5.623291849384999e-32	5.628405519665164e-32	5.619701235473606e-32	5.614640653358757e-32	5.624608282046983e-32	5.613964136972077e-32	5.609841196590465e-32	5.617781347667514e-32	5.607002924240577e-32	5.61308775363362e-32	5.60428378596797e-32	5.599748903696812e-32	5.605507195585449e-32	5.592020345098842e-32	5.59074274312427e-32	5.59681798169028e-32	5.581960321852526e-32	5.568490258622224e-32	5.588509793780884e-32	5.572126982074939e-32	5.575682854853258e-32	5.577755964960613e-32	5.561969382072014e-32	5.568980124536797e-32	5.561527484966926e-32	5.5520286195764e-32	5.55878782473432e-32	5.542333949293008e-32	5.540984322899802e-32	5.548107842673665e-32	5.530465986650917e-32	5.520200709729871e-32	5.537293991606345e-32	5.51991415632007e-32	5.52595667154336e-32	5.524912788021634e-32	5.508901282114407e-32	5.513258453862871e-32	5.509622414445653e-32	5.497672973645987e-32	5.500961421510089e-32	5.485797313701584e-32	5.485212447768506e-32	5.487496064672615e-32	5.472371563019791e-32	5.468098813414989e-32	5.47289826753783e-32	5.459157596848463e-32	5.455929989906954e-32	5.456670667976308e-32	5.444543451932166e-32	5.439317420904199e-32	5.439262531261825e-32	5.428504827116519e-32	5.420708320812708e-32	5.410136031172175e-32	5.411312372199328e-32	5.400217728335343e-32	5.391709831076025e-32	5.392694062575536e-32	5.378082935643626e-32	5.37094102358565e-32	5.352910530429198e-32	5.354636892935078e-32	5.34839327067935e-32	5.329029162472407e-32	5.330564596380785e-32	5.324807800441555e-32	5.301770571601526e-32	5.298035293928543e-32	5.301010568054528e-32	5.27329328492926e-32	5.273376355016611e-32	5.278551306162544e-32	5.24473354595456e-32	5.245203688656375e-32	5.214292444182672e-32	5.21605535412467e-32	5.216203221602018e-32	5.186394500737589e-32	5.187928109064162e-32	5.189154002774025e-32	5.155836766886462e-32	5.159200991525037e-32	5.163096853094833e-32	5.125959620318286e-32	5.134416420703465e-32	5.138638913321516e-32	5.099364016057469e-32	5.106891339985463e-32	5.073570631996876e-32	5.073826450279085e-32	5.080669628507375e-32	5.049551398745736e-32	5.057062046914465e-32	5.058484929509571e-32	5.026317929447255e-32	5.037284992676314e-32
Pi	X	5	1	2.882428349203608e-31	2.894223804201237e-31	2.905418459368333e-31	2.911476969834023e-31	2.9174535147869558e-31	2.928828292473685e-31	2.94105059642306e-31	2.946129864043661e-31	2.952396847712843e-31	2.9644324214562114e-31	2.974749923929862e-31	2.9797177504090444e-31	2.9939782158647486e-31	2.9970166287647596e-31	3.009367613456622e-31	3.013371096119256e-31	3.0240211127777808e-31	3.029631582488479e-31	3.0387011088942005e-31	3.052006034469502e-31	3.054112735733649e-31	3.058620290629948e-31	3.0690652359558404e-31	3.0783068442815374e-31	3.079887626234727e-31	3.086528098039885e-31	3.092836458906783e-31	3.102765128813424e-31	3.1053730283652155e-31	3.1085091294669027e-31	3.116847773128634e-31	3.1204721084462025e-31	3.124300316490653e-31	3.1284502249427553e-31	3.132620989985376e-31	3.1386632732679563e-31	3.1406395462841083e-31	3.1443582185503526e-31	3.1458054764283725e-31	3.1476382936189952e-31	3.150988130011594e-31	3.152357483004067e-31	3.1516846772417557e-31	3.1550550952164967e-31	3.1601686994585924e-31	3.1538695250300497e-31	3.15528061202599e-31	3.1511037664017254e-31	3.152951363394355e-31	3.1510007166682516e-31	3.1481284032897565e-31	3.1477625710671063e-31	3.140417494355508e-31	3.140585709586716e-31	3.1399877915159033e-31	3.1313316149437964e-31	3.129826709550429e-31	3.126369933075506e-31	3.118924926398602e-31	3.1173135724148717e-31	3.104597819533447e-31	3.10389595379055e-31	3.1009606681941966e-31	3.0883919173530093e-31	3.0853538741048225e-31	3.080645096830067e-31	3.068460661056277e-31	3.0658498805049223e-31	3.048713468857686e-31	3.0477905630407583e-31	3.0379106389249836e-31	3.026998373121828e-31	3.022344061665848e-31	3.0028502585118662e-31	3.0011438110500333e-31	2.9990719182444292e-31	2.9783852544701703e-31	2.9741069121554002e-31	2.9661641586391117e-31	2.953015565736743e-31	2.948635060274788e-31	2.926408449318353e-31	2.9246547835481763e-31	2.917970482859947e-31	2.9002744552821175e-31	2.895989385400506e-31	2.887672189892744e-31	2.870951034110177e-31	2.8694183320617e-31	2.846783702898954e-31	2.843623947100736e-31	2.8347309760302663e-31	2.8203183914720443e-31	2.816415348567405e-31	2.7937576211465244e-31	2.791535259778911e-31	2.790630531159489e-31	2.7683728688455184e-31	2.764680137867454e-31	2.7575279048829947e-31	2.7433862877061925e-31	2.739802017351985e-31	2.71891139302158e-31	2.7158437466541824e-31	2.71529800414242e-31	2.6949628467552603e-31	2.6915004760901887e-31	2.6852920468589937e-31	2.6684584346046987e-31	2.668381142750486e-31	2.6493919548862397e-31	2.64854924449195e-31	2.6403150716592355e-31	2.6285335121236674e-31	2.624359118636384e-31	2.6118834769749925e-31	2.604513005752058e-31	2.602552727691268e-31	2.588030976411317e-31	2.5807850022672877e-31	2.5788406093029433e-31
Pi	X	6	2	9.63939740206766e-31	9.605526588949862e-31	9.589078617832642e-31	9.555550619105536e-31	9.534541028247171e-31	9.52736616590113e-31	9.485547605552477e-31	9.462045895734917e-31	9.440058837381972e-31	9.411507615767588e-31	9.403486813333647e-31	9.390051867050266e-31	9.366696677348793e-31	9.368788690514939e-31	9.33004790953568e-31	9.31982159371657e-31	9.310713031783671e-31	9.305136527806101e-31	9.29048556668689e-31	9.286022578143057e-31	9.271285214782873e-31	9.275785554843045e-31	9.256007343925842e-31	9.25295249370668e-31	9.257761393217833e-31	9.233655260570952e-31	9.254833147913699e-31	9.250561363008939e-31	9.247245292926199e-31	9.259186339955263e-31	9.243446850046374e-31	9.256394954485349e-31	9.251868658611363e-31	9.253846212554013e-31	9.273805638189899e-31	9.282831047031018e-31	9.276978527327218e-31	9.289975237591532e-31	9.300757651932259e-31	9.314532951989358e-31	9.32790998460882e-31	9.32299766759244e-31	9.354348724297923e-31	9.371106607062486e-31	9.372998125121445e-31	9.391629557309832e-31	9.40746280278911e-31	9.432036496143755e-31	9.449274595866723e-31	9.448340791409208e-31	9.482846615898865e-31	9.512965023530543e-31	9.517934238287197e-31	9.540650566985188e-31	9.57010606658623e-31	9.591913256003907e-31	9.61301859197597e-31	9.617042258853827e-31	9.6503714660347e-31	9.696438945992684e-31	9.703537511106607e-31	9.7325710017624e-31	9.765370375541383e-31	9.79543918250246e-31	9.815186431700118e-31	9.832465205463232e-31	9.870842762217379e-31	9.920894007180983e-31	9.909758907395564e-31	9.953024953903827e-31	1.0003280142463039e-30	1.0036488159404052e-30	1.0064512182748745e-30	1.008441778934376e-30	1.012686619449986e-30	1.0163345059059655e-30	1.0176254202461193e-30	1.0220967284725134e-30	1.0280838661706352e-30	1.0299673047367707e-30	1.0349747677644022e-30	1.0378320093706515e-30	1.0423910238922413e-30	1.046301672486204e-30	1.0486338141376918e-30	1.053120065092013e-30	1.0603119722740787e-30	1.0626941143015291e-30	1.06678926355496e-30	1.071954129700855e-30	1.076439280285936e-30	1.0805911028396102e-30	1.0840403836951883e-30	1.088716226591688e-30	1.0971461330020852e-30	1.0999543655358262e-30	1.1047550623033989e-30	1.110099752233631e-30	1.1151085425140884e-30	1.1197805170282047e-30	1.1237503688205008e-30	1.1287989786888672e-30	1.1378259369860277e-30	1.1418961724237555e-30	1.146380241283447e-30	1.1525241403415823e-30	1.1575814662701542e-30	1.1625438901745163e-30	1.1675570271682892e-30	1.1723484644536348e-30	1.1824446578218157e-30	1.1829910828264394e-30	1.1912736220982452e-30	1.1973891075190581e-30	1.2026535323319213e-30	1.20818308696848e-30	1.2125088420016591e-30	1.218524514985627e-30	1.2275153870366312e-30	1.2284749135827228e-30	1.2338698573313124e-30
Pi	X	7	3	2.645072170752605e-31	2.6503761615272935e-31	2.657670488522699e-31	2.6713958119771056e-31	2.672743666753276e-31	2.68306824111902e-31	2.6906755529806545e-31	2.693174717262896e-31	2.7019572410816314e-31	2.7093992701047934e-31	2.714795158870924e-31	2.7250306661491637e-31	2.7255357265778004e-31	2.732852484984048e-31	2.744809487096069e-31	2.742758484324475e-31	2.752655614879598e-31	2.759304107466312e-31	2.756665584078474e-31	2.765653705204134e-31	2.7717371763902595e-31	2.7743494085809875e-31	2.783636944183063e-31	2.780117828140993e-31	2.7864280610333e-31	2.7975579651323e-31	2.791938348160454e-31	2.8019702400728984e-31	2.808399108609638e-31	2.8024601494852307e-31	2.811722958481413e-31	2.817455393790432e-31	2.816031772654812e-31	2.8240776751920157e-31	2.8183842438629965e-31	2.825413149134467e-31	2.8353311455380164e-31	2.8281087905596035e-31	2.8361791564870797e-31	2.8429561829410665e-31	2.8385632372606865e-31	2.8441808350285937e-31	2.8496222011078236e-31	2.847109653831009e-31	2.853695647121409e-31	2.847092780695471e-31	2.854059680426382e-31	2.861378202864586e-31	2.8551173066656e-31	2.86273890834746e-31	2.8679226785960865e-31	2.863737882450775e-31	2.8682086286540535e-31	2.87217715713366e-31	2.8697742412440604e-31	2.874545131219075e-31	2.871086586461818e-31	2.876257970840805e-31	2.8798057495739662e-31	2.875809781554718e-31	2.8809404397925445e-31	2.8832291807024846e-31	2.8819940345542237e-31	2.8854584986590818e-31	2.886724808229196e-31	2.886098594354907e-31	2.8882090520117033e-31	2.886221666739318e-31	2.889426536194752e-31	2.8888843790862514e-31	2.8886495887547934e-31	2.8905202285005192e-31	2.891058672729733e-31	2.8907483515620944e-31	2.8889679649718253e-31	2.8913137263289557e-31	2.8922441015110255e-31	2.8894477982412054e-31	2.8910464484031473e-31	2.8896635124690977e-31	2.8859311036591628e-31	2.8901161979577164e-31	2.8878420643896336e-31	2.8855511901956997e-31	2.887253021072268e-31	2.881196990700061e-31	2.8829203974782436e-31	2.8853218547334226e-31	2.8785263291238534e-31	2.8820995525175705e-31	2.877465960633078e-31	2.871220127728783e-31	2.8782801871533594e-31	2.872799141306631e-31	2.867290783333333e-31	2.871437419774878e-31	2.861463904174464e-31	2.864399978892025e-31	2.8660056835356486e-31	2.8534486352914346e-31	2.8626557111080517e-31	2.8543575987231768e-31	2.848193141961498e-31	2.8555941617171665e-31	2.8484791826444716e-31	2.842453995119905e-31	2.8475060136046138e-31	2.8370842379484615e-31	2.842822200241345e-31	2.8408073298921305e-31	2.828720871965267e-31	2.8378077966504243e-31	2.8294616874059327e-31	2.8240677848511864e-31	2.8319645250963207e-31	2.823464030588675e-31	2.8209743107259713e-31	2.823548565488542e-31	2.815407301295552e-31	2.822020554259333e-31	2.818459140030953e-31
Pi	X	3	0	8.192294449377792e-28	8.1957144516814e-28	8.228117365684804e-28	8.224720845451877e-28	8.232355558335247e-28	8.256802718017582e-28	8.258687896318514e-28	8.289472665505623e-28	8.285120068458408e-28	8.292856077995825e-28	8.314199039111883e-28	8.315166595008333e-28	8.342175860293035e-28	8.338540141153743e-28	8.346486544338293e-28	8.36345757551575e-28	8.364475807067072e-28	8.386930327734133e-28	8.383494609201985e-28	8.390533600335143e-28	8.403722170708614e-28	8.403727147364554e-28	8.422430797987354e-28	8.414916599487201e-28	8.425806210453217e-28	8.434515201019907e-28	8.433409337906519e-28	8.44575302493812e-28	8.442496998047163e-28	8.448991989106001e-28	8.455604075464158e-28	8.453629023060234e-28	8.463258137522208e-28	8.459672777179893e-28	8.46431764131433e-28	8.46679649703885e-28	8.46476863904e-28	8.471241153337124e-28	8.467520156379326e-28	8.470267676533104e-28	8.468989461965516e-28	8.46660723048276e-28	8.470353783398773e-28	8.467034316203969e-28	8.467592422014961e-28	8.463184368146191e-28	8.460496884807222e-28	8.461720523922407e-28	8.458621286519117e-28	8.457637579783191e-28	8.45058244731003e-28	8.44782803918469e-28	8.446900741295368e-28	8.443884129007187e-28	8.441795560418371e-28	8.43277443726794e-28	8.43018503444311e-28	8.427567782276624e-28	8.424958068622277e-28	8.42191387708231e-28	8.41259994872942e-28	8.409348773945012e-28	8.405611541671887e-28	8.403456556493802e-28	8.399920565576284e-28	8.389624767674476e-28	8.387324723782078e-28	8.382872323683678e-28	8.38127346456228e-28	8.377825052492003e-28	8.36709128560539e-28	8.36606027699047e-28	8.361276142882487e-28	8.360387692034422e-28	8.357149560016552e-28	8.346717762224889e-28	8.347074738833834e-28	8.342176825307962e-28	8.3425605589921e-28	8.33956474429765e-28	8.330152784549446e-28	8.331741749992702e-28	8.327049490968432e-28	8.328527597386844e-28	8.325905875295804e-28	8.316669915599048e-28	8.320936243317531e-28	8.316932085167074e-28	8.319252214859591e-28	8.317089628031235e-28	8.30982860713243e-28	8.314855124686523e-28	8.3131128016858e-28	8.314918058242893e-28	8.314437997425442e-28	8.309391962181636e-28	8.313711426407994e-28	8.312114353076646e-28	8.315086129469295e-28	8.315910285170273e-28	8.312352877976366e-28	8.317323348637322e-28	8.315601154551963e-28	8.317955671003483e-28	8.321533112137115e-28	8.319058707650966e-28	8.324119525483754e-28	8.323576037943117e-28	8.326012582311657e-28	8.330093856552473e-28	8.328660439188548e-28	8.333845110651298e-28	8.333091357961188e-28	8.335411774700787e-28	8.34086485136103e-28	8.34016867759885e-28	8.3452357455159e-28	8.344446457931776e-28	8.347667850497765e-28	8.351897792828174e-28	8.352564998469733e-28
Pi	X	8	4	4.831660980719099e-30	4.8313591033334894e-30	4.833501005158406e-30	4.837545541703881e-30	4.840435239997766e-30	4.838023953614293e-30	4.842594458727184e-30	4.845632939169806e-30	4.84430465752298e-30	4.846156782887634e-30	4.8498450891051116e-30	4.849369429156218e-30	4.8463523857374174e-30	4.8527687578786044e-30	4.850947748315209e-30	4.848677899556703e-30	4.85318560385488e-30	4.851066868461176e-30	4.854952567348875e-30	4.849078099765939e-30	4.850027648505924e-30	4.8540028857270184e-30	4.845728914300651e-30	4.847183663850022e-30	4.851591520646925e-30	4.844088477965457e-30	4.839726285058102e-30	4.8483181129736365e-30	4.839142972836034e-30	4.835588979268297e-30	4.842433156633834e-30	4.83314234888062e-30	4.838387221342353e-30	4.8307982899257126e-30	4.826889237687019e-30	4.831852682927395e-30	4.820227153686605e-30	4.8191258394740956e-30	4.824362557174419e-30	4.811555383410978e-30	4.7999443583697586e-30	4.81720075988264e-30	4.803078989085909e-30	4.8061439849971e-30	4.807930913095527e-30	4.7943231015936884e-30	4.800366145777261e-30	4.793942037384966e-30	4.7857541051196134e-30	4.7915803407255266e-30	4.777397276631746e-30	4.776233911313785e-30	4.782374182990723e-30	4.767167144242132e-30	4.7583185885245425e-30	4.773052618741579e-30	4.7580714415751064e-30	4.7632798811893826e-30	4.762380066926318e-30	4.7485783522432644e-30	4.752334114091513e-30	4.749199839453256e-30	4.738899557830713e-30	4.741734099966356e-30	4.728662805703514e-30	4.728158671388704e-30	4.730127038328066e-30	4.717089947755539e-30	4.7134068374583645e-30	4.7175438412030155e-30	4.705699577670375e-30	4.702917391448716e-30	4.7035558499511746e-30	4.693102305739837e-30	4.68859757237827e-30	4.6885501786666576e-30	4.679277176202999e-30	4.672556728504886e-30	4.663443538008981e-30	4.6644575373313654e-30	4.6548940939258394e-30	4.647560431457485e-30	4.648408752369628e-30	4.635814220665565e-30	4.6296579888603696e-30	4.614116025965669e-30	4.615604136395592e-30	4.610222149784506e-30	4.593530692297254e-30	4.594854136075833e-30	4.5898918600067405e-30	4.570034202942671e-30	4.56681443299985e-30	4.569379089562021e-30	4.545487253109202e-30	4.545558872671298e-30	4.550019534429173e-30	4.5208692608510714e-30	4.521274495435171e-30	4.494629594994775e-30	4.4961492134417836e-30	4.496276572512706e-30	4.470582105628194e-30	4.471903971402927e-30	4.472960686503111e-30	4.4442418550631894e-30	4.447141763897545e-30	4.4504999545133765e-30	4.4184882840814014e-30	4.425777958829413e-30	4.429417606907534e-30	4.39556341232265e-30	4.402051832291281e-30	4.373330030385308e-30	4.373550549838129e-30	4.3794492035349324e-30	4.352625931524749e-30	4.3590999156943645e-30	4.3603264591597206e-30	4.3325991113749686e-30	4.342052549057202e-30
Pi	X	4	1	1.3330227915450372e-29	1.341795434243983e-29	1.3483747007571042e-29	1.3521390309825258e-29	1.3621631718290985e-29	1.3654038076165967e-29	1.3713198708803988e-29	1.3798735743924618e-29	1.3844613648019942e-29	1.392755207824712e-29	1.3969886248339151e-29	1.4002440205324326e-29	1.4117133996664872e-29	1.413490099617433e-29	1.4223196673848919e-29	1.4286428942766544e-29	1.4318064238517975e-29	1.4420681861848984e-29	1.444560722575507e-29	1.453115593390567e-29	1.459434197174819e-29	1.4623915754582992e-29	1.472775072858528e-29	1.474928217643395e-29	1.4801010819675765e-29	1.4883358899188628e-29	1.4919598993981545e-29	1.5004728148531542e-29	1.5033184476923022e-29	1.506413752374771e-29	1.517058797483295e-29	1.5177658729620614e-29	1.5262067024251374e-29	1.531366264957552e-29	1.5341789332569327e-29	1.5438326662386493e-29	1.5452779528260978e-29	1.553106351154677e-29	1.557720751775302e-29	1.560527172847378e-29	1.5696044139140773e-29	1.5708871835019786e-29	1.5756765452325706e-29	1.5825534622166628e-29	1.5854090109384005e-29	1.592675699293397e-29	1.5949582232794255e-29	1.596949645293884e-29	1.6058071802031406e-29	1.6065696438149623e-29	1.6135430511839736e-29	1.6174495436098706e-29	1.6193606075275063e-29	1.627313213271486e-29	1.6277725928048667e-29	1.6343292949613524e-29	1.6381604677997153e-29	1.640104375710168e-29	1.646963953517529e-29	1.6475802966241308e-29	1.6511930222883508e-29	1.6562009865227106e-29	1.6583742367140295e-29	1.6639863763794356e-29	1.665887668788772e-29	1.666642086356072e-29	1.672976440950839e-29	1.673259644575022e-29	1.6781063590728535e-29	1.681004970560059e-29	1.6822744632353926e-29	1.687806939430981e-29	1.6875759792899232e-29	1.6920162860970058e-29	1.6940734136184206e-29	1.6954677474264674e-29	1.699975955609309e-29	1.7002104530498834e-29	1.7024768589569528e-29	1.7048974247392686e-29	1.70659057064017e-29	1.709513327625824e-29	1.7104905742731006e-29	1.711146608219899e-29	1.714175328680105e-29	1.714721039190139e-29	1.716552507185597e-29	1.7180763387058006e-29	1.7186351496336106e-29	1.721420543715496e-29	1.721315136243828e-29	1.722909039985748e-29	1.723662208923342e-29	1.7239231295884587e-29	1.7260109026486208e-29	1.7256306376125063e-29	1.726409813706242e-29	1.7268739192077163e-29	1.7275251004731575e-29	1.7283633557591785e-29	1.727834261897879e-29	1.728305920749359e-29	1.7278430680073536e-29	1.7284668560004612e-29	1.728275230824686e-29	1.7278069891026346e-29	1.7277138262193706e-29	1.7274942792161648e-29	1.7270366175394525e-29	1.726288787580213e-29	1.7256075243101954e-29	1.7248461570676736e-29	1.7242861140064535e-29	1.723035858459265e-29	1.7220297919612224e-29	1.720691626024281e-29	1.7196707205181752e-29	1.7189788021367085e-29	1.7175765089027568e-29	1.7157578716666176e-29	1.7133013800802121e-29
Pi	X	5	2	2.172030400568016e-29	2.1809187105186836e-29	2.18935432390615e-29	2.193919618543585e-29	2.1984231784066685e-29	2.2069945178190677e-29	2.2162044752394887e-29	2.220031884584067e-29	2.2247543171900973e-29	2.233823558749506e-29	2.2415982202929032e-29	2.2453416546962592e-29	2.256087481200199e-29	2.2583770358856035e-29	2.2676839388416197e-29	2.2707007418435883e-29	2.2787259435133756e-29	2.282953642659146e-29	2.289787907505523e-29	2.2998136814314292e-29	2.3014011463467407e-29	2.3047977701116824e-29	2.312668416979622e-29	2.3196323634003986e-29	2.3208235353212777e-29	2.325827360494669e-29	2.3305809927803938e-29	2.3380625951222014e-29	2.340027755171237e-29	2.3423909354796367e-29	2.3486743885282685e-29	2.3514055242472946e-29	2.3542901876879691e-29	2.357417290463022e-29	2.360560135976588e-29	2.3651131981641537e-29	2.366602390638185e-29	2.3694045613221522e-29	2.370495116582183e-29	2.3718762110959362e-29	2.3744004311323774e-29	2.3754322522829822e-29	2.374925271522918e-29	2.3774649558992455e-29	2.381318295422443e-29	2.3765715768825535e-29	2.37763484463851e-29	2.3744874428340913e-29	2.3758796130135398e-29	2.3744097073442423e-29	2.3722452773946486e-29	2.3719695788187562e-29	2.3664347635896677e-29	2.3665614911790872e-29	2.3661108987589915e-29	2.3595880921390706e-29	2.358454035749401e-29	2.3558491686963324e-29	2.3502390757620778e-29	2.3490247897646466e-29	2.3394429469728058e-29	2.3389140348153566e-29	2.336702120209236e-29	2.3272310324045017e-29	2.324941670560856e-29	2.321393433895649e-29	2.312211922719799e-29	2.310244550233193e-29	2.2973315404031312e-29	2.2966360504857184e-29	2.2891910783698036e-29	2.2809682053191818e-29	2.2774609852370633e-29	2.2627715591910633e-29	2.261485667609396e-29	2.2599243553021512e-29	2.2443360803249534e-29	2.2411121396325439e-29	2.2351269004571992e-29	2.225218917076251e-29	2.2219179614991993e-29	2.205169294083964e-29	2.203847799146251e-29	2.1988108693639958e-29	2.1854761650152438e-29	2.182247151467127e-29	2.1759798075946293e-29	2.1633796933081022e-29	2.162224725150195e-29	2.1451685672993592e-29	2.1427875546375192e-29	2.1360863020530586e-29	2.1252258099582633e-29	2.1222847257476624e-29	2.1052111558696264e-29	2.1035365237515342e-29	2.1028547272395492e-29	2.0860826706245036e-29	2.0833000360099526e-29	2.0779105132606738e-29	2.0672542470775702e-29	2.0645533109254829e-29	2.0488114024655937e-29	2.046499771017481e-29	2.046088540266768e-29	2.0307651601410954e-29	2.0281561337513662e-29	2.023477835769856e-29	2.0107930019349098e-29	2.0107347905486812e-29	1.996425630250503e-29	1.9957906459166976e-29	1.989585862043014e-29	1.980707984815796e-29	1.977562442661855e-29	1.968161508927052e-29	1.9626076098434044e-29	1.961130432313108e-29	1.9501877404671612e-29	1.944727620287527e-29	1.9432624612063904e-29
Pi	X	6	3	3.1857978005917477e-29	3.1746035950797314e-29	3.169167573057406e-29	3.158086687612311e-29	3.151143081948514e-29	3.14877182985092e-29	3.1349509148964016e-29	3.127183600903253e-29	3.119917008925453e-29	3.1104808841921023e-29	3.1078300396972255e-29	3.103389863992361e-29	3.095671014760148e-29	3.0963624681614865e-29	3.0835586950871185e-29	3.080178925823323e-29	3.077168606392347e-29	3.075325597573519e-29	3.0704834923639664e-29	3.069008506499319e-29	3.064137822712139e-29	3.065625184122833e-29	3.0590885452801423e-29	3.0580788755979585e-29	3.0596682982120293e-29	3.05170123990967e-29	3.058700473920847e-29	3.0572886654035185e-29	3.05619268657195e-29	3.060139197843295e-29	3.054937300213521e-29	3.0592166376111085e-29	3.057720714521792e-29	3.058374275585712e-29	3.064970764621733e-29	3.0679536445411987e-29	3.0660193710475334e-29	3.070314718092438e-29	3.073878332731641e-29	3.078430952470523e-29	3.082852057248253e-29	3.0812284852220666e-29	3.091589897566959e-29	3.097128299997663e-29	3.097753424243297e-29	3.1039110331551864e-29	3.109143861990664e-29	3.1172653667091734e-29	3.1229624737945146e-29	3.12265380861689e-29	3.134057820075077e-29	3.144011864457894e-29	3.1456541425019124e-29	3.153161782154411e-29	3.162896714060698e-29	3.17010384010469e-29	3.1770790752798107e-29	3.1784087934298544e-29	3.189423987463369e-29	3.204649101022631e-29	3.20699513158922e-29	3.2165905603584627e-29	3.2274305685929337e-29	3.2373681704257887e-29	3.243894492077567e-29	3.2496050789745563e-29	3.262288659394554e-29	3.2788304010105854e-29	3.275150225314134e-29	3.289449455021531e-29	3.3060585720103535e-29	3.3170336361662304e-29	3.3262954918762493e-29	3.332874124524083e-29	3.3469031581861393e-29	3.3589592179753197e-29	3.3632255881044755e-29	3.3780030776159465e-29	3.397790272774281e-29	3.404015001789445e-29	3.42056436604059e-29	3.4300074300985533e-29	3.445074751648176e-29	3.457999257204757e-29	3.4657068455627844e-29	3.480533693833586e-29	3.5043026954946943e-29	3.512175502372261e-29	3.5257097985202305e-29	3.542779410705808e-29	3.557602657338709e-29	3.5713242195088926e-29	3.582723911206133e-29	3.598177436320437e-29	3.6260378686346064e-29	3.6353189854189863e-29	3.651185016148942e-29	3.668849011409611e-29	3.6854028521287103e-29	3.7008435066186565e-29	3.713963734776825e-29	3.7306491071376386e-29	3.7604829155639636e-29	3.7739348177589687e-29	3.788754503400619e-29	3.80905982510273e-29	3.825774098249363e-29	3.842174730741911e-29	3.858742872778643e-29	3.8745784625578035e-29	3.9079459179142793e-29	3.909751869205502e-29	3.937125345061044e-29	3.957336795957351e-29	3.9747355545542957e-29	3.9930104619133344e-29	4.0073069625163207e-29	4.0271884837065106e-29	4.0569030452992954e-29	4.060074218688791e-29	4.077904354907783e-29
Pi	X	2	0	8.5179267731109e-26	8.528707765458624e-26	8.545627222755464e-26	8.557116137396461e-26	8.563197993083696e-26	8.575849185868424e-26	8.582025152622087e-26	8.599142459381116e-26	8.60339689823309e-26	8.613725966527756e-26	8.6205791433157e-26	8.621503387634249e-26	8.636639557644344e-26	8.634903158364776e-26	8.644306471190266e-26	8.650055893364803e-26	8.6479286768167e-26	8.657816967209864e-26	8.65119535947963e-26	8.658799664651033e-26	8.660096674046556e-26	8.658209916081799e-26	8.659845177496501e-26	8.653288261593937e-26	8.660512114918487e-26	8.653499491849799e-26	8.652656319931552e-26	8.650368032691778e-26	8.641654931707728e-26	8.647720111751975e-26	8.631523587528531e-26	8.632815473879759e-26	8.629407750940537e-26	8.618791298349531e-26	8.621494741368386e-26	8.603998745970285e-26	8.604615641365899e-26	8.598210014262033e-26	8.588674612389736e-26	8.58673843222794e-26	8.569109113060765e-26	8.568044184293062e-26	8.554309241587055e-26	8.551848167977899e-26	8.540401946121353e-26	8.52993833669523e-26	8.527250812021109e-26	8.512643538878819e-26	8.510819695008343e-26	8.496309343956021e-26	8.489498196053453e-26	8.484611986599585e-26	8.466793181077315e-26	8.468707566474213e-26	8.454022070883914e-26	8.449655408888242e-26	8.440788275142925e-26	8.430854998267948e-26	8.425046116455261e-26	8.414779065972346e-26	8.412334899689433e-26	8.402723475202114e-26	8.396131246697193e-26	8.390270576270758e-26	8.377769134328448e-26	8.379530437056821e-26	8.370198123372506e-26	8.366319297495059e-26	8.360252131817484e-26	8.349231954091318e-26	8.351478908924262e-26	8.338391045794234e-26	8.341826829389569e-26	8.336123272431355e-26	8.32719527564585e-26	8.329051662091906e-26	8.316928253931543e-26	8.323226679091185e-26	8.31253231292041e-26	8.314087168739623e-26	8.31031112645625e-26	8.299710797271967e-26	8.308151303273397e-26	8.297000230258568e-26	8.301030060182732e-26	8.294811906890069e-26	8.285953007376723e-26	8.295353686950991e-26	8.283929877189825e-26	8.2892396504319e-26	8.282188591740069e-26	8.277618684709387e-26	8.283887436121522e-26	8.267792631263121e-26	8.276882655245794e-26	8.269415002370973e-26	8.266153505538087e-26	8.263746276740759e-26	8.256232252879085e-26	8.26264143745486e-26	8.249485673718855e-26	8.25087443086651e-26	8.247526714421456e-26	8.241136584910968e-26	8.244790813836122e-26	8.232728508787862e-26	8.234297462644602e-26	8.230505758227464e-26	8.221295285685639e-26	8.222545049238579e-26	8.210827249150337e-26	8.209785103639689e-26	8.202706796751668e-26	8.196703996938454e-26	8.196193462539593e-26	8.183269116916889e-26	8.180513780396036e-26	8.174156055176938e-26	8.168120989744273e-26	8.16023842720059e-26	8.150386001098905e-26
Pi	X	7	4	4.8168988355260305e-30	4.826557773234447e-30	4.8398413322371266e-30	4.864836201785988e-30	4.867290727965269e-30	4.88609260245814e-30	4.899946074626699e-30	4.904497174552381e-30	4.9204908744587494e-30	4.934043324623245e-30	4.9438697013167055e-30	4.962509372922423e-30	4.963429047059037e-30	4.9767534468510395e-30	4.99852800682396e-30	4.994792957239953e-30	5.012816428036482e-30	5.024923840291386e-30	5.020118820258938e-30	5.0364869087113075e-30	5.047565307666748e-30	5.052322396151227e-30	5.069235723483974e-30	5.062827029380675e-30	5.0743185325673476e-30	5.0945868955520434e-30	5.084353090214724e-30	5.102621951368467e-30	5.114329391547122e-30	5.1035140062155826e-30	5.120382304785872e-30	5.130821552830704e-30	5.1282289682227975e-30	5.142881195398656e-30	5.1325128980325265e-30	5.145313101577091e-30	5.163374500604276e-30	5.1502219688825714e-30	5.164918818453849e-30	5.177260230123822e-30	5.169260335144901e-30	5.179490348875149e-30	5.1893994965844486e-30	5.184823897021921e-30	5.196817503318342e-30	5.184793122452118e-30	5.197480381047024e-30	5.2108079924370616e-30	5.199406313026234e-30	5.213285848392276e-30	5.222725837937158e-30	5.2151050233071935e-30	5.22324656219109e-30	5.23047357219213e-30	5.226097658633215e-30	5.23478574374781e-30	5.228487446426638e-30	5.2379048687688796e-30	5.244365706546488e-30	5.2370886796319076e-30	5.246431993538375e-30	5.250599964661511e-30	5.248350614386998e-30	5.254659649282301e-30	5.256965653269081e-30	5.2558253132458064e-30	5.2596685386238726e-30	5.2560493823966e-30	5.2618856451325604e-30	5.260898294477064e-30	5.260470711541377e-30	5.2638772025359204e-30	5.2648578518242204e-30	5.264292640642662e-30	5.261050405586485e-30	5.265322220083325e-30	5.267016439779607e-30	5.26192410761579e-30	5.264835365320217e-30	5.262316952262588e-30	5.255519859411671e-30	5.263141275514381e-30	5.2589998035742405e-30	5.2548279544408514e-30	5.257927085175472e-30	5.246898503720766e-30	5.2500370775894115e-30	5.254410178911386e-30	5.2420349830110285e-30	5.248542080741274e-30	5.2401038918211674e-30	5.228729724684014e-30	5.24158662152493e-30	5.2316052154974994e-30	5.221574001920294e-30	5.229125345355457e-30	5.210962681685394e-30	5.216309557090577e-30	5.219233602973803e-30	5.196366190073136e-30	5.2131330694695376e-30	5.198021371373876e-30	5.186795500176695e-30	5.2002732315753205e-30	5.1873162854647284e-30	5.17634393292827e-30	5.185544011242804e-30	5.166565149714003e-30	5.177014344729292e-30	5.173345136171653e-30	5.1513346247181694e-30	5.167882676314903e-30	5.1526836917570206e-30	5.1428609736227694e-30	5.15724155685562e-30	5.141761378453663e-30	5.137227455698429e-30	5.141915237477208e-30	5.1270893949832596e-30	5.139132628650433e-30	5.132646995718223e-30
Pi	X	3	1	2.6738317382381777e-26	2.674947968117902e-26	2.6855237365469525e-26	2.684415159556712e-26	2.686907020903477e-26	2.694886137183056e-26	2.695501425990778e-26	2.7055490361994386e-26	2.7041284416202424e-26	2.7066533355312304e-26	2.713619318713072e-26	2.7139351184331704e-26	2.7227504923245823e-26	2.721563850765643e-26	2.724157393948845e-26	2.7296964699298267e-26	2.730028793055983e-26	2.7373576016083243e-26	2.7362362357162144e-26	2.738533645211371e-26	2.742838156434836e-26	2.7428397677286825e-26	2.74894433587169e-26	2.7464917968386e-26	2.7500460358288137e-26	2.752888477225586e-26	2.752527544808911e-26	2.756556301823958e-26	2.7554935765314815e-26	2.7576134327837816e-26	2.75977148081994e-26	2.759126895107716e-26	2.762269648838734e-26	2.7610994406528224e-26	2.7626154239963665e-26	2.7634244672051575e-26	2.7627625836722783e-26	2.764875093004211e-26	2.7636606473846016e-26	2.7645573494535066e-26	2.764140158012803e-26	2.7633625905768715e-26	2.7645853916929246e-26	2.763501929760632e-26	2.7636840831454833e-26	2.762245348369771e-26	2.7613681739334235e-26	2.761767544783403e-26	2.76075594178565e-26	2.7604348586787476e-26	2.758132122927963e-26	2.757233130357633e-26	2.756930445705929e-26	2.755945840117251e-26	2.75526415271053e-26	2.752319742086069e-26	2.751474572600688e-26	2.7506202804674463e-26	2.749768515507943e-26	2.748774894961624e-26	2.745734953691354e-26	2.744673790522719e-26	2.7434539555436195e-26	2.742750564776325e-26	2.741596405353563e-26	2.7382360407962546e-26	2.737485276414933e-26	2.736032060562713e-26	2.7355101688764635e-26	2.7343846046603476e-26	2.730881244734939e-26	2.730544671390287e-26	2.728983219299031e-26	2.7286931614341833e-26	2.727636262278285e-26	2.724231441782787e-26	2.724347898368847e-26	2.722749261704319e-26	2.7228744405464366e-26	2.7218966646343864e-26	2.718824673752625e-26	2.7193432620995185e-26	2.7178117226725694e-26	2.7182941099399724e-26	2.717438380522942e-26	2.714423862295061e-26	2.715816327352664e-26	2.714509347987771e-26	2.715266584470422e-26	2.714560680695849e-26	2.71219078171693e-26	2.7138313061428583e-26	2.7132625897837955e-26	2.71385180644596e-26	2.71369504335283e-26	2.71204808792827e-26	2.713457815143587e-26	2.7129365418875154e-26	2.7139064408547556e-26	2.7141753946163244e-26	2.71301432346232e-26	2.714636504111435e-26	2.7140744317463115e-26	2.7148428264117906e-26	2.716010445780905e-26	2.7152028010211484e-26	2.7168545421077497e-26	2.716677160124078e-26	2.7174723299375405e-26	2.718804410478247e-26	2.718336484034677e-26	2.720028691862414e-26	2.719782651648168e-26	2.7205399800353486e-26	2.722319766571648e-26	2.722092488711279e-26	2.7237463143004137e-26	2.723488630129168e-26	2.7245400606736883e-26	2.725920622546446e-26	2.7261383769606214e-26
Pi	X	8	5	5.049994966665203e-29	5.049679394233958e-29	5.051918035413111e-29	5.056145281334758e-29	5.059165508667243e-29	5.056645195807228e-29	5.06142220412943e-29	5.064597843913018e-29	5.063209523741748e-29	5.065145289173032e-29	5.069000179985312e-29	5.068502977264534e-29	5.065349536304163e-29	5.072055764972122e-29	5.070152353547316e-29	5.067779887521921e-29	5.072491199967042e-29	5.070276709316362e-29	5.074337869186264e-29	5.068197880929093e-29	5.069190290427944e-29	5.073345020512513e-29	5.064697107873101e-29	5.066217520713243e-29	5.070824512803764e-29	5.062982317777421e-29	5.058422944731549e-29	5.06740290584366e-29	5.057813088527924e-29	5.054098399779789e-29	5.061251739191632e-29	5.051541114465019e-29	5.05702282567478e-29	5.049090901726548e-29	5.0450051415548336e-29	5.050192755962336e-29	5.0380417943995284e-29	5.0368906666490686e-29	5.0423639797737575e-29	5.0289779445565625e-29	5.016842180329559e-29	5.0348782464489105e-29	5.0201182754318226e-29	5.0233216527154035e-29	5.025189263448345e-29	5.010966498738233e-29	5.017282505168139e-29	5.010568040965624e-29	5.002010036778525e-29	5.008099451305336e-29	4.9932753754576794e-29	4.9920594291155315e-29	4.9984770736245776e-29	4.9825828017653214e-29	4.97333433364853e-29	4.988734059233143e-29	4.973075859705731e-29	4.978519537706135e-29	4.9775790581942017e-29	4.963153602284012e-29	4.967079026136167e-29	4.963803043047033e-29	4.9530372433276553e-29	4.955999822224154e-29	4.942337767707382e-29	4.9418108641728577e-29	4.9438680964256687e-29	4.9302418623093695e-29	4.9263922405017805e-29	4.930716135845169e-29	4.918336616546934e-29	4.9154286614520343e-29	4.9160959776304066e-29	4.9051699637633446e-29	4.90046169131245e-29	4.900412067138563e-29	4.890719991703613e-29	4.8836958730877843e-29	4.8741708175483893e-29	4.875230651813567e-29	4.8652350059848275e-29	4.857569954217346e-29	4.858456530735702e-29	4.8452928965863363e-29	4.8388584523508067e-29	4.822614204907717e-29	4.8241695763278837e-29	4.8185442906816067e-29	4.801098671510812e-29	4.8024818357746625e-29	4.797295309352432e-29	4.776540382365091e-29	4.7731750923235115e-29	4.7758556624540284e-29	4.7508842036099875e-29	4.7509590756964323e-29	4.755621238705366e-29	4.725153805684893e-29	4.7255773290359375e-29	4.6977284873008625e-29	4.6993167957952995e-29	4.699449798307954e-29	4.672594423532166e-29	4.673975933603492e-29	4.67508041632352e-29	4.645063919754399e-29	4.6480948730274573e-29	4.6516048387161765e-29	4.618146633881033e-29	4.625765773634366e-29	4.629569811599905e-29	4.5941859420055654e-29	4.600967551378552e-29	4.5709479750961594e-29	4.57117846867023e-29	4.577343612367371e-29	4.549308390398103e-29	4.556074843062139e-29	4.5573568586663356e-29	4.5283766483125805e-29	4.5382572803497166e-29
Pi	X	4	2	9.675424101309365e-28	9.739098029863894e-28	9.786851829150343e-28	9.814174168387923e-28	9.886931876852416e-28	9.910453116511525e-28	9.95339329511025e-28	1.0015477944611287e-27	1.0048777264616214e-27	1.0108976002452405e-27	1.0139703044954826e-27	1.01633314771253e-27	1.0246578951866974e-27	1.0259474651980263e-27	1.0323561631823003e-27	1.0369457134739171e-27	1.0392418709369876e-27	1.0466901157862738e-27	1.048499252100097e-27	1.0547085807978464e-27	1.059294761967309e-27	1.0614412883884927e-27	1.068977885196872e-27	1.0705406774704987e-27	1.074295278866368e-27	1.080272284120438e-27	1.082902674244403e-27	1.0890815521716773e-27	1.0911469655355114e-27	1.0933936014477563e-27	1.1011200250011165e-27	1.101633250157567e-27	1.107759792329506e-27	1.1115047205615825e-27	1.1135462039695703e-27	1.1205531196173844e-27	1.1216021270462019e-27	1.1272841609914665e-27	1.130633408394789e-27	1.1326703503900531e-27	1.1392588382504976e-27	1.1401898784752558e-27	1.1436661071036904e-27	1.148657519364792e-27	1.1507301363093203e-27	1.156004476922737e-27	1.1576611657922536e-27	1.1591065794519957e-27	1.1655355725842761e-27	1.166088975866069e-27	1.171150421182051e-27	1.173985844153318e-27	1.175372921637843e-27	1.1811451111299583e-27	1.181478525923875e-27	1.1862375144696323e-27	1.1890182556289873e-27	1.1904291587117267e-27	1.1954080171986418e-27	1.1958553469819352e-27	1.1984775404381573e-27	1.2021124258364093e-27	1.2036897921948979e-27	1.2077632124366689e-27	1.209143179528779e-27	1.209690755032965e-27	1.2142883590973148e-27	1.2144939015638604e-27	1.2180117453149269e-27	1.2201156013438201e-27	1.2210370091940624e-27	1.225052593655123e-27	1.2248849566830295e-27	1.228107806256433e-27	1.2296009065380401e-27	1.2306129188052981e-27	1.2338850709153957e-27	1.2340552535138621e-27	1.235700241031813e-27	1.2374571500505075e-27	1.2386860350818255e-27	1.240807440326876e-27	1.2415167171805172e-27	1.24199286264752e-27	1.2441911666351457e-27	1.2445872300417622e-27	1.2459165591531349e-27	1.2470225528033021e-27	1.247428142894943e-27	1.2494498227685701e-27	1.2493733017232e-27	1.2505301774641072e-27	1.2510768232443323e-27	1.2512662060481092e-27	1.252781531312765e-27	1.2525055175537886e-27	1.2530710307837084e-27	1.2534078842777484e-27	1.2538805063555363e-27	1.254488918145677e-27	1.2541048900401029e-27	1.2544471846199017e-27	1.2541112478432419e-27	1.2545639690692022e-27	1.2544248846100421e-27	1.2540850043940691e-27	1.254017369572628e-27	1.2538580217600168e-27	1.2535258006653682e-27	1.2529830179976106e-27	1.2524885020715025e-27	1.2519358863187665e-27	1.2515293843233777e-27	1.2506219058191235e-27	1.2498916762014077e-27	1.2489203772787736e-27	1.2481793836742057e-27	1.247677139272943e-27	1.246659331779967e-27	1.245339305556821e-27	1.2435563217227066e-27
Pi	X	5	3	6.518914891577937e-28	6.545591187046264e-28	6.570908904522363e-28	6.584610574114916e-28	6.598127054262263e-28	6.623852113972933e-28	6.651493766536063e-28	6.66298086964495e-28	6.677154300696829e-28	6.704373600831403e-28	6.7277076657934165e-28	6.7389427369025295e-28	6.771194086642422e-28	6.778065673940079e-28	6.805998222490704e-28	6.815052589503421e-28	6.839138526076137e-28	6.851827040756875e-28	6.872338710734135e-28	6.90242892405477e-28	6.907193309893119e-28	6.9173875728177895e-28	6.941009564001497e-28	6.9619104814266875e-28	6.965485502642787e-28	6.9805033285290175e-28	6.994770464048618e-28	7.017224785780348e-28	7.023122816160616e-28	7.030215419247593e-28	7.049073741992264e-28	7.0572708515615725e-28	7.065928426751779e-28	7.075313714040961e-28	7.084746334734445e-28	7.098411276371341e-28	7.102880751442885e-28	7.111290891933928e-28	7.114563930180542e-28	7.118708977282496e-28	7.126284848764592e-28	7.129381513687279e-28	7.127859933297524e-28	7.135482074442249e-28	7.147047181658942e-28	7.132800768738131e-28	7.135991808862613e-28	7.126545595725597e-28	7.13072368692817e-28	7.126312021435218e-28	7.119815848515167e-28	7.118988302407214e-28	7.102376685346478e-28	7.10275693787167e-28	7.101404458993696e-28	7.081827510336557e-28	7.078423715565269e-28	7.070605595595035e-28	7.0537681235669005e-28	7.050123483922248e-28	7.02136552843131e-28	7.019778017971018e-28	7.013139225290241e-28	6.984713623587431e-28	6.9778423402686875e-28	6.967193094721017e-28	6.939636532482463e-28	6.933731728913873e-28	6.8949758915693435e-28	6.89288838378021e-28	6.8705436740512805e-28	6.845864287855635e-28	6.8353380630076545e-28	6.7912505937251615e-28	6.787391208822784e-28	6.782705067853659e-28	6.735919952099347e-28	6.726243840404835e-28	6.708280207361073e-28	6.678543478197477e-28	6.668636123367546e-28	6.618368392990358e-28	6.614402079959224e-28	6.599284648051309e-28	6.559263177355018e-28	6.549571829751614e-28	6.530761685852847e-28	6.4929448869869785e-28	6.489478439294616e-28	6.438287736413699e-28	6.431141588881663e-28	6.411029033788795e-28	6.378433418044764e-28	6.369606412385537e-28	6.318363429874461e-28	6.313337389119829e-28	6.311290966918966e-28	6.2609530683482245e-28	6.252601523703998e-28	6.236425898128553e-28	6.204443355946754e-28	6.196336913001076e-28	6.149090887308436e-28	6.142152886727592e-28	6.140918688955898e-28	6.0949286664944025e-28	6.087098243040224e-28	6.07305730980165e-28	6.034986309836298e-28	6.034811700229631e-28	5.9918655770738105e-28	5.989959905087303e-28	5.97133751910894e-28	5.944692413249313e-28	5.935251819509563e-28	5.907036746868545e-28	5.890368020071748e-28	5.885934483852433e-28	5.853092360599871e-28	5.83670498066995e-28	5.832307670494627e-28
Pi	X	1	0	1.7057205658439163e-23	1.7055273977332567e-23	1.705392304104154e-23	1.7062607002666594e-23	1.7069693822718258e-23	1.7079344307169758e-23	1.7084110755093637e-23	1.709216058187192e-23	1.7101406444379137e-23	1.7100277567880096e-23	1.7113604571870898e-23	1.7118790774661906e-23	1.7139646766092458e-23	1.7141637437331333e-23	1.7141569892338174e-23	1.7158551423436423e-23	1.7164795408928083e-23	1.7177824847564174e-23	1.718449263258973e-23	1.7198898012853535e-23	1.7211229251998254e-23	1.721177864017457e-23	1.7227883870022328e-23	1.7231825032392324e-23	1.7252648941949354e-23	1.7260940407516513e-23	1.726814417654033e-23	1.7280097253242658e-23	1.7288095275310787e-23	1.7302752039212126e-23	1.7306944015202403e-23	1.7324776050235593e-23	1.733627019669258e-23	1.7340461952578658e-23	1.735469279749415e-23	1.7364289670757752e-23	1.7377842365788592e-23	1.7384953747541324e-23	1.7399631617318395e-23	1.7403299799246173e-23	1.7412778431708878e-23	1.7425417159252907e-23	1.742908376595026e-23	1.745152951185493e-23	1.7456571358930057e-23	1.7464564060521018e-23	1.7474894422023936e-23	1.7483168062231377e-23	1.7496519938866382e-23	1.7503460932433794e-23	1.751723445887716e-23	1.752337861870441e-23	1.7529753936929354e-23	1.7545514572181686e-23	1.754831870174e-23	1.7570104586904403e-23	1.757700000990868e-23	1.7584441096282732e-23	1.7601928549546887e-23	1.760478552798072e-23	1.7622132783332076e-23	1.7628906462050087e-23	1.7647275117116276e-23	1.7660517930310176e-23	1.7661905215366938e-23	1.7686867119898313e-23	1.7688560271072288e-23	1.771140365568209e-23	1.7724978560065453e-23	1.7739765971731213e-23	1.7764412539400097e-23	1.77619471668201e-23	1.779340144427581e-23	1.7794912207050982e-23	1.7816667486633932e-23	1.7836718625010718e-23	1.784095981205228e-23	1.7885519794317258e-23	1.787982887542782e-23	1.7908158849716728e-23	1.7920205481094094e-23	1.7942460126619257e-23	1.797373110923612e-23	1.7966115437802414e-23	1.800559165442244e-23	1.800538005029137e-23	1.8032618043339508e-23	1.805037395466025e-23	1.806027267129992e-23	1.810688587107755e-23	1.8096585485498274e-23	1.8126981801282577e-23	1.8134985122546743e-23	1.8151540630706127e-23	1.818950053965322e-23	1.81778970382345e-23	1.821474375662416e-23	1.8208759780598574e-23	1.8230375090729904e-23	1.8243679078482055e-23	1.8254969874443203e-23	1.8292337323348663e-23	1.8276713939992313e-23	1.830039103624525e-23	1.829747382810952e-23	1.8311046012917406e-23	1.8318918437159678e-23	1.8324067425136666e-23	1.8346384671149356e-23	1.83331140072821e-23	1.8344198408221533e-23	1.834583809534692e-23	1.8369527646361723e-23	1.8371977875837577e-23	1.835715337361753e-23	1.836693595610727e-23	1.8351625414522336e-23	1.835974715909736e-23	1.8349343799880572e-23	1.8358763733534024e-23	1.8361467448437682e-23
Pi	X	6	4	1.9139925865942577e-28	1.9072672410758401e-28	1.9040013338780296e-28	1.8973440831646773e-28	1.8931724495271467e-28	1.891747841768051e-28	1.8834443991535018e-28	1.878777846134735e-28	1.8744122072682882e-28	1.8687430772389175e-28	1.8671504861930844e-28	1.8644829040270308e-28	1.8598454939936874e-28	1.8602609425896456e-28	1.852568551135681e-28	1.8505380249716266e-28	1.848729482669446e-28	1.8476222310562437e-28	1.8447131485936936e-28	1.843827006801258e-28	1.840900739936116e-28	1.8417943367500724e-28	1.8378672035011698e-28	1.8372605734299037e-28	1.8382155409580415e-28	1.8334289940297044e-28	1.8376340529239261e-28	1.8367858577384946e-28	1.8361273891284166e-28	1.8384984253762716e-28	1.8353731602107592e-28	1.8379441522300536e-28	1.8370454223741726e-28	1.8374380645733304e-28	1.8414011288776568e-28	1.8431932131049244e-28	1.8420311035458435e-28	1.8446116789286936e-28	1.8467526935302496e-28	1.8494878037617799e-28	1.8521439729965422e-28	1.8511685080732573e-28	1.857393507857359e-28	1.860720895346095e-28	1.861096451621622e-28	1.8647958534640622e-28	1.8679396664938368e-28	1.8728189508236564e-28	1.8762416825392163e-28	1.8760562108748033e-28	1.8829075644528413e-28	1.88888783463024e-28	1.8898744744870953e-28	1.8943849486275481e-28	1.9002335636402123e-28	1.9045634633530256e-28	1.9087540906312202e-28	1.9095529102025982e-28	1.9161706998445595e-28	1.9253177315833353e-28	1.9267271829948866e-28	1.9324919666104227e-28	1.9390044568871776e-28	1.944974816601437e-28	1.9488956970543918e-28	1.952326551200439e-28	1.959946637001884e-28	1.9698846866118359e-28	1.967673643809413e-28	1.9762644038141096e-28	1.9862429141127133e-28	1.9928365447290164e-28	1.9984009557094047e-28	2.0023532474659504e-28	2.0107816975319796e-28	2.0180247710172817e-28	2.02058791403326e-28	2.0294660188662875e-28	2.041353852262885e-28	2.04509360775478e-28	2.055036168627735e-28	2.0607094256350823e-28	2.0697616357568656e-28	2.0775264769136445e-28	2.0821570578624397e-28	2.0910647997775035e-28	2.105344905558492e-28	2.1100747276974993e-28	2.1182059374751335e-28	2.1284610797733365e-28	2.1373666804296678e-28	2.145610373208006e-28	2.1524591199175086e-28	2.1617434139493785e-28	2.1784815247779635e-28	2.1840575027126736e-28	2.19358953972196e-28	2.2042018258007034e-28	2.214147133975292e-28	2.223423640301875e-28	2.2313061064430573e-28	2.241330391597322e-28	2.2592541714715424e-28	2.2673358448506744e-28	2.2762393151693923e-28	2.288438455228807e-28	2.2984801644362787e-28	2.3083334470803954e-28	2.3182873058332624e-28	2.32780115815671e-28	2.347847818397701e-28	2.348932833370705e-28	2.365378442979638e-28	2.3775212093896654e-28	2.3879741683958384e-28	2.3989534443198054e-28	2.4075426154728797e-28	2.419487130246885e-28	2.4373392790903615e-28	2.439244460443543e-28	2.449956596502174e-28
Pi	X	2	1	1.7766036179822874e-24	1.778852229848505e-24	1.7823811662549537e-24	1.7847774170561683e-24	1.7860459351381364e-24	1.788684612162085e-24	1.789972744999136e-24	1.7935429259077095e-24	1.7944302908521026e-24	1.7965846397849855e-24	1.798014026136853e-24	1.7982067986593304e-24	1.8013637808627154e-24	1.8010016099620546e-24	1.8029628532996856e-24	1.804162037871184e-24	1.8037183455970795e-24	1.805780781318238e-24	1.8043996953232115e-24	1.8059857329397636e-24	1.806256242665123e-24	1.8058627005393032e-24	1.806203766085956e-24	1.8048361643978727e-24	1.806342874677964e-24	1.80488022023896e-24	1.8047043492841754e-24	1.8042270494824114e-24	1.8024097402529703e-24	1.8036747438857342e-24	1.8002965861502323e-24	1.8005660487619272e-24	1.7998552576355178e-24	1.797640963330083e-24	1.7982047833783218e-24	1.7945556001654596e-24	1.7946842313588544e-24	1.793348173674006e-24	1.791359375492676e-24	1.7909554866308796e-24	1.7872785010227487e-24	1.787056334427018e-24	1.7841915875733797e-24	1.7836782421474916e-24	1.78129085455828e-24	1.779108423754049e-24	1.7785478444253507e-24	1.7755011573003634e-24	1.7751207065925793e-24	1.772094213381485e-24	1.7706735599900403e-24	1.7696544151714023e-24	1.7659378765829086e-24	1.7663371329307998e-24	1.7632741140891053e-24	1.7623633053877694e-24	1.7605138277888314e-24	1.758441968649279e-24	1.7572303868226952e-24	1.755088917049749e-24	1.7545791109579852e-24	1.752574395746236e-24	1.751199385671141e-24	1.7499769754713807e-24	1.747369460323285e-24	1.7477368251319213e-24	1.745790304993335e-24	1.7449812589704028e-24	1.743715774226481e-24	1.741417218476612e-24	1.741885839024776e-24	1.739156012777029e-24	1.739872624119662e-24	1.7386829595099882e-24	1.736820796310957e-24	1.737207943912562e-24	1.7346792893126476e-24	1.7359929345971537e-24	1.733762340988816e-24	1.7340866308971225e-24	1.733298991332603e-24	1.7310880346322988e-24	1.732848442271786e-24	1.730522611694285e-24	1.731363078725768e-24	1.7300661068797632e-24	1.728218383558813e-24	1.730179041076384e-24	1.7277963465352566e-24	1.728903756024545e-24	1.7274330873990376e-24	1.7264798935865487e-24	1.727787349703429e-24	1.724430426666429e-24	1.726326291345038e-24	1.724768744095289e-24	1.7240884313330073e-24	1.7235863428272354e-24	1.7220191002310894e-24	1.7233558517838052e-24	1.7206119393891084e-24	1.7209015275760377e-24	1.7202033041713657e-24	1.7188704513316757e-24	1.7196326241428793e-24	1.717116749036766e-24	1.7174439706226546e-24	1.71665313565897e-24	1.7147320426102555e-24	1.714992725539797e-24	1.7125486781697404e-24	1.7123313302944027e-24	1.7108549854600696e-24	1.709602966197685e-24	1.709496484209735e-24	1.7068008028413376e-24	1.7062261372587677e-24	1.704900055661669e-24	1.7036413383223505e-24	1.7019972494843283e-24	1.6999423219360766e-24
Pi	X	7	5	1.7116581719572644e-29	1.715090393078165e-29	1.7198106227646627e-29	1.7286923731020637e-29	1.7295645636770016e-29	1.7362456885466875e-29	1.7411684115053006e-29	1.7427855860347504e-29	1.74846885273948e-29	1.7532845985763686e-29	1.7567763504148304e-29	1.763399835789046e-29	1.7637266052864283e-29	1.7684613442256757e-29	1.7761987574130614e-29	1.7748715279389578e-29	1.7812760542034428e-29	1.7855783360927377e-29	1.7838708811511113e-29	1.7896871766187907e-29	1.793623780944299e-29	1.7953141835731407e-29	1.8013242190417245e-29	1.799046891993641e-29	1.803130348226766e-29	1.8103325495381803e-29	1.8066960199089232e-29	1.8131877361607517e-29	1.8173478833001997e-29	1.8135046806842447e-29	1.8194987156092187e-29	1.8232082447617134e-29	1.82228696501121e-29	1.8274935379738037e-29	1.8238091908789589e-29	1.828357662827135e-29	1.8347756400700467e-29	1.8301019551147745e-29	1.8353244118646827e-29	1.8397098170311643e-29	1.836867109700831e-29	1.8405022486389613e-29	1.8440233948932356e-29	1.8423974660331517e-29	1.846659311592485e-29	1.8423865125907207e-29	1.846894839706731e-29	1.8516307195464636e-29	1.8475791731710939e-29	1.8525111727834898e-29	1.855865585651825e-29	1.8531575909522622e-29	1.8560506164906852e-29	1.858618688916179e-29	1.8570637317721204e-29	1.860150954007e-29	1.8579128904585313e-29	1.8612592798432748e-29	1.8635551155889345e-29	1.860969252048776e-29	1.8642893291179458e-29	1.865770387424063e-29	1.8649710761783717e-29	1.8672129393316962e-29	1.8680323452217824e-29	1.8676271499670297e-29	1.8689927825298666e-29	1.8677067504730123e-29	1.8697806058855566e-29	1.8694297423225238e-29	1.869277799319613e-29	1.8704882385536413e-29	1.8708367435904906e-29	1.8706358647582576e-29	1.8694837540705846e-29	1.871001714187105e-29	1.8716037185412392e-29	1.8697941757671564e-29	1.8708286679064514e-29	1.869933775053307e-29	1.8675184422649793e-29	1.8702266728602566e-29	1.8687549922443858e-29	1.8672725585148813e-29	1.8683737997851898e-29	1.8644548392897774e-29	1.8655701538908398e-29	1.8671240526458928e-29	1.862726606181672e-29	1.8650388510061718e-29	1.8620403767833424e-29	1.8579986373315734e-29	1.8625672393809407e-29	1.8590204172461452e-29	1.8554558698061327e-29	1.858139186196194e-29	1.851685164695529e-29	1.853585160902945e-29	1.8546241750411413e-29	1.8464983777732984e-29	1.8524564026125252e-29	1.8470864927014503e-29	1.8430974884597774e-29	1.8478866692153242e-29	1.8432825015874467e-29	1.839383545023255e-29	1.8426527142771055e-29	1.8359087074023166e-29	1.839621726402585e-29	1.8383179086448684e-29	1.8304965750558173e-29	1.836376832136512e-29	1.830975950872867e-29	1.8274855148052262e-29	1.832595558004601e-29	1.8270947389139474e-29	1.825483659895214e-29	1.827149379229128e-29	1.821881130561013e-29	1.8261606053287016e-29	1.8238559724878087e-29
Pi	X	3	2	1.4589985157377472e-25	1.4596075939390653e-25	1.4653783405789447e-25	1.4647734316627186e-25	1.4661331453696598e-25	1.4704869936072089e-25	1.4708227294588355e-25	1.4763052693088367e-25	1.4755301231009085e-25	1.4769078443734996e-25	1.4807088837797551e-25	1.4808812055572927e-25	1.4856913810410586e-25	1.4850438790823112e-25	1.4864590478538476e-25	1.4894814949543066e-25	1.4896628233541581e-25	1.4936618591747644e-25	1.4930499746790121e-25	1.4943035736408036e-25	1.4966523521129388e-25	1.4966532237402968e-25	1.499984232454885e-25	1.4986459685141344e-25	1.5005853959751275e-25	1.5021363793444084e-25	1.5019394355099024e-25	1.5041377475612672e-25	1.5035578562269101e-25	1.5047145715173448e-25	1.5058921111763912e-25	1.5055404105412764e-25	1.5072552611628016e-25	1.5066167245061687e-25	1.5074439189492392e-25	1.507885371347301e-25	1.507524195301059e-25	1.508676895340899e-25	1.5080142389181232e-25	1.5085035062778128e-25	1.5082758605581063e-25	1.507851547702183e-25	1.5085187717972118e-25	1.5079275474031115e-25	1.508026938997285e-25	1.507241871111063e-25	1.5067632198434647e-25	1.5069811369114501e-25	1.5064291109897618e-25	1.5062538992777184e-25	1.5049973601740318e-25	1.504506818259215e-25	1.5043416385405774e-25	1.5038043614305626e-25	1.503432385696777e-25	1.50182570700332e-25	1.5013645154578345e-25	1.5008983267699692e-25	1.5004335559784696e-25	1.4998913518844035e-25	1.4982325672248342e-25	1.4976535157214757e-25	1.4969878658060513e-25	1.4966040322488113e-25	1.4959742150422478e-25	1.4941406138196537e-25	1.493730913651497e-25	1.4929379398530503e-25	1.4926531361147207e-25	1.492038928475175e-25	1.490127271818945e-25	1.4899435775874147e-25	1.4890915649892558e-25	1.488933244699715e-25	1.4883565240121181e-25	1.486498625497168e-25	1.4865621390476844e-25	1.4856898078997859e-25	1.4857580745114838e-25	1.4852245483851022e-25	1.4835482442304952e-25	1.4838312021884442e-25	1.4829954685947046e-25	1.4832586623430085e-25	1.482791702006191e-25	1.4811467752561177e-25	1.4819065883317485e-25	1.4811933732901386e-25	1.4816065562599765e-25	1.4812213328220917e-25	1.4799281661989044e-25	1.4808233032934371e-25	1.4805129490526588e-25	1.4808344660124238e-25	1.4807488808180568e-25	1.4798501991633374e-25	1.4806193843846366e-25	1.4803349388507586e-25	1.480864148637924e-25	1.4810108837574332e-25	1.4803773407215993e-25	1.4812624386422134e-25	1.4809557530605751e-25	1.4813749866142756e-25	1.4820121082586052e-25	1.48157138722347e-25	1.482472657385662e-25	1.4823758694829026e-25	1.482809714617095e-25	1.483536586504564e-25	1.4832812105336132e-25	1.4842045867513686e-25	1.4840703167706952e-25	1.4844835488496921e-25	1.4854546988941737e-25	1.4853306489721617e-25	1.4862330825632612e-25	1.4860924321593648e-25	1.4866661658625222e-25	1.4874194677753774e-25	1.4875382810630262e-25
Pi	X	8	6	1.0845818498271015e-28	1.0845140623028687e-28	1.0849948414449115e-28	1.0859027095175965e-28	1.0865513486228796e-28	1.0860100488785809e-28	1.0870359948661572e-28	1.0877179903363172e-28	1.0874198186845157e-28	1.0878355484270322e-28	1.0886634398972038e-28	1.0885566450318223e-28	1.0878793695231826e-28	1.089319638663664e-28	1.088910818892053e-28	1.0884012761723656e-28	1.089413099552253e-28	1.088937492739002e-28	1.0898096743842677e-28	1.088490981101449e-28	1.0887041088258215e-28	1.0895963831736759e-28	1.0877390677370074e-28	1.0880655880355399e-28	1.0890550156478685e-28	1.0873707322382315e-28	1.0863915067678989e-28	1.088320096416606e-28	1.0862604859756216e-28	1.0854626641051158e-28	1.0869989526872419e-28	1.0849134166138083e-28	1.086090679101784e-28	1.0843871341468127e-28	1.083509624978214e-28	1.084623735584807e-28	1.082014064912452e-28	1.081766827615179e-28	1.0829423152870656e-28	1.0800673816621025e-28	1.0774609835921793e-28	1.081334541788946e-28	1.078164544570686e-28	1.078852502685445e-28	1.0792535923190816e-28	1.0761989754029637e-28	1.0775554313540942e-28	1.0761133589976516e-28	1.074275348801722e-28	1.0755831430521155e-28	1.0723993684822855e-28	1.0721382185723735e-28	1.073516507149201e-28	1.070102899324282e-28	1.068116601691783e-28	1.071423958735362e-28	1.0680610529355043e-28	1.0692301576617674e-28	1.0690281709291143e-28	1.065930016285207e-28	1.0667730627867817e-28	1.0660694659440615e-28	1.0637572915617697e-28	1.064393549605715e-28	1.0614593439870242e-28	1.061346184189494e-28	1.061787994893677e-28	1.0588614987609099e-28	1.0580347016628658e-28	1.0589633278998998e-28	1.0563045841299747e-28	1.0556800350117983e-28	1.0558233553597333e-28	1.0534767659960515e-28	1.0524655804962833e-28	1.052454902308055e-28	1.050373336090698e-28	1.048864777085723e-28	1.0468190783951727e-28	1.0470467010917506e-28	1.0448999362549047e-28	1.0432537228275445e-28	1.0434441138137506e-28	1.0406169795929897e-28	1.039235055689199e-28	1.0357463031518373e-28	1.0360803522376496e-28	1.0348721935396723e-28	1.0311254390237635e-28	1.0314224804468704e-28	1.0303085726372759e-28	1.0258510740313105e-28	1.0251283087476812e-28	1.0257040167664897e-28	1.02034092554338e-28	1.0203570094623418e-28	1.0213582814188445e-28	1.0148148448096414e-28	1.0149057991441566e-28	1.0089247556227402e-28	1.0092658797808712e-28	1.0092944188601393e-28	1.0035267607282865e-28	1.0038234457579355e-28	1.0040606581132553e-28	9.97614068220034e-29	9.982650233624779e-29	9.99018860474288e-29	9.918330821411248e-29	9.934694497058015e-29	9.942864205027203e-29	9.866870968462862e-29	9.881435731914446e-29	9.81696327625799e-29	9.81745832606571e-29	9.830699000267843e-29	9.770488397182072e-29	9.785020450773098e-29	9.787773929495547e-29	9.725533649230184e-29	9.746754198274166e-29
Pi	X	4	3	1.3450220126609599e-27	1.3538735704997753e-27	1.360511997588363e-27	1.3643101713857968e-27	1.3744245165491408e-27	1.3776942847617725e-27	1.383663561770323e-27	1.3922941630991598e-27	1.3969232364527228e-27	1.4052917022784982e-27	1.4095631709975118e-27	1.4128478496008402e-27	1.4244204001314504e-27	1.4262130793988194e-27	1.4351220386031752e-27	1.4415021516405704e-27	1.4446941172096389e-27	1.45504822909277e-27	1.4575631703065192e-27	1.4661949968682486e-27	1.47257040621039e-27	1.4755543616397288e-27	1.4860312856947096e-27	1.4882037663543618e-27	1.4934232020874523e-27	1.5017320457904143e-27	1.5053886490482e-27	1.5139781469446241e-27	1.5168493357381924e-27	1.5199724560756334e-27	1.5307132495377567e-27	1.5314267228135974e-27	1.5399434459200917e-27	1.5451494072671953e-27	1.5479873248951408e-27	1.5577279176310833e-27	1.5591861594917038e-27	1.5670849677812142e-27	1.5717408938221155e-27	1.5745724878170724e-27	1.583731413577504e-27	1.5850256520616633e-27	1.5898580851593528e-27	1.596796813045539e-27	1.5996780253189092e-27	1.6070100969928578e-27	1.6093130922013666e-27	1.6113224057137764e-27	1.6202595719377813e-27	1.6210288628603596e-27	1.6280649434742298e-27	1.632006570785724e-27	1.6339347735479657e-27	1.6419589147644437e-27	1.6424223869886713e-27	1.6490380075242118e-27	1.6529036001346643e-27	1.654864903936389e-27	1.661786227013556e-27	1.6624080376687645e-27	1.6660532366065136e-27	1.671106209532972e-27	1.6732989221086296e-27	1.6789615339613822e-27	1.6808798255490557e-27	1.6816410332301256e-27	1.688032307983396e-27	1.6883180204701292e-27	1.6932082852109793e-27	1.696132899032874e-27	1.697413753607298e-27	1.7029959447079316e-27	1.7027629052029673e-27	1.7072430666753116e-27	1.709318665253786e-27	1.7107254602587568e-27	1.715274185983011e-27	1.715510731824069e-27	1.7177974568692377e-27	1.7202398107868675e-27	1.721948070891911e-27	1.7248971159755937e-27	1.725883061444267e-27	1.7265449404809343e-27	1.7296008675316337e-27	1.7301514114818734e-27	1.731999372027542e-27	1.7335367976190838e-27	1.7341006118604176e-27	1.736910989046571e-27	1.7368045937013016e-27	1.7384127851409134e-27	1.739172665549744e-27	1.7394359344301294e-27	1.7415424016525158e-27	1.7411586919042864e-27	1.7419447870641236e-27	1.7424130521583322e-27	1.743070031414885e-27	1.7439157874833695e-27	1.7433819364401515e-27	1.7438577040059738e-27	1.74339072432405e-27	1.7440200116527155e-27	1.743826667451963e-27	1.743354158309962e-27	1.7432601142781267e-27	1.7430386056269537e-27	1.7425767138173613e-27	1.741822185772764e-27	1.7411346824550117e-27	1.7403664740613435e-27	1.7398013660074613e-27	1.738539825495005e-27	1.737524701324791e-27	1.73617442232801e-27	1.7351443444111464e-27	1.7344461052559605e-27	1.7330312272124508e-27	1.7311961841361845e-27	1.728717584082426e-27
Pi	X	5	4	3.6144441235338997e-28	3.629234812973235e-28	3.6432722917824683e-28	3.6508691605114184e-28	3.6583634065886504e-28	3.672626730982149e-28	3.687952665307668e-28	3.694321685779804e-28	3.702180210094783e-28	3.7172719560358195e-28	3.730209626051804e-28	3.736438907338729e-28	3.7543207661481354e-28	3.7581307195690806e-28	3.773617902980725e-28	3.778638162336234e-28	3.7919926669682767e-28	3.799027828885336e-28	3.8104006187361517e-28	3.8270841996111107e-28	3.829725793376574e-28	3.83537803782488e-28	3.8484752580961627e-28	3.860063888377673e-28	3.862046050696178e-28	3.8703726654766683e-28	3.8782831832411847e-28	3.8907329656031097e-28	3.894003154596831e-28	3.8979356769758863e-28	3.908391644049838e-28	3.9129366616473237e-28	3.9177367981776753e-28	3.9229404651285836e-28	3.9281704266674744e-28	3.9357469226633384e-28	3.9382250221100673e-28	3.942888056894924e-28	3.9447027819870277e-28	3.9470010045931264e-28	3.9512014417441137e-28	3.952918319542323e-28	3.952074684348051e-28	3.9563006906794194e-28	3.9627130678021687e-28	3.9548140233637413e-28	3.956583224686678e-28	3.9513457756927282e-28	3.9536622025081467e-28	3.9512161107502213e-28	3.9476142348605563e-28	3.9471553432327714e-28	3.9379449654891163e-28	3.9381557419000435e-28	3.9374057845538046e-28	3.926551220867069e-28	3.9246638803517965e-28	3.920329006942447e-28	3.910993447985047e-28	3.9089725391013155e-28	3.8930275680964192e-28	3.8921473138448136e-28	3.8884662998907024e-28	3.8727055712828038e-28	3.86889562309118e-28	3.8629911429141466e-28	3.847712217724874e-28	3.8444381942608603e-28	3.822949819149035e-28	3.8217923107164053e-28	3.8094031093448348e-28	3.795719457592325e-28	3.7898831378875064e-28	3.7654385695468265e-28	3.7632986919215325e-28	3.760700334639087e-28	3.7347600839838123e-28	3.7293950582192113e-28	3.719434954380269e-28	3.702947340384176e-28	3.6974540422804814e-28	3.6695828813107784e-28	3.6673836742074937e-28	3.6590016843065644e-28	3.636811571675721e-28	3.6314380919000434e-28	3.6210087370126594e-28	3.6000409837192224e-28	3.5981189701046274e-28	3.569736002240221e-28	3.565773777498837e-28	3.554622222488309e-28	3.536549412300885e-28	3.531655277874823e-28	3.5032433108861656e-28	3.5004566175114933e-28	3.499321881797335e-28	3.4714118334483375e-28	3.466781264975896e-28	3.4578125803595047e-28	3.4400797692509595e-28	3.4355850392392564e-28	3.409389347881671e-28	3.405542479594572e-28	3.404858189915095e-28	3.3793588208649755e-28	3.375017232664381e-28	3.3672321941378467e-28	3.3461235380307164e-28	3.346026784449877e-28	3.3222150734369225e-28	3.321158527617884e-28	3.3108332740005335e-28	3.2960598052127197e-28	3.2908254945219617e-28	3.275181480306997e-28	3.2659395368252374e-28	3.2634812915837693e-28	3.2452719221398345e-28	3.2361859063800997e-28	3.2337478390050456e-28
Pi	X	0	0	4.943775939396544e-22	4.940413076776192e-22	4.930292982891122e-22	4.917022702245128e-22	4.911734106568654e-22	4.894425906222215e-22	4.890625239162316e-22	4.866501179938177e-22	4.862972850799914e-22	4.846506347439544e-22	4.83243325032589e-22	4.823112613166386e-22	4.8005385399284585e-22	4.796886323398707e-22	4.764961151202229e-22	4.760615119803149e-22	4.738749629740446e-22	4.724628081602139e-22	4.711149262983733e-22	4.684838675579924e-22	4.6725718127305235e-22	4.641663210423103e-22	4.637758726454418e-22	4.610901910898332e-22	4.598606369574033e-22	4.581543145431763e-22	4.553130983814513e-22	4.539340522009975e-22	4.507980691810096e-22	4.500842224860166e-22	4.472333956781811e-22	4.460731127744521e-22	4.441132324227458e-22	4.41240075029769e-22	4.393172256345525e-22	4.366134695991896e-22	4.357193739381896e-22	4.329088689341536e-22	4.318323611859671e-22	4.297501938624152e-22	4.2698744458688615e-22	4.24962976454541e-22	4.224599275991152e-22	4.2140509705408656e-22	4.188097029899687e-22	4.1727580816405595e-22	4.156625617620068e-22	4.1320526221060956e-22	4.1114114702062896e-22	4.089507327992692e-22	4.078659573387392e-22	4.0504101808455996e-22	4.0405623824238795e-22	4.02466799542471e-22	4.0044611439837988e-22	3.983609913279339e-22	3.9655400107826905e-22	3.953470145343757e-22	3.9312851313109673e-22	3.920856649431112e-22	3.9057032569960893e-22	3.8891250089440847e-22	3.8697490002399316e-22	3.855793300872851e-22	3.8426537591768244e-22	3.82733492639721e-22	3.816211919654832e-22	3.8022088510839315e-22	3.789061364534359e-22	3.7718069218428867e-22	3.761730101553749e-22	3.7458384241129445e-22	3.73998148667714e-22	3.727508765196234e-22	3.7154039109907565e-22	3.7046418212175874e-22	3.6899397912123676e-22	3.6830996510424085e-22	3.6667738836739736e-22	3.666301851162883e-22	3.6538827048606996e-22	3.644225753210199e-22	3.6345132182364257e-22	3.622658573354033e-22	3.617916776159005e-22	3.601903986302552e-22	3.60579879767337e-22	3.592725314824649e-22	3.5859711959012917e-22	3.575558183238069e-22	3.56668287071201e-22	3.5629109777652405e-22	3.547613990964174e-22	3.5534052418503538e-22	3.5398988394729705e-22	3.535376049772337e-22	3.523266808321402e-22	3.5172882950390625e-22	3.512579811489928e-22	3.49900718982503e-22	3.503829699510261e-22	3.486924980873798e-22	3.4880784274242857e-22	3.472472318993051e-22	3.469028329565281e-22	3.461865757959402e-22	3.4506838189815584e-22	3.451799795006105e-22	3.4368762780343474e-22	3.436500046917869e-22	3.4182895401460593e-22	3.4168747997240567e-22	3.4062734984204727e-22	3.3979168549924555e-22	3.393028924072039e-22	3.380873781354418e-22	3.377646876436523e-22	3.357239538954472e-22	3.357169841838907e-22	3.34264711074075e-22	3.3372952000622843e-22
Pi	X	1	1	4.142942995523561e-23	4.1424738239617334e-23	4.142145665562683e-23	4.144254834254343e-23	4.1459761407004156e-23	4.1483200483290295e-23	4.149477741646701e-23	4.1514328450619437e-23	4.153678548335073e-23	4.1534043155686986e-23	4.156641240766974e-23	4.1579008882672273e-23	4.1629664582153054e-23	4.163449939666384e-23	4.16343344391009e-23	4.1675580255869665e-23	4.1690745528915486e-23	4.1722392329081496e-23	4.1738587056384073e-23	4.1773575252399073e-23	4.180352561740046e-23	4.180485939396557e-23	4.1843976428935746e-23	4.185354832025592e-23	4.1904126909317445e-23	4.192426509637943e-23	4.1941761616386776e-23	4.197079320143703e-23	4.1990218878433455e-23	4.202581749162425e-23	4.203599863143179e-23	4.207931035798082e-23	4.210722714935432e-23	4.211740798269773e-23	4.2151971660370635e-23	4.2175280658992543e-23	4.2208197387258526e-23	4.2225469471786225e-23	4.2261120069701076e-23	4.2270028329112e-23	4.2293050316844856e-23	4.232374677845672e-23	4.233265200977856e-23	4.2387168325315953e-23	4.239941392609015e-23	4.241882635968862e-23	4.2443916577887996e-23	4.246401167962936e-23	4.249644006143544e-23	4.2513298180733075e-23	4.2546750619703834e-23	4.2561673682542896e-23	4.2577157592650546e-23	4.261543702408737e-23	4.262224738149826e-23	4.267516043610848e-23	4.2691907736169885e-23	4.2709979520179406e-23	4.275245378106955e-23	4.275939184763247e-23	4.280152494730685e-23	4.281797637567984e-23	4.286258957307324e-23	4.2894753462499863e-23	4.2898121474697017e-23	4.2958750109413935e-23	4.2962861078472684e-23	4.301834339450618e-23	4.3051313645773655e-23	4.3087228739984104e-23	4.3147090504043823e-23	4.3141101028313347e-23	4.321749858855433e-23	4.3221166223055665e-23	4.32740058134902e-23	4.3322705482705255e-23	4.3333005700364104e-23	4.344123397916779e-23	4.3427410152771665e-23	4.349621934605992e-23	4.352547671189915e-23	4.3579529412896715e-23	4.365548030883661e-23	4.3636981919628315e-23	4.3732862622604154e-23	4.373234717716432e-23	4.379850410329651e-23	4.384162833328325e-23	4.3865670505360524e-23	4.39788851921553e-23	4.39538662656694e-23	4.4027693342337045e-23	4.4047130741002627e-23	4.408734146502567e-23	4.417953863674043e-23	4.4151354835122326e-23	4.4240848304913177e-23	4.422631343718015e-23	4.4278812685980966e-23	4.4311124869531696e-23	4.433854858524476e-23	4.442930628102821e-23	4.439135945908468e-23	4.444886584867689e-23	4.444177987027877e-23	4.4474743676142366e-23	4.4493863572093147e-23	4.4506369685234945e-23	4.456057323352353e-23	4.4528340705855073e-23	4.4555261244036026e-23	4.455924362542002e-23	4.461678136799438e-23	4.462273205779381e-23	4.45867249773976e-23	4.461048415924322e-23	4.4573297017964517e-23	4.4593021893399927e-23	4.4567753709098753e-23	4.4590632957373316e-23	4.459719941958181e-23
Pi	X	6	5	1.5423689913244005e-28	1.5369494582632253e-28	1.5343176605667308e-28	1.5289530123936615e-28	1.5255913569228803e-28	1.524443365677931e-28	1.5177521422744535e-28	1.5139916235312443e-28	1.510473666778284e-28	1.5059052554365162e-28	1.5046218905770226e-28	1.5024722732581478e-28	1.4987352613050515e-28	1.499070072381063e-28	1.4928712261003565e-28	1.4912349518921646e-28	1.4897775801143517e-28	1.4888853209606775e-28	1.4865410715357978e-28	1.4858269960468572e-28	1.4834688861288543e-28	1.4841889862901486e-28	1.4810243579330014e-28	1.4805354849375029e-28	1.4813050859329073e-28	1.477447880320687e-28	1.4808364748918618e-28	1.4801529699430774e-28	1.479622336397284e-28	1.4815330219373286e-28	1.4790145440975824e-28	1.4810863595240857e-28	1.4803621321747833e-28	1.4806785296556404e-28	1.483872090046216e-28	1.485316222724561e-28	1.4843797336097118e-28	1.4864592415462004e-28	1.4881845826593705e-28	1.490388593415887e-28	1.4925290521533654e-28	1.4917429500693216e-28	1.4967592743564838e-28	1.4994405905357005e-28	1.4997432183232919e-28	1.502724319596549e-28	1.5052577137068364e-28	1.5091896057188324e-28	1.5119477506847435e-28	1.5117982655507573e-28	1.5173193054653976e-28	1.5221384280543204e-28	1.5229334808030659e-28	1.5265681655487806e-28	1.5312811826301827e-28	1.5347703285062338e-28	1.5381472820273736e-28	1.5387909495396752e-28	1.544123803284546e-28	1.5514947905774864e-28	1.5526305652218866e-28	1.5572760110291122e-28	1.5625239678141115e-28	1.5673350767006069e-28	1.570494619606658e-28	1.5732593304885922e-28	1.5793998282460365e-28	1.5874082500206946e-28	1.585626477838222e-28	1.592549190637518e-28	1.6005902019801181e-28	1.6059035449620602e-28	1.610387552364631e-28	1.6135723934650902e-28	1.6203643286244332e-28	1.6262010112343348e-28	1.628266451426235e-28	1.635420727692051e-28	1.6450003179949747e-28	1.648013962396801e-28	1.6560259607867257e-28	1.660597661626196e-28	1.6678922191839767e-28	1.674149375118406e-28	1.6778808292019436e-28	1.6850589734532567e-28	1.696566388964916e-28	1.7003777979798182e-28	1.7069301991128442e-28	1.7151941066905929e-28	1.7223705448293128e-28	1.7290135681409372e-28	1.7345324973672874e-28	1.7420141260938404e-28	1.755502226422703e-28	1.7599955507202493e-28	1.7676767464530534e-28	1.7762284928539856e-28	1.7842427548824384e-28	1.7917180605517752e-28	1.7980700350169208e-28	1.8061479003756077e-28	1.8205915326012036e-28	1.8271039853032433e-28	1.8342787145274588e-28	1.8441091865473234e-28	1.8522011451185825e-28	1.8601412668781236e-28	1.868162383623835e-28	1.8758290147457032e-28	1.8919832631129255e-28	1.892857626433864e-28	1.906110066924443e-28	1.9158951305745297e-28	1.9243185059007115e-28	1.933165952925874e-28	1.9400874290013315e-28	1.9497127050777506e-28	1.9640986238563764e-28	1.9656338708880133e-28	1.974266109735871e-28
Pi	X	2	2	1.700141013131272e-24	1.7022928431368206e-24	1.7056699052668405e-24	1.7079630056441954e-24	1.709176940128005e-24	1.7117020403936565e-24	1.712934730895742e-24	1.7163512404946643e-24	1.7172004214483846e-24	1.7192620412773555e-24	1.7206299123404748e-24	1.7208143889675923e-24	1.7238354951992758e-24	1.723488905395273e-24	1.7253657115438337e-24	1.7265132995201652e-24	1.7260886890117637e-24	1.7280623727967133e-24	1.7267407248069495e-24	1.7282584914456518e-24	1.7285173480356315e-24	1.7281407263603482e-24	1.7284671081012523e-24	1.7271583552492394e-24	1.7286002336563594e-24	1.7272005140229107e-24	1.727032203462733e-24	1.7265754189061094e-24	1.7248363265726507e-24	1.7260468606271014e-24	1.722814082585738e-24	1.7230719590501694e-24	1.7223917240860597e-24	1.720272733762289e-24	1.7208122434380487e-24	1.717320112903785e-24	1.7174431710248766e-24	1.7161645936612945e-24	1.7142614137503094e-24	1.713874851095917e-24	1.7103561201194805e-24	1.7101434620865664e-24	1.707401991409972e-24	1.706910705241197e-24	1.704626044309546e-24	1.702537530410998e-24	1.7020010406816156e-24	1.6990854639822012e-24	1.6987213388386593e-24	1.695825065076589e-24	1.6944655172292105e-24	1.693490217764313e-24	1.6899336039938506e-24	1.690315644716864e-24	1.6873844221185426e-24	1.6865127683937665e-24	1.6847428497887388e-24	1.682760106707004e-24	1.6816006595181038e-24	1.6795513071735852e-24	1.6790634212531855e-24	1.677144947093633e-24	1.6758290605193344e-24	1.6746592236585315e-24	1.672163870385458e-24	1.6725154302895704e-24	1.670652626387281e-24	1.6698783695120927e-24	1.6686673064962723e-24	1.666467624342522e-24	1.6669160433383966e-24	1.6643036431908483e-24	1.6649894146434033e-24	1.6638508895500354e-24	1.6620688402685826e-24	1.662439281338812e-24	1.6600194080473433e-24	1.6612764833022198e-24	1.6591418453304702e-24	1.6594521680518876e-24	1.6586983642326723e-24	1.656582541977109e-24	1.6582671347703803e-24	1.656041378590989e-24	1.6568456281375304e-24	1.6556044380265544e-24	1.6538362359208318e-24	1.655712443997894e-24	1.6534322930796537e-24	1.65449197753958e-24	1.653084591117481e-24	1.652172382802868e-24	1.6534235352160198e-24	1.6502110972690112e-24	1.652025302448121e-24	1.6505347881954121e-24	1.649883699015713e-24	1.6494032122963283e-24	1.6479033957684903e-24	1.6491825878673774e-24	1.6465567856715367e-24	1.6468338406659115e-24	1.646165685794371e-24	1.6448901471698032e-24	1.6456195190055007e-24	1.6432119111096891e-24	1.6435250303422477e-24	1.6427682416346326e-24	1.640929785221241e-24	1.6411792659780026e-24	1.638840367363655e-24	1.6386323890135381e-24	1.6372195778582981e-24	1.6360214422985764e-24	1.6359195445317073e-24	1.6333398603164157e-24	1.6327899493721866e-24	1.6315209034696257e-24	1.6303163904986622e-24	1.6287430562997703e-24	1.6267765860847346e-24
Pi	X	7	6	6.495845446618947e-30	6.508870815283858e-30	6.526784333407861e-30	6.560490956777826e-30	6.563800924988978e-30	6.58915612748136e-30	6.607838029372824e-30	6.613975167452042e-30	6.63554348325543e-30	6.653819357287879e-30	6.667070779688076e-30	6.692207230313253e-30	6.693447211599428e-30	6.711415779799879e-30	6.740779501448606e-30	6.735742584312292e-30	6.76004808995307e-30	6.776375427963717e-30	6.76989546142954e-30	6.791968596310636e-30	6.806908070706156e-30	6.813323240858837e-30	6.836131599739419e-30	6.827488871456605e-30	6.8429858921819e-30	6.87031848047268e-30	6.856517616483599e-30	6.8811539803499e-30	6.896941880370899e-30	6.882356632071229e-30	6.905104268645592e-30	6.919182156370927e-30	6.915685766094188e-30	6.935444964407853e-30	6.921462522518326e-30	6.938724209442601e-30	6.963080654055092e-30	6.94534371458342e-30	6.965163304625116e-30	6.981805990106371e-30	6.971017789179117e-30	6.984813198903098e-30	6.998176102408173e-30	6.992005543622178e-30	7.008179439548346e-30	6.991963901911739e-30	7.009073194160457e-30	7.027046090831851e-30	7.011670135248426e-30	7.03038730463525e-30	7.043117360905772e-30	7.032840437254788e-30	7.043819541145148e-30	7.053565508385283e-30	7.047664350159631e-30	7.05938037922598e-30	7.050886799185671e-30	7.063586388133134e-30	7.072299275540957e-30	7.062485717163321e-30	7.075085537638002e-30	7.080706214195765e-30	7.07767271024367e-30	7.086180645162692e-30	7.089290259150713e-30	7.087752593015722e-30	7.092935103297646e-30	7.088054595344108e-30	7.095924886900786e-30	7.094593281617377e-30	7.094016633386486e-30	7.098610166727959e-30	7.0999329139324e-30	7.099170427561555e-30	7.09479809627271e-30	7.100558824114162e-30	7.102843356128002e-30	7.095975988365966e-30	7.099901919313669e-30	7.096505792837403e-30	7.087339363532096e-30	7.097617272641385e-30	7.09203202767722e-30	7.086406141911407e-30	7.090585347062892e-30	7.07571259378006e-30	7.079945441834303e-30	7.085842342951949e-30	7.069153812435003e-30	7.077928854682903e-30	7.066549421210458e-30	7.051210808003654e-30	7.068548826593529e-30	7.055088484473144e-30	7.041560766015126e-30	7.051744066125418e-30	7.02725058542059e-30	7.034461241233918e-30	7.038404243042047e-30	7.007566397833562e-30	7.030177490599695e-30	7.009798148026146e-30	6.994659827146958e-30	7.012834827369381e-30	6.99536177980595e-30	6.980565037473726e-30	6.992971619661446e-30	6.96737781425379e-30	6.981468764003476e-30	6.976520758720867e-30	6.946838243315452e-30	6.969154168098227e-30	6.948657472198494e-30	6.935411107221346e-30	6.954803958706869e-30	6.93392792290885e-30	6.92781388386959e-30	6.934135153362014e-30	6.914141963400506e-30	6.93038274043184e-30	6.92163652338439e-30
Pi	X	3	3	7.258991249016823e-26	7.262021600615729e-26	7.290732888900458e-26	7.287723245838832e-26	7.294488310024517e-26	7.316149996564482e-26	7.317820382893337e-26	7.345097680361197e-26	7.341241145710072e-26	7.348095713291356e-26	7.36700707981136e-26	7.367864452749992e-26	7.391796602381069e-26	7.388575063938613e-26	7.39561588352893e-26	7.410653561621289e-26	7.411555694810289e-26	7.431452252155099e-26	7.428407918178145e-26	7.434644971309131e-26	7.446330832923562e-26	7.446335129171458e-26	7.462907980784456e-26	7.456249600063998e-26	7.465899027155908e-26	7.473615574943152e-26	7.472635725759764e-26	7.483572974233721e-26	7.480687792306089e-26	7.48644281628909e-26	7.492301366864587e-26	7.490551664004581e-26	7.499083501003817e-26	7.495906558783061e-26	7.500022042655351e-26	7.502218365057188e-26	7.500421323565332e-26	7.506156336621574e-26	7.502859490559711e-26	7.505293618373363e-26	7.504160997751408e-26	7.502049761340323e-26	7.505369377905609e-26	7.502427714842114e-26	7.502922210104394e-26	7.499016187722048e-26	7.496634669132364e-26	7.497718861557145e-26	7.494972160005642e-26	7.494100371398734e-26	7.487848510082455e-26	7.485407909365767e-26	7.484585994452111e-26	7.481912765902209e-26	7.480062026845445e-26	7.472068084197354e-26	7.469773411863425e-26	7.467453774436669e-26	7.465141398664577e-26	7.462443614737976e-26	7.454190540422169e-26	7.451309470101247e-26	7.447997449728754e-26	7.446087633227554e-26	7.442953872497185e-26	7.433831162445255e-26	7.431792561719735e-26	7.427847182542137e-26	7.426430036071837e-26	7.423373971827915e-26	7.413862757252217e-26	7.412948604929952e-26	7.408709601409894e-26	7.407921652147167e-26	7.405052200328131e-26	7.395808392912415e-26	7.396124223381957e-26	7.391783976910331e-26	7.392123421815631e-26	7.38946898502979e-26	7.381128578641036e-26	7.382536311377896e-26	7.378378071851997e-26	7.379687413806015e-26	7.377364004321109e-26	7.369179801044142e-26	7.372960133405885e-26	7.369411386212512e-26	7.37146705552747e-26	7.369550224720717e-26	7.363116239531569e-26	7.367569684432201e-26	7.366025414692056e-26	7.367625097817952e-26	7.367199038283636e-26	7.362727769463588e-26	7.366554480641154e-26	7.365139226808585e-26	7.367772091436907e-26	7.368502030604895e-26	7.365349975429566e-26	7.369753313899573e-26	7.36822752742883e-26	7.37031309826369e-26	7.373482987557594e-26	7.371290135145024e-26	7.375774161130126e-26	7.375292620807652e-26	7.377450896974982e-26	7.381067379479318e-26	7.379796545557827e-26	7.384390689626429e-26	7.383722567232624e-26	7.385778475347257e-26	7.390610234007529e-26	7.38999286511732e-26	7.394482817933352e-26	7.393782808219016e-26	7.396637382903943e-26	7.400385234474346e-26	7.40097633605137e-26
Pi	X	8	7	1.420861409966219e-29	1.420772587300162e-29	1.4214024183369787e-29	1.4225917570590174e-29	1.4234414932027256e-29	1.422732340123607e-29	1.4240763758168353e-29	1.424969780705234e-29	1.4245791544532537e-29	1.4251237656761317e-29	1.426208321867648e-29	1.4260683991277966e-29	1.4251811110195068e-29	1.4270679139560494e-29	1.426532301116608e-29	1.4258647572371797e-29	1.427190273121285e-29	1.4265671979097814e-29	1.4277097626624788e-29	1.4259821818410523e-29	1.4262613754544238e-29	1.4274302581731731e-29	1.424997055733376e-29	1.4254247912486672e-29	1.4267209800381252e-29	1.4245144435386345e-29	1.423231585232365e-29	1.4257581055932836e-29	1.423059881218316e-29	1.422014659901785e-29	1.4240272451023933e-29	1.4212950847549527e-29	1.4228373089152914e-29	1.4206055519329915e-29	1.4194559461167433e-29	1.420915453195572e-29	1.4174966113637241e-29	1.4171727018290766e-29	1.418712641192637e-29	1.4149462798672795e-29	1.4115317374689127e-29	1.4166062711765733e-29	1.412453381529925e-29	1.41335460548695e-29	1.4138800337339643e-29	1.4098783057043759e-29	1.4116553009742034e-29	1.409766087520853e-29	1.4073581699903257e-29	1.4090714202398955e-29	1.4049004680503282e-29	1.4045583439846962e-29	1.4063639466766815e-29	1.4018919165456832e-29	1.3992897382121026e-29	1.4036225214201276e-29	1.399216915149815e-29	1.4007484670012096e-29	1.4004838519815094e-29	1.3964250788168168e-29	1.3975294983331313e-29	1.396607723512213e-29	1.393578627294342e-29	1.394412143613545e-29	1.3905681444396147e-29	1.3904199026953105e-29	1.3909986725463512e-29	1.387164796117738e-29	1.3860816215397006e-29	1.3872981558125116e-29	1.3838150451116378e-29	1.382996836571954e-29	1.383184596269354e-29	1.3801104062074805e-29	1.378785704986922e-29	1.3787716873738856e-29	1.3760447082442377e-29	1.3740684181035725e-29	1.3713884229846386e-29	1.37168662569689e-29	1.3688742312229037e-29	1.3667176035978665e-29	1.3669670009093018e-29	1.3632633077470402e-29	1.361452904454764e-29	1.3568824574340585e-29	1.3573200851125584e-29	1.3557373001056962e-29	1.350828877808087e-29	1.3512179913823342e-29	1.34975870682139e-29	1.3439191602148585e-29	1.3429722903483182e-29	1.3437265061598506e-29	1.3367005660215947e-29	1.336721642038944e-29	1.3380333410602934e-29	1.3294611105149842e-29	1.3295802582349394e-29	1.3217447948982055e-29	1.3221916930037605e-29	1.3222290447908924e-29	1.314673155342662e-29	1.31506180045008e-29	1.3153725669205388e-29	1.306927210287409e-29	1.3077799979567974e-29	1.3087675736125806e-29	1.2993538166447464e-29	1.3014975660784495e-29	1.3025678169016514e-29	1.2926123315429493e-29	1.2945203916516322e-29	1.2860741840967467e-29	1.2861390413012262e-29	1.287873622733772e-29	1.279985751845754e-29	1.2818895046993695e-29	1.2822502405301109e-29	1.2740964518347689e-29	1.276876462998995e-29
Pi	X	4	4	1.6301365420677895e-28	1.640864396978031e-28	1.6489099797145353e-28	1.6535132536599777e-28	1.6657715944950463e-28	1.6697344546557058e-28	1.676969057933304e-28	1.6874290872544884e-28	1.693039410964295e-28	1.7031817809874982e-28	1.7083586681352968e-28	1.7123396111855057e-28	1.7263652358821436e-28	1.7285379138073417e-28	1.739335313636714e-28	1.7470678458861075e-28	1.7509364094022966e-28	1.763485346346705e-28	1.7665333774111633e-28	1.776994923530544e-28	1.7847217288373163e-28	1.7883381865932984e-28	1.801035956584831e-28	1.8036689237906664e-28	1.809994768191951e-28	1.8200648401722484e-28	1.8244965427304641e-28	1.8349067903812768e-28	1.8383865672185779e-28	1.842171687685289e-28	1.8551892395783793e-28	1.8560539753936973e-28	1.8663759948272607e-28	1.8726854730818872e-28	1.8761249193674445e-28	1.887930273697896e-28	1.8896975935685778e-28	1.8992707336456422e-28	1.9049136041878738e-28	1.9083453728273302e-28	1.9194457693774603e-28	1.9210143050655865e-28	1.9268710787546577e-28	1.9352805998711203e-28	1.938772537255782e-28	1.9476588251274327e-28	1.9504499533934999e-28	1.9528851733092009e-28	1.9637167514445506e-28	1.9646490906224277e-28	1.9731765968890356e-28	1.9779537410948592e-28	1.980290636918158e-28	1.9900156827013441e-28	1.9905773721682988e-28	1.9985952876299405e-28	2.0032802545538706e-28	2.0056572421768e-28	2.0140457297880701e-28	2.0147992963343227e-28	2.0192171643982945e-28	2.0253412069861365e-28	2.0279986582451632e-28	2.0348615863406945e-28	2.0371864353214513e-28	2.038109001447725e-28	2.045855017025906e-28	2.0462012670311766e-28	2.0521281062716482e-28	2.055672612560722e-28	2.0572249356534224e-28	2.0639903686120395e-28	2.0637079297028843e-28	2.0691377079286334e-28	2.0716532558752507e-28	2.0733581995224884e-28	2.078871110775198e-28	2.0791577571126496e-28	2.081929161606852e-28	2.084889239415831e-28	2.08695952733016e-28	2.0905336897021366e-28	2.0917285677957944e-28	2.092530709929484e-28	2.0962343871206065e-28	2.0969015811532674e-28	2.099141272338775e-28	2.101004515304751e-28	2.1016878275163545e-28	2.105093881492976e-28	2.1049649064992244e-28	2.1069139583037925e-28	2.1078348705458006e-28	2.1081539462172185e-28	2.110706870846725e-28	2.1102418086236634e-28	2.1111944747556293e-28	2.1117619894318013e-28	2.112558190846455e-28	2.1135831981801465e-28	2.1129361863455567e-28	2.1135127140293373e-28	2.112946771598175e-28	2.113709376049291e-28	2.113475051166348e-28	2.112902345395902e-28	2.112788337570361e-28	2.1125198838565685e-28	2.111960007143002e-28	2.1110455585643148e-28	2.1102122476634865e-28	2.1092812045662644e-28	2.1085962903135355e-28	2.1070673108143375e-28	2.1058370020230085e-28	2.104200448779917e-28	2.1029520290301563e-28	2.1021057167321922e-28	2.100390941729071e-28	2.0981668868971553e-28	2.09516288163435e-28
Pi	X	5	5	6.066494369200115e-31	6.091318907147993e-31	6.114879360712752e-31	6.127629810067081e-31	6.140208118536092e-31	6.164147618955545e-31	6.189870509913285e-31	6.200560186710086e-31	6.213749952173112e-31	6.239079757278102e-31	6.260794354615375e-31	6.271249494848709e-31	6.301262356787136e-31	6.3076569378941425e-31	6.3336503988540585e-31	6.342076456354215e-31	6.364490590918966e-31	6.376298344802463e-31	6.39538646114151e-31	6.423388084272582e-31	6.427821666188788e-31	6.437308385402909e-31	6.459290607843371e-31	6.478741027784961e-31	6.482067849356182e-31	6.496043101008644e-31	6.509320201508539e-31	6.530215730071639e-31	6.535704420733304e-31	6.542304767967749e-31	6.559853877624126e-31	6.567482411144275e-31	6.575538799405265e-31	6.584272558421703e-31	6.5930505405688e-31	6.605766780605294e-31	6.609925989680173e-31	6.617752426523314e-31	6.620798218602465e-31	6.624655528680828e-31	6.631705480868593e-31	6.634586944971334e-31	6.6331710073459615e-31	6.64026372217248e-31	6.651026360421337e-31	6.637768487367796e-31	6.640737765588351e-31	6.6319473041569455e-31	6.63583495816241e-31	6.631729390064349e-31	6.6256839165087466e-31	6.624913613434393e-31	6.609454912071354e-31	6.609808578715351e-31	6.608549724608567e-31	6.590331338652542e-31	6.587163459299352e-31	6.579887653152575e-31	6.564218928180987e-31	6.560826812157218e-31	6.534064754156491e-31	6.532587240669108e-31	6.5264088307372095e-31	6.499955947024248e-31	6.493561082096027e-31	6.48365106626333e-31	6.458006771709817e-31	6.452511503643254e-31	6.416445325386956e-31	6.414502417040716e-31	6.393708220370413e-31	6.37074145417741e-31	6.360945751387368e-31	6.319917810435782e-31	6.31632619214742e-31	6.311964915528829e-31	6.268426689987723e-31	6.2594219090999e-31	6.242704696249596e-31	6.215031941302625e-31	6.205811762986191e-31	6.15903276735157e-31	6.1553414938577605e-31	6.141273035129388e-31	6.104029056732203e-31	6.0950100751618e-31	6.077505450868542e-31	6.04231302742576e-31	6.039087069302318e-31	5.991448947345833e-31	5.984798721801848e-31	5.966081825751796e-31	5.935748342470164e-31	5.927534086892953e-31	5.879847270447428e-31	5.87517011031018e-31	5.8732654105345675e-31	5.826421177943468e-31	5.818649192455888e-31	5.803596069912616e-31	5.773833380924918e-31	5.766289280766767e-31	5.722322525308684e-31	5.715865821886147e-31	5.7147173389135196e-31	5.671919158983029e-31	5.664632274299163e-31	5.651565886547584e-31	5.61613704344739e-31	5.615974758655064e-31	5.576009065491403e-31	5.574235869078543e-31	5.556905965058359e-31	5.532110200271181e-31	5.523325046671602e-31	5.497068030835595e-31	5.4815565268704405e-31	5.477430511681196e-31	5.446868038385839e-31	5.431618125000791e-31	5.42752614152215e-31
Pi	X	0	1	5.461998322311319e-23	5.458282967942701e-23	5.447102026767495e-23	5.432440727882614e-23	5.426597777478573e-23	5.407475278867129e-23	5.403276193052627e-23	5.376623340950627e-23	5.372725187923382e-23	5.354532566632343e-23	5.338984330307807e-23	5.328686642812466e-23	5.303746299795534e-23	5.299711188856749e-23	5.2644394732671213e-23	5.2596378939999076e-23	5.235480332252027e-23	5.219878583476984e-23	5.2049867927242314e-23	5.1759182569427356e-23	5.1623654753852783e-23	5.1282168943280905e-23	5.123903078080645e-23	5.094230923510222e-23	5.080646638594314e-23	5.061794666778298e-23	5.030404249185975e-23	5.0151681250423896e-23	4.980521010392871e-23	4.97263417234107e-23	4.9411374517838837e-23	4.928318467009757e-23	4.906665100187988e-23	4.8749217686697113e-23	4.8536775230948026e-23	4.823805755298379e-23	4.813927455885021e-23	4.7828762282931855e-23	4.7709827853760334e-23	4.747978334821742e-23	4.717454801742743e-23	4.695087826875572e-23	4.6674334958397514e-23	4.655779338113167e-23	4.627104725836383e-23	4.610157823982135e-23	4.5923342210913203e-23	4.5651853461965173e-23	4.5423803326246616e-23	4.5181800459707495e-23	4.5061950161125225e-23	4.474984405058818e-23	4.4641041946285155e-23	4.44654363047082e-23	4.4242185551849494e-23	4.401181448328696e-23	4.381217311255441e-23	4.3678820629249945e-23	4.343371535371524e-23	4.3318497560955984e-23	4.3151078702620376e-23	4.296791747787469e-23	4.275384518457197e-23	4.259965847667836e-23	4.2454488062748785e-23	4.22852421106552e-23	4.216235097659557e-23	4.2007641321084823e-23	4.186238388477835e-23	4.1671751447629647e-23	4.156041954194215e-23	4.1384843372841906e-23	4.1320134459657016e-23	4.1182331442646884e-23	4.1048593795755926e-23	4.092969084510403e-23	4.0767258380788277e-23	4.0691686198448106e-23	4.051131437795016e-23	4.05060991641194e-23	4.0368888275816456e-23	4.026219576370419e-23	4.0154888717086035e-23	4.002391514998485e-23	3.997152609332595e-23	3.979461242057897e-23	3.98376432901805e-23	3.9693203321496214e-23	3.961858212071231e-23	3.950353621867512e-23	3.9405479385857874e-23	3.936380621758947e-23	3.919480126233335e-23	3.925878460732436e-23	3.9109561980297246e-23	3.905959311942003e-23	3.892580708398556e-23	3.885975512347612e-23	3.880773455675243e-23	3.865778111708127e-23	3.8711061854910895e-23	3.852429363035944e-23	3.853703809743085e-23	3.836461776002519e-23	3.832656816546965e-23	3.824743458371987e-23	3.8123894249773523e-23	3.813622460652515e-23	3.797134561018603e-23	3.796718988277626e-23	3.776599578689746e-23	3.775036611188353e-23	3.763324112721426e-23	3.7540915570461006e-23	3.748691352070931e-23	3.735262063374183e-23	3.7316970018585244e-23	3.709150512974311e-23	3.7090736011077825e-23	3.693028656102274e-23	3.6871158171848265e-23
Pi	X	6	6	1.5265826456989678e-29	1.521218592400015e-29	1.5186137274480085e-29	1.5133040094620648e-29	1.509976769132596e-29	1.5088405410959321e-29	1.50221781455579e-29	1.4984957528509607e-29	1.4950138488126316e-29	1.490492187386749e-29	1.4892219647101862e-29	1.4870943736348473e-29	1.48339560174968e-29	1.4837270142207004e-29	1.4775915918631155e-29	1.4759720672891831e-29	1.474529634527008e-29	1.473646515054959e-29	1.4713262607472354e-29	1.470619506356544e-29	1.4682855199990417e-29	1.4689982555858643e-29	1.4658660250049712e-29	1.4653821269071363e-29	1.4661439054687534e-29	1.46232615589236e-29	1.4656800635681618e-29	1.4650035580131616e-29	1.4644783405318133e-29	1.4663694839238996e-29	1.4638767631501258e-29	1.46592738492819e-29	1.465210574179992e-29	1.4655237240158204e-29	1.4686845665141924e-29	1.4701139205817313e-29	1.4691869990924763e-29	1.4712452026499784e-29	1.472952915501825e-29	1.4751343185715576e-29	1.477252885576792e-29	1.4764747923396108e-29	1.481439752186355e-29	1.4840936025604118e-29	1.48439312236603e-29	1.487343691183631e-29	1.489851143370519e-29	1.493742767168862e-29	1.4964726565092618e-29	1.4963246749155325e-29	1.5017891586527263e-29	1.5065589467077165e-29	1.5073458410997569e-29	1.510943293426313e-29	1.515608048490415e-29	1.5190614249719758e-29	1.5224037985373333e-29	1.5230408227250082e-29	1.528319076824768e-29	1.5356145750206274e-29	1.5367387082759315e-29	1.5413365659305072e-29	1.5465307466907686e-29	1.5512925738972563e-29	1.5544197214828536e-29	1.5571561313550099e-29	1.563233715492493e-29	1.5711601258523446e-29	1.5693965598862759e-29	1.5762483618695477e-29	1.5842070120841843e-29	1.5894659100007362e-29	1.593904013009742e-29	1.597056184734329e-29	1.6037785666782813e-29	1.6095554409095977e-29	1.6115996993955508e-29	1.618680705307067e-29	1.6281621580706528e-29	1.6311449630572507e-29	1.6390748510603874e-29	1.6435997298985072e-29	1.6508195606423217e-29	1.6570126182179974e-29	1.660705831005779e-29	1.667810444983552e-29	1.6792000338077569e-29	1.682972364654868e-29	1.689457657495704e-29	1.6976368965685567e-29	1.7047398424911993e-29	1.7113148077272194e-29	1.716777191789889e-29	1.724182231044018e-29	1.7375321573887925e-29	1.7419794774705146e-29	1.7495819627401418e-29	1.7580461355550689e-29	1.7659783168608375e-29	1.7733770474194385e-29	1.7796639867960815e-29	1.7876590786467e-29	1.8019548355596165e-29	1.8084005568948612e-29	1.8155018196695903e-29	1.825231606316842e-29	1.8332407026022522e-29	1.8410995210034422e-29	1.8490384489945726e-29	1.8566266135539973e-29	1.8726153904478965e-29	1.8734808220029602e-29	1.8865975524595697e-29	1.89628241640415e-29	1.9046195541466975e-29	1.9133763650175529e-29	1.9202269892666417e-29	1.9297536705410137e-29	1.9439923149031476e-29	1.9455118256245596e-29	1.954055698343444e-29
Pi	X	1	2	1.2451117271406227e-23	1.244970724943532e-23	1.2448720893087431e-23	1.2455059626514361e-23	1.2460232879097876e-23	1.2467277043377843e-23	1.24707563309372e-23	1.2476631900327638e-23	1.2483381156011615e-23	1.2482556836396569e-23	1.2492285003601116e-23	1.2496070708420568e-23	1.2511294535152803e-23	1.2512747506033093e-23	1.251269764011291e-23	1.2525093635509799e-23	1.2529651233067382e-23	1.2539162369524115e-23	1.2544029391907737e-23	1.255454456357053e-23	1.2563545659915204e-23	1.2563946315366192e-23	1.257570241007936e-23	1.2578578930898617e-23	1.259377984426239e-23	1.259983195523184e-23	1.2605090205085174e-23	1.2613815083267975e-23	1.2619653128948242e-23	1.2630351703801853e-23	1.2633411346016627e-23	1.2646428277745523e-23	1.2654818079472094e-23	1.2657877703004212e-23	1.2668265098402188e-23	1.2675270213164792e-23	1.2685162694474745e-23	1.2690353479922121e-23	1.2701067910416548e-23	1.2703744790656423e-23	1.2710663705203047e-23	1.2719888791431416e-23	1.2722565018403263e-23	1.2738948893707065e-23	1.2742629065245741e-23	1.2748463027569334e-23	1.2756003365140787e-23	1.2762042594865661e-23	1.2771788120190458e-23	1.2776854455546149e-23	1.2786907727110997e-23	1.2791392612263783e-23	1.2796045859497232e-23	1.2807550018424718e-23	1.2809596641906387e-23	1.2825498497217458e-23	1.2830531483716362e-23	1.2835962253857685e-23	1.284872732557358e-23	1.2850812120372415e-23	1.2863474453830931e-23	1.2868418464035246e-23	1.2881825925755606e-23	1.2891492091935446e-23	1.2892503825413076e-23	1.2910724987942913e-23	1.291196002533266e-23	1.2928634283197092e-23	1.2938542714973762e-23	1.2949336133070004e-23	1.2967326511592318e-23	1.2965525979883001e-23	1.2988486275101231e-23	1.2989587964165648e-23	1.3005468021423221e-23	1.3020103613076285e-23	1.3023198898376161e-23	1.3055725179444811e-23	1.3051570135617798e-23	1.3072249871618566e-23	1.3081042138978228e-23	1.3097286854302082e-23	1.3120112437429458e-23	1.3114552631081572e-23	1.3143368041392847e-23	1.3143212650844284e-23	1.3163095277832313e-23	1.3176055021919779e-23	1.3183280496211214e-23	1.3217305204090199e-23	1.3209785804689936e-23	1.323197329805641e-23	1.3237814496693818e-23	1.3249899296051033e-23	1.3277607458008046e-23	1.326913695795732e-23	1.3296032578390193e-23	1.3291664081360282e-23	1.330744173186586e-23	1.331715237279571e-23	1.332539425453543e-23	1.3352669645433437e-23	1.33412652052856e-23	1.3358547488140613e-23	1.3356417717955723e-23	1.3366324264158487e-23	1.3372070178524958e-23	1.337582873501281e-23	1.3392118399491997e-23	1.3382431285313654e-23	1.3390521339824726e-23	1.3391718139999079e-23	1.3409010200332996e-23	1.3410798429956373e-23	1.3399976755463896e-23	1.3407116885166084e-23	1.3395940704577172e-23	1.3401868250732743e-23	1.3394274213422287e-23	1.3401150175062408e-23	1.3403123497871045e-23
Pi	X	2	3	1.1030574575766294e-24	1.1044535691993083e-24	1.1066446233761913e-24	1.108132381720477e-24	1.1089199947997825e-24	1.110558280600046e-24	1.1113580525464097e-24	1.113574685148979e-24	1.1141256415886212e-24	1.1154632216213841e-24	1.1163507036401166e-24	1.116470393260047e-24	1.1184304949856479e-24	1.1182056219651133e-24	1.1194232809744336e-24	1.1201678502787685e-24	1.1198923516642872e-24	1.1211728933118456e-24	1.1203154020267693e-24	1.1213001273527366e-24	1.1214680669399635e-24	1.1212237016200697e-24	1.1214354558998688e-24	1.1205863248972357e-24	1.1215218310124037e-24	1.1206136769886531e-24	1.1205044703581516e-24	1.1202080881174553e-24	1.1190797605585242e-24	1.1198651415606706e-24	1.1177676957461165e-24	1.117935014651873e-24	1.1174936512839639e-24	1.1161188455391464e-24	1.1164688505218924e-24	1.1142031417456726e-24	1.114282956612487e-24	1.1134533959985279e-24	1.1122186222374537e-24	1.1119677796999517e-24	1.1096848161975658e-24	1.1095468059748536e-24	1.1077681172330834e-24	1.1074493451243654e-24	1.1059670329356899e-24	1.1046119894863143e-24	1.1042638873835802e-24	1.102372240673135e-24	1.1021359613002376e-24	1.1002568232199051e-24	1.0993747177919472e-24	1.0987419280905943e-24	1.0964343637859574e-24	1.0966822107986024e-24	1.0947804011114166e-24	1.0942148378620508e-24	1.0930664806667119e-24	1.0917800325239322e-24	1.091027772034541e-24	1.089698111335553e-24	1.0893815545184113e-24	1.0881368145428601e-24	1.0872830244649182e-24	1.0865240041299402e-24	1.0849049670761522e-24	1.085133064528689e-24	1.0839244295941387e-24	1.0834220674169327e-24	1.0826362956005303e-24	1.0812090971988794e-24	1.0815000102602754e-24	1.0798050328680289e-24	1.0802499652444176e-24	1.0795112430772052e-24	1.0783550216752668e-24	1.0785953344211865e-24	1.0770252784112557e-24	1.077840850657998e-24	1.0764558580390637e-24	1.0766571894315995e-24	1.0761680749720182e-24	1.0747953066951588e-24	1.0758882421706485e-24	1.0744441455566144e-24	1.0749659142774417e-24	1.0741605992616385e-24	1.0730133819406152e-24	1.0742306268931737e-24	1.0727512539781412e-24	1.0734387367746191e-24	1.0725256102326401e-24	1.0719337394145304e-24	1.072745468868111e-24	1.0706612331889153e-24	1.0718382513779808e-24	1.0708711993041515e-24	1.0704487313506508e-24	1.0701369847259834e-24	1.0691638804897731e-24	1.0699938057225001e-24	1.0682901871114065e-24	1.0684698929396112e-24	1.0680364041800322e-24	1.0672087955376139e-24	1.0676820158694945e-24	1.066119942637543e-24	1.0663230821705124e-24	1.0658320818031438e-24	1.0646392538475293e-24	1.0648011298322027e-24	1.063283616607606e-24	1.0631486900603846e-24	1.0622320489185073e-24	1.0614546933155841e-24	1.0613885826457203e-24	1.0597148596679488e-24	1.059358090668936e-24	1.0585347034915025e-24	1.057753232701393e-24	1.0567324446777904e-24	1.0554566030436813e-24
Pi	X	7	7	2.918060207027993e-30	2.9239114003237284e-30	2.9319584837184224e-30	2.9471000820852685e-30	2.948586961520021e-30	2.959976979750679e-30	2.9683691927527037e-30	2.9711260492612173e-30	2.980814945826628e-30	2.989024742459e-30	2.9949775463719653e-30	3.0062692938770554e-30	3.0068262559392976e-30	3.014898062468587e-30	3.0280887095561006e-30	3.0258260275457704e-30	3.0367445070112723e-30	3.044079026729064e-30	3.0411680648152702e-30	3.05108372007864e-30	3.057794738724465e-30	3.0606765535900552e-30	3.070922470950122e-30	3.0670399241841166e-30	3.074001515989522e-30	3.086279751783727e-30	3.0800801274449085e-30	3.0911472190327645e-30	3.0982393992333675e-30	3.0916873912062723e-30	3.1019060312677866e-30	3.1082300934250313e-30	3.1066594092758744e-30	3.1155355977172177e-30	3.1092543533673955e-30	3.117008621366363e-30	3.1279499316625963e-30	3.1199821413856116e-30	3.128885512594732e-30	3.1363616396012865e-30	3.131515390838373e-30	3.137712480349086e-30	3.14371532898429e-30	3.1409433645106795e-30	3.1482089628344214e-30	3.140924623352717e-30	3.1486104122498307e-30	3.1566841625817396e-30	3.1497769389579586e-30	3.158185024562426e-30	3.163903545595031e-30	3.15928698920949e-30	3.164218967643352e-30	3.168597035421693e-30	3.16594611905115e-30	3.171209108428338e-30	3.167393629543883e-30	3.173098455561515e-30	3.1770124796024926e-30	3.172604013654344e-30	3.178264064107582e-30	3.1807889677145245e-30	3.1794262252041635e-30	3.183248121473172e-30	3.1846449819768925e-30	3.183954267994821e-30	3.186282281867294e-30	3.1840898918911415e-30	3.1876253252902226e-30	3.1870271149316525e-30	3.186768065926311e-30	3.188831495601634e-30	3.1894257711888704e-30	3.1890831807239225e-30	3.1871190433943254e-30	3.189706863977264e-30	3.190733067159779e-30	3.187648090611045e-30	3.189411681399698e-30	3.187886097152479e-30	3.183768312421065e-30	3.1883853547685014e-30	3.1858762922702356e-30	3.183349053672716e-30	3.185226399656784e-30	3.17854523913796e-30	3.180446794688594e-30	3.183095683343666e-30	3.175598891061243e-30	3.17954077937872e-30	3.174428895313658e-30	3.167538506337605e-30	3.175327033655268e-30	3.169280415084666e-30	3.163203478071711e-30	3.1677779923489894e-30	3.156775004788612e-30	3.160014198693335e-30	3.161785414685226e-30	3.1479324749792648e-30	3.158089832847634e-30	3.148934933668772e-30	3.1421345961913505e-30	3.1502990506528433e-30	3.14244983908513e-30	3.135802869652476e-30	3.1413760944842383e-30	3.1298789094389837e-30	3.136208751937078e-30	3.1339860410740486e-30	3.1206520365464867e-30	3.1306767825793663e-30	3.121469254651849e-30	3.115518753327347e-30	3.124230366566043e-30	3.1148523982684256e-30	3.1121059020904986e-30	3.114945426512062e-30	3.1059641586941882e-30	3.113259790377263e-30	3.109330820809887e-30
Pi	X	3	4	8.014200566243784e-26	8.01754617683003e-26	8.049244464967373e-26	8.045921675906322e-26	8.053390618133489e-26	8.077305794046115e-26	8.079149953558079e-26	8.109264980522603e-26	8.10500730277141e-26	8.112574953381158e-26	8.133453770881035e-26	8.134400362136047e-26	8.160822318046268e-26	8.157265610794445e-26	8.165038817840354e-26	8.181641009312338e-26	8.182636957595044e-26	8.204603574823835e-26	8.201242503285482e-26	8.208128435302406e-26	8.221029980582588e-26	8.221034675953405e-26	8.239331732486515e-26	8.231980530076977e-26	8.242634034970327e-26	8.251153279155864e-26	8.250071500875815e-26	8.26214655625376e-26	8.258961165778998e-26	8.265314917711006e-26	8.271782870458213e-26	8.269851276925107e-26	8.279270626977623e-26	8.275763144894959e-26	8.280306703309367e-26	8.282731471010707e-26	8.280747382327598e-26	8.287079001447301e-26	8.283439259278516e-26	8.286126467037953e-26	8.28487600010312e-26	8.282544946844232e-26	8.286209881651751e-26	8.282962020730983e-26	8.283507950112918e-26	8.279195488918396e-26	8.276566115752543e-26	8.277763086507661e-26	8.274730395085889e-26	8.273767844183343e-26	8.26686535005796e-26	8.264170840060964e-26	8.26326330570875e-26	8.260311841305082e-26	8.258268509226134e-26	8.249442664000284e-26	8.246909146870907e-26	8.244347945662469e-26	8.241795007057635e-26	8.23881638278717e-26	8.229704579628064e-26	8.226523649342808e-26	8.222866821545435e-26	8.220758169850767e-26	8.217298124070393e-26	8.207226368288998e-26	8.204975427970741e-26	8.200619488946514e-26	8.199054721554518e-26	8.195680495707024e-26	8.185179634489426e-26	8.184170122355444e-26	8.179490144682544e-26	8.178619917460281e-26	8.175451840432943e-26	8.165246139230708e-26	8.165594626493034e-26	8.160802693182021e-26	8.161177211877227e-26	8.158246647620179e-26	8.149038228797313e-26	8.150592330099064e-26	8.146001247186738e-26	8.1474466533056e-26	8.144881367164433e-26	8.135845509518695e-26	8.140019157805568e-26	8.136100885934763e-26	8.13837036316362e-26	8.136253849872505e-26	8.129150414363381e-26	8.134067004803293e-26	8.132361887066404e-26	8.134128035441461e-26	8.133657358836743e-26	8.12872086666711e-26	8.132945421923964e-26	8.131382874951853e-26	8.134289507835098e-26	8.135095251175941e-26	8.13161529529014e-26	8.136476378790686e-26	8.134791940399131e-26	8.137094190570683e-26	8.140593870809323e-26	8.138172734121328e-26	8.143123166718161e-26	8.142591540943342e-26	8.144974069999207e-26	8.148966873096898e-26	8.147563521623319e-26	8.152635686667818e-26	8.151897952817246e-26	8.154167687133058e-26	8.159502097961423e-26	8.158820285797718e-26	8.163777425822545e-26	8.163004318147618e-26	8.166155951396319e-26	8.170293638185262e-26	8.170946197438011e-26
Pi	X	8	8	2.539677988688606e-29	2.5395191919428604e-29	2.5406449349051754e-29	2.542770749768294e-29	2.544289554647641e-29	2.543021959249854e-29	2.545424299011628e-29	2.5470211009321774e-29	2.5463228774191667e-29	2.5472962936925355e-29	2.549234801106276e-29	2.548984670206657e-29	2.547398673691147e-29	2.5507711313203564e-29	2.54981369521607e-29	2.548620484051423e-29	2.550989685758473e-29	2.549875979523537e-29	2.551918145839079e-29	2.54883019138831e-29	2.5493291985773815e-29	2.551418397415091e-29	2.5470692052004334e-29	2.5478337029295843e-29	2.5501505089093993e-29	2.5462064345675806e-29	2.543913388843272e-29	2.548429273597965e-29	2.5436063670031486e-29	2.5417380563938423e-29	2.545335323719368e-29	2.540451813016018e-29	2.543208313855764e-29	2.5392191852016147e-29	2.537164315103102e-29	2.539772995084035e-29	2.533662025096096e-29	2.5330830331483263e-29	2.5358355274470665e-29	2.529103373459048e-29	2.5230001116776282e-29	2.532070366781451e-29	2.524647364295505e-29	2.5262581569218066e-29	2.527197278160764e-29	2.520044478845923e-29	2.5232206489127227e-29	2.519843790167735e-29	2.5155397812067456e-29	2.5186020206295506e-29	2.5111467069385764e-29	2.5105351804995298e-29	2.513762494620205e-29	2.5057690588158616e-29	2.5011178313040694e-29	2.508862273246329e-29	2.5009875676325042e-29	2.5037250209687134e-29	2.5032520397953908e-29	2.4959972607930647e-29	2.4979712903884205e-29	2.4963236432810795e-29	2.490909330646428e-29	2.4923991439451247e-29	2.4855282408588333e-29	2.4852632776295196e-29	2.4862977327712048e-29	2.479444967237125e-29	2.4775088294194077e-29	2.4796832565360544e-29	2.4734574485496987e-29	2.4719949361535783e-29	2.4723305461023545e-29	2.466835615764354e-29	2.4644678299158101e-29	2.4644427196449245e-29	2.4595684325202786e-29	2.4560359779680058e-29	2.451245662609741e-29	2.4517786852448797e-29	2.4467517218516447e-29	2.4428969230922294e-29	2.443342652672512e-29	2.436722605850844e-29	2.433486637875729e-29	2.425317341022627e-29	2.4260995759456666e-29	2.4232704124280572e-29	2.4144970524124669e-29	2.4151925106937386e-29	2.412584145626726e-29	2.4021464535044698e-29	2.400453982944077e-29	2.401802097593721e-29	2.3892437862413026e-29	2.3892814679540263e-29	2.3916259847698097e-29	2.376303851743117e-29	2.3765168046769068e-29	2.3625115880919697e-29	2.3633103964292102e-29	2.363377090795258e-29	2.3498716430903595e-29	2.3505662610074738e-29	2.3511217418723987e-29	2.336026384887385e-29	2.3375506775015353e-29	2.3393159064555576e-29	2.3224895656520816e-29	2.326321384855162e-29	2.3282343250620022e-29	2.310439761356101e-29	2.3138502621947228e-29	2.2987533996921265e-29	2.2988693325579754e-29	2.3019697236697464e-29	2.287870864610696e-29	2.291273624189029e-29	2.2919184400685105e-29	2.2773442373486978e-29	2.2823132951918933e-29
Pi	X	4	5	7.196584838594779e-28	7.243945073758603e-28	7.279463812926848e-28	7.299785815696997e-28	7.353902782215065e-28	7.371397551150982e-28	7.403336121680857e-28	7.449513836361537e-28	7.474281760194423e-28	7.519057303362579e-28	7.541911598285261e-28	7.559486253786654e-28	7.621405137371021e-28	7.630996843362867e-28	7.678663984998629e-28	7.7128007921489e-28	7.729879261000763e-28	7.785279145806128e-28	7.7987352272653965e-28	7.844919788369918e-28	7.879031189279261e-28	7.894996673522091e-28	7.951053554291809e-28	7.962677203918791e-28	7.990604015594447e-28	8.03506020741635e-28	8.054624813909445e-28	8.100582920800249e-28	8.115944949526093e-28	8.132655021595982e-28	8.19012354432319e-28	8.193941209361714e-28	8.239509687584267e-28	8.267364080011236e-28	8.282548029589793e-28	8.334665158016246e-28	8.342467195281547e-28	8.384729678381257e-28	8.409641296460194e-28	8.42479128754963e-28	8.473796274857724e-28	8.480720662666658e-28	8.506576509984025e-28	8.543701840839349e-28	8.559117612974234e-28	8.598347934514718e-28	8.610669727141317e-28	8.621420415272336e-28	8.669238406726103e-28	8.673354302466837e-28	8.711000484198405e-28	8.732090111114668e-28	8.742406633778603e-28	8.785339760577356e-28	8.787819323968429e-28	8.82321579627813e-28	8.843898369381386e-28	8.854391763581036e-28	8.891424524009738e-28	8.894751049103112e-28	8.914254520309323e-28	8.941290186713092e-28	8.9530217538906e-28	8.98331946687269e-28	8.993582642417053e-28	8.997655504518914e-28	9.03185162717572e-28	9.033380093595507e-28	9.059545141799273e-28	9.075192835848133e-28	9.08204568933962e-28	9.111912861991288e-28	9.110665974109995e-28	9.134636522518061e-28	9.14574179818684e-28	9.153268350137776e-28	9.17760607061381e-28	9.178871334169571e-28	9.191106029844398e-28	9.204173921609183e-28	9.213313247207896e-28	9.229092081038632e-28	9.234366814792871e-28	9.237907851338238e-28	9.25425834398732e-28	9.25720356458797e-28	9.2670911789841e-28	9.275316473095137e-28	9.278333015362744e-28	9.293369481874208e-28	9.292799970635736e-28	9.301404285255965e-28	9.30546963245621e-28	9.306878258468186e-28	9.31814837438879e-28	9.316095189296983e-28	9.32030063684574e-28	9.322805994019179e-28	9.326320793171168e-28	9.33084576444574e-28	9.327989410247967e-28	9.330534180778841e-28	9.328035832318412e-28	9.331402145591665e-28	9.33036768716515e-28	9.327839189213754e-28	9.327335742656986e-28	9.326150642843614e-28	9.323678597959205e-28	9.31964167616154e-28	9.315962506827762e-28	9.311852257819794e-28	9.308828482778639e-28	9.30207837977432e-28	9.296646914752682e-28	9.289421788101098e-28	9.283910428051194e-28	9.280173909378892e-28	9.27260379022911e-28	9.262785114673332e-28	9.249523305485144e-28
Pi	X	5	6	6.415079150634253e-29	6.44132989404755e-29	6.466244039075999e-29	6.479726957223584e-29	6.493027958140436e-29	6.518342915455301e-29	6.545543627650191e-29	6.556847418699087e-29	6.570795069516736e-29	6.597580082398728e-29	6.620542382345564e-29	6.631598162616672e-29	6.663335463080838e-29	6.670097416709507e-29	6.697584165475252e-29	6.706494433439161e-29	6.730196376467207e-29	6.742682516379859e-29	6.762867437316272e-29	6.792477880372412e-29	6.797166131028338e-29	6.807197934322876e-29	6.830443050504755e-29	6.851011134505267e-29	6.854529065354294e-29	6.869307157203335e-29	6.88334723978698e-29	6.905443183553198e-29	6.911247252543578e-29	6.918226847977015e-29	6.936784093262391e-29	6.944851150929683e-29	6.953370264843151e-29	6.962605767069257e-29	6.971888135919518e-29	6.985334861282856e-29	6.989733014927037e-29	6.998009146545153e-29	7.001229897121221e-29	7.005308812236877e-29	7.012763774525343e-29	7.015810640341232e-29	7.014313367354404e-29	7.021813376054277e-29	7.033194538363284e-29	7.019174754649352e-29	7.022314473800046e-29	7.013019008128903e-29	7.017129772289624e-29	7.012788250114997e-29	7.006395315931231e-29	7.005580639572687e-29	6.989233700023502e-29	6.989607573771432e-29	6.988276245064452e-29	6.969010959370856e-29	6.965660868696725e-29	6.957966829857003e-29	6.94139789047428e-29	6.937810615794555e-29	6.90951082788869e-29	6.907948311080156e-29	6.901414676134284e-29	6.87344176120873e-29	6.86667917531039e-29	6.856199816764567e-29	6.829081872231171e-29	6.823270687135795e-29	6.785132097460316e-29	6.783077386491552e-29	6.761088202832305e-29	6.736801657842908e-29	6.726443081281994e-29	6.683057533413129e-29	6.679259491863838e-29	6.67464740272926e-29	6.628607410867704e-29	6.619085090355242e-29	6.601407132743459e-29	6.57214440576919e-29	6.562394192064195e-29	6.512927299407243e-29	6.509023789648405e-29	6.494146833829843e-29	6.454762764925621e-29	6.44522541475915e-29	6.426715005971708e-29	6.389500311254512e-29	6.386088937001536e-29	6.335713429436382e-29	6.328681060397868e-29	6.308888575708753e-29	6.276812085543113e-29	6.268125918557249e-29	6.217698893207992e-29	6.212753019828176e-29	6.210738697902202e-29	6.16120285576258e-29	6.152984258672173e-29	6.137066112318436e-29	6.105593372190869e-29	6.097615634127413e-29	6.051122718670267e-29	6.044294886647513e-29	6.043080446243873e-29	5.99782310130658e-29	5.990117564831098e-29	5.976300425285289e-29	5.938835807887601e-29	5.938664319248226e-29	5.89640212253612e-29	5.894527165817679e-29	5.876201512730728e-29	5.849981048195522e-29	5.840691241315381e-29	5.8129254195345e-29	5.796522844720938e-29	5.792159645333476e-29	5.759841247285526e-29	5.74371515914101e-29	5.739388134377975e-29
Pi	X	0	2	1.5306711284516822e-24	1.52962994133902e-24	1.526496584875696e-24	1.5223879050435159e-24	1.5207504796889733e-24	1.5153915889333097e-24	1.5142148303500794e-24	1.5067456219645766e-24	1.50565321111606e-24	1.5005548945632214e-24	1.4961976691308708e-24	1.4933118343976145e-24	1.4863225543990623e-24	1.4851917371197528e-24	1.4753071734067166e-24	1.4739615833186885e-24	1.467191646640902e-24	1.4628194300927684e-24	1.4586461288471886e-24	1.4504999619867441e-24	1.4467019085676936e-24	1.4371320935889074e-24	1.435923173583885e-24	1.4276078084544339e-24	1.423800981029124e-24	1.4185178640809405e-24	1.4097210085848515e-24	1.405451204459376e-24	1.3957416783918453e-24	1.3935314415403607e-24	1.3847047589162909e-24	1.3811123919502211e-24	1.3750442032489065e-24	1.3661484411572837e-24	1.3601949030398697e-24	1.3518236216680168e-24	1.3490552887108887e-24	1.3403534535971554e-24	1.3370204529393183e-24	1.3305736276657363e-24	1.3220196972246887e-24	1.315751518714529e-24	1.308001645284069e-24	1.3047356389356485e-24	1.2966998327508358e-24	1.2919506078824655e-24	1.2869556942718443e-24	1.2793474721075267e-24	1.2729565349228387e-24	1.2661746186651453e-24	1.262815878518162e-24	1.2540694046630655e-24	1.2510202926783871e-24	1.2460990947960505e-24	1.2398426895692032e-24	1.2333867125316299e-24	1.227791933169021e-24	1.2240548069952063e-24	1.2171859706733187e-24	1.2139570604530599e-24	1.2092652922014465e-24	1.2041323527186004e-24	1.1981331381978674e-24	1.1938121806775336e-24	1.1897438716896308e-24	1.1850009228691912e-24	1.1815569727412485e-24	1.177221372105722e-24	1.1731506470747003e-24	1.1678083204935018e-24	1.1646883279122111e-24	1.159767942036866e-24	1.1579545352972245e-24	1.1540926967263173e-24	1.1503448188234911e-24	1.147012654314096e-24	1.1424606139271248e-24	1.1403427562325135e-24	1.1352879852206133e-24	1.1351418313194026e-24	1.1312965931162264e-24	1.1283066326226794e-24	1.1252994372674601e-24	1.1216290112290022e-24	1.1201608421372566e-24	1.1152029913103699e-24	1.1164088916791439e-24	1.1123610710902112e-24	1.1102698817185002e-24	1.1070458181258981e-24	1.104297862487493e-24	1.1031300004422117e-24	1.0983937944202256e-24	1.1001868723989093e-24	1.0960050326615327e-24	1.0946047037072408e-24	1.0908554722522594e-24	1.0890044324707091e-24	1.0875466029645028e-24	1.0833443067750413e-24	1.0848374628762456e-24	1.0796034384680032e-24	1.079960617300255e-24	1.0751286945161723e-24	1.0740624041856648e-24	1.0718447687801527e-24	1.0683826824983727e-24	1.0687282524725539e-24	1.0641076656931029e-24	1.0639912344305848e-24	1.0583529626287791e-24	1.057914977613667e-24	1.0546326850733657e-24	1.0520453698345168e-24	1.050532044083954e-24	1.0467686169207537e-24	1.0457695730384978e-24	1.0394511453015966e-24	1.0394296189040522e-24	1.0349332130159132e-24	1.0332762211470942e-24
Pi	X	6	7	2.651640791440614e-29	2.642323566566548e-29	2.6377989653977693e-29	2.6285761423821795e-29	2.6227968135822027e-29	2.6208232350548347e-29	2.6093197243889034e-29	2.602854524257982e-29	2.596806618140338e-29	2.588952575247052e-29	2.5867462387156884e-29	2.583050705096517e-29	2.5766260027217845e-29	2.57720171135653e-29	2.5665445754524874e-29	2.5637315005596366e-29	2.5612260682783963e-29	2.559692122535971e-29	2.5556618940004197e-29	2.5544343001186705e-29	2.550380194403239e-29	2.5516182112465854e-29	2.546177608706982e-29	2.545337034837971e-29	2.5466603288110706e-29	2.540028938369188e-29	2.54585459513817e-29	2.544679526471936e-29	2.54376720723945e-29	2.5470521080226617e-29	2.542722269457759e-29	2.5462841764250456e-29	2.545039099274268e-29	2.5455830164987024e-29	2.551073272784452e-29	2.5535560338734627e-29	2.551945959035691e-29	2.555520976002493e-29	2.5584872932311453e-29	2.562276251232473e-29	2.5659561859109183e-29	2.564604586222868e-29	2.5732285729885085e-29	2.57783821207991e-29	2.578358451878929e-29	2.583483487575104e-29	2.5878388545432665e-29	2.5945984742691034e-29	2.599340184951756e-29	2.599083095039073e-29	2.608574695833904e-29	2.6168596948345953e-29	2.6182264744764185e-29	2.624475113332805e-29	2.632577647285437e-29	2.6385759801974975e-29	2.6443815798105126e-29	2.645487974298474e-29	2.6546561547352604e-29	2.667328190587939e-29	2.6692807547680455e-29	2.677267056460024e-29	2.6862891192413565e-29	2.6945602362872015e-29	2.6999919177276677e-29	2.704744994927314e-29	2.715301505813688e-29	2.72906942588616e-29	2.7260060937128053e-29	2.737907420600384e-29	2.7517313106152106e-29	2.760865786049572e-29	2.7685746557117205e-29	2.774049775464227e-29	2.7857263379661426e-29	2.7957605142327346e-29	2.7993112693591465e-29	2.8116107380452214e-29	2.828079649346843e-29	2.8332607270514486e-29	2.847034571966099e-29	2.8548941321320084e-29	2.8674346981774237e-29	2.878191801119983e-29	2.8846067396055323e-29	2.896947185983801e-29	2.916730566723525e-29	2.9232828971752306e-29	2.934547628564948e-29	2.9487546283548663e-29	2.961092215582163e-29	2.972512664666144e-29	2.9820005987187015e-29	2.9948629644950164e-29	3.0180512700904606e-29	3.025776141324003e-29	3.0389813210237234e-29	3.053683320584835e-29	3.067461246973323e-29	3.080312561223489e-29	3.0912327974492327e-29	3.1051199205081285e-29	3.129951259189796e-29	3.141147196434243e-29	3.1534818754301943e-29	3.170382174347867e-29	3.18429372575299e-29	3.1979442567651214e-29	3.2117338317073547e-29	3.2249143126485803e-29	3.2526862272209584e-29	3.25418949537167e-29	3.276972841193177e-29	3.2937951491575033e-29	3.308276532598062e-29	3.3234867712070976e-29	3.335386138387822e-29	3.351933629813083e-29	3.3766657841541286e-29	3.3793050987418757e-29	3.394145593406298e-29
Pi	X	1	3	3.060552575665742e-24	3.0602059889888288e-24	3.0599635067318906e-24	3.0615215704946617e-24	3.0627932034257825e-24	3.064524653084587e-24	3.0653798755346406e-24	3.066824054336372e-24	3.068483075179535e-24	3.0682804144601503e-24	3.0706716451323388e-24	3.071602188255765e-24	3.075344252395671e-24	3.0757013809370195e-24	3.0756890472490276e-24	3.078736066601921e-24	3.0798563112836245e-24	3.082194219236788e-24	3.0833905313753588e-24	3.085975188937196e-24	3.0881876743712472e-24	3.088286106280763e-24	3.0911758027032616e-24	3.0918828155646918e-24	3.0956193162951353e-24	3.09710691101001e-24	3.0983993861832094e-24	3.1005439520046708e-24	3.1019789470224536e-24	3.1046086728215086e-24	3.1053607029488927e-24	3.1085603655338716e-24	3.110622557561023e-24	3.111374602438703e-24	3.1139278012141988e-24	3.1156496638176433e-24	3.1180812249631746e-24	3.1193571135868636e-24	3.1219907979761614e-24	3.1226486869873147e-24	3.124349376244017e-24	3.1266168562590653e-24	3.127274652344061e-24	3.1313018065885097e-24	3.1322063873886938e-24	3.1336403515018747e-24	3.135493748096378e-24	3.1369781943222562e-24	3.1393735830075613e-24	3.1406188711556667e-24	3.143089899793169e-24	3.1441922926982047e-24	3.1453360188569537e-24	3.1481637343159366e-24	3.1486667666553993e-24	3.1525753905485876e-24	3.1538124699135704e-24	3.155147254459529e-24	3.158284963753764e-24	3.15879732345131e-24	3.161909724756237e-24	3.1631249186101623e-24	3.1664204145189734e-24	3.1687963307668644e-24	3.1690448933658662e-24	3.1735237427034007e-24	3.173827199141809e-24	3.1779257475280043e-24	3.180361193757338e-24	3.183014161062857e-24	3.1874362006957632e-24	3.1869934972085943e-24	3.19263724375051e-24	3.192907893607066e-24	3.1968112333743495e-24	3.200408607669314e-24	3.2011693610354375e-24	3.2091643858236977e-24	3.2081429324685724e-24	3.213226113874597e-24	3.21538712141448e-24	3.2193801151624054e-24	3.224990624253971e-24	3.2236239045231733e-24	3.2307067888202514e-24	3.2306684666208277e-24	3.2355557137550056e-24	3.2387410985849194e-24	3.24051713020106e-24	3.248880429532624e-24	3.2470320511735063e-24	3.252485766640581e-24	3.2539214392319814e-24	3.2568919355624806e-24	3.263702597556367e-24	3.261620450468326e-24	3.2682313915370904e-24	3.267157533902157e-24	3.2710356696078175e-24	3.2734224934195273e-24	3.2754483965018414e-24	3.2821526404713208e-24	3.2793493724140403e-24	3.2835973013129527e-24	3.2830737488313738e-24	3.2855087451463515e-24	3.2869210325295904e-24	3.2878449047710958e-24	3.2918488455236677e-24	3.2894676959455965e-24	3.2914561201343867e-24	3.2917502852137346e-24	3.2960007109204872e-24	3.2964402204464396e-24	3.293780146582707e-24	3.2955351222398917e-24	3.292787947576533e-24	3.2942448316393105e-24	3.292378178935244e-24	3.294068295829531e-24	3.2945533102230263e-24
Pi	X	7	8	5.2150636187652725e-31	5.225520576619789e-31	5.23990203219376e-31	5.266962471274053e-31	5.269619730927891e-31	5.289975544362759e-31	5.304973721326268e-31	5.309900561402647e-31	5.327216226099322e-31	5.341888354545718e-31	5.352527028322472e-31	5.372707209462855e-31	5.37370247584064e-31	5.388128103464722e-31	5.411701797237233e-31	5.407658002985379e-31	5.427171108001366e-31	5.440279052899971e-31	5.435076608285675e-31	5.452797498418776e-31	5.464791054439647e-31	5.469941333044328e-31	5.488252428534786e-31	5.4813135407064955e-31	5.493755128959743e-31	5.515698216142687e-31	5.504618431721437e-31	5.524397101169489e-31	5.537071918795262e-31	5.525362321424323e-31	5.543624668459418e-31	5.554926831422335e-31	5.552119682945628e-31	5.567982868473381e-31	5.556757116187615e-31	5.570615261219999e-31	5.590169069061968e-31	5.575929267079731e-31	5.591841135708971e-31	5.605202055016674e-31	5.596541035089486e-31	5.607616126843652e-31	5.6183441722270425e-31	5.61339014985475e-31	5.626374935573985e-31	5.613356589289553e-31	5.627092311422557e-31	5.641521411737503e-31	5.629176956623162e-31	5.644203557705687e-31	5.654423384553453e-31	5.646172895478745e-31	5.65498707564303e-31	5.66281139801395e-31	5.658073762916133e-31	5.6674794572799434e-31	5.660660560742791e-31	5.670855895983739e-31	5.677850963040184e-31	5.669972247020408e-31	5.6800876421412675e-31	5.684600042595627e-31	5.682164528601306e-31	5.6889948343786035e-31	5.691491184540346e-31	5.690256830941482e-31	5.694417247137941e-31	5.690499134105703e-31	5.696817442206411e-31	5.695748287349145e-31	5.695285309078265e-31	5.698972860645056e-31	5.700035068719139e-31	5.699422673918551e-31	5.695912428728674e-31	5.7005372785523775e-31	5.70237117412312e-31	5.696857762116264e-31	5.700009568516193e-31	5.697283135245398e-31	5.689923873613641e-31	5.698175314241253e-31	5.6936910796903675e-31	5.689174515978708e-31	5.692529582657973e-31	5.68058916875335e-31	5.683987717208612e-31	5.688721507063544e-31	5.675323519560752e-31	5.6823682755734715e-31	5.673232439882254e-31	5.660918185744131e-31	5.674837499678726e-31	5.664031232733024e-31	5.653170682447528e-31	5.661346064787513e-31	5.641681802866767e-31	5.647470838091285e-31	5.6506361887902e-31	5.625878698709801e-31	5.644031631549839e-31	5.6276700938749885e-31	5.615516923305915e-31	5.630107964529241e-31	5.616080146581284e-31	5.604200925195675e-31	5.614161111457713e-31	5.593613807973359e-31	5.604926133675201e-31	5.600953832562919e-31	5.577123648837279e-31	5.595039550134429e-31	5.57858412619582e-31	5.567949626446072e-31	5.583518678706525e-31	5.566758584898305e-31	5.5618502293637e-31	5.566924719713313e-31	5.550873805383853e-31	5.563912244773499e-31	5.5568905189829995e-31
Pi	X	2	4	1.7679868431253553e-25	1.7702245332953352e-25	1.7737363751388975e-25	1.7761209399998613e-25	1.7773833447653478e-25	1.7800091847034443e-25	1.7812910603766167e-25	1.7848438732463796e-25	1.785726957759655e-25	1.7878708281487585e-25	1.7892932936917568e-25	1.7894851338273874e-25	1.7926267916753372e-25	1.7922663564331614e-25	1.7942179938884794e-25	1.7954114114109093e-25	1.7949698237282945e-25	1.7970222981954095e-25	1.7956479037656118e-25	1.7972262151397461e-25	1.797495376803945e-25	1.7971036862521577e-25	1.797443081481289e-25	1.7960820764094876e-25	1.7975815288033433e-25	1.7961259153471446e-25	1.7959508677456712e-25	1.795475792187839e-25	1.7936673051246018e-25	1.794926087770787e-25	1.791564275645621e-25	1.7918324686943617e-25	1.7911250067061336e-25	1.788921464647035e-25	1.789482401640683e-25	1.7858509067369944e-25	1.7859787902631412e-25	1.7846491396829418e-25	1.782670064816143e-25	1.782267945239904e-25	1.7786088007906394e-25	1.7783875336057746e-25	1.7755366187672972e-25	1.775025647818256e-25	1.772649761493529e-25	1.7704778757616545e-25	1.7699198914904086e-25	1.7668879314976688e-25	1.766509163536284e-25	1.7634972263074499e-25	1.7620833378659253e-25	1.761069078255946e-25	1.7573704650851847e-25	1.7577676772257752e-25	1.7547194075322652e-25	1.753812865693838e-25	1.7519722243236355e-25	1.7499102333225596e-25	1.7487044936848486e-25	1.7465732478359419e-25	1.7460658434056294e-25	1.7440707201677669e-25	1.7427021946639741e-25	1.7414855876129917e-25	1.7388905115161985e-25	1.7392561145754167e-25	1.7373188365722758e-25	1.7365136103974342e-25	1.735254119363242e-25	1.7329665340227987e-25	1.733432771972455e-25	1.730715978409614e-25	1.7314291210812562e-25	1.7302450187535112e-25	1.72839178329438e-25	1.7287769050567208e-25	1.7262603521853037e-25	1.7275675171830144e-25	1.7253475879314807e-25	1.7256702708598426e-25	1.7248862398159687e-25	1.7226859324574024e-25	1.7244376367762306e-25	1.7221229990905192e-25	1.72295923927068e-25	1.7216684300784095e-25	1.719829660818733e-25	1.721780589814804e-25	1.71940943723388e-25	1.720511262519549e-25	1.7190476820458514e-25	1.718098981845917e-25	1.7193999875362687e-25	1.7160593717813415e-25	1.7179458266979923e-25	1.7163958280106903e-25	1.7157186267851035e-25	1.7152189486262936e-25	1.713659220551605e-25	1.7149893966234583e-25	1.7122588459672834e-25	1.7125467961333713e-25	1.7118520193170766e-25	1.7105254636712284e-25	1.7112839462235577e-25	1.7087802311436355e-25	1.7091058014169305e-25	1.7083188349137794e-25	1.706406910062058e-25	1.7066663864713867e-25	1.7042340600339885e-25	1.7040178171273404e-25	1.7025486120172785e-25	1.7013026601816e-25	1.7011966992705358e-25	1.6985140209612378e-25	1.6979422156422144e-25	1.6966224416177787e-25	1.6953699326725632e-25	1.6937338021184451e-25	1.6916888949898357e-25
Pi	X	3	5	4.581106470079186e-26	4.5830188927958173e-26	4.601138347591005e-26	4.5992389448347255e-26	4.6035084028664685e-26	4.617178794423444e-26	4.6182329534154296e-26	4.635447329092075e-26	4.633013590108854e-26	4.6373394069171454e-26	4.6492742046395525e-26	4.6498153102779647e-26	4.664918699492021e-26	4.662885597212389e-26	4.6673288704155424e-26	4.6768190918437106e-26	4.677388374452495e-26	4.689945052592985e-26	4.6880237774307465e-26	4.6919599326555756e-26	4.699334707440695e-26	4.699337362168657e-26	4.7097963935459534e-26	4.7055942122327135e-26	4.711684113124616e-26	4.716553843487931e-26	4.7159354809333597e-26	4.722837819009887e-26	4.7210169496796277e-26	4.724648897152893e-26	4.728346065536631e-26	4.7272420093820024e-26	4.732626258952392e-26	4.7306212883728804e-26	4.733218437960709e-26	4.7346044587387667e-26	4.733470253564174e-26	4.737089524945486e-26	4.735009023696748e-26	4.7365449965436846e-26	4.735830193372798e-26	4.734497605205263e-26	4.7365925396535215e-26	4.73473589156541e-26	4.73504795032416e-26	4.732582805878138e-26	4.731079741032828e-26	4.7317639464110235e-26	4.730030248208112e-26	4.7294799926290914e-26	4.7255342396870786e-26	4.723993997381778e-26	4.723475162504981e-26	4.721787962871905e-26	4.720619917683847e-26	4.7155747149785015e-26	4.71412642811138e-26	4.712662241976922e-26	4.711202929022355e-26	4.709500173716651e-26	4.704291592149855e-26	4.702473223958115e-26	4.7003827527915013e-26	4.699177310741339e-26	4.6971993105429236e-26	4.6914420940224385e-26	4.6901552516367156e-26	4.687665238069399e-26	4.6867706674484024e-26	4.6848417484555433e-26	4.6788391339908354e-26	4.6782619180377873e-26	4.675586758077638e-26	4.675089131304093e-26	4.6732781262310026e-26	4.667444190881167e-26	4.66764327123115e-26	4.6649040049745394e-26	4.6651179411748017e-26	4.663442782308276e-26	4.6581788520328054e-26	4.659067158763306e-26	4.6564426470028286e-26	4.6572687793953814e-26	4.6558023068632644e-26	4.6506370820817597e-26	4.65302284943287e-26	4.6507828764098617e-26	4.65208012694615e-26	4.650870119157343e-26	4.6468095830096255e-26	4.649619911666622e-26	4.64864511258284e-26	4.649654707834111e-26	4.6493854801715446e-26	4.6465636385943913e-26	4.648978323984955e-26	4.6480851026284815e-26	4.649746511506378e-26	4.65020700963384e-26	4.648217804226158e-26	4.6509962891346e-26	4.650033477842972e-26	4.651349315755262e-26	4.6533498173543935e-26	4.6519657498736177e-26	4.654795472105325e-26	4.654491590154504e-26	4.6558533231526823e-26	4.658135746450026e-26	4.657333372431099e-26	4.660232776364483e-26	4.659811008207176e-26	4.6611084016918577e-26	4.664157656668835e-26	4.6637677861301925e-26	4.666601442748405e-26	4.6661593507361954e-26	4.6679609446245763e-26	4.6703260934886355e-26	4.6706990878028417e-26
Pi	X	4	6	1.5465765001320074e-28	1.5567543768937272e-28	1.564387458173025e-28	1.56875471241915e-28	1.5803846567102417e-28	1.5841443285719968e-28	1.5910080332962952e-28	1.6009317473800359e-28	1.6062544685848484e-28	1.615876896968585e-28	1.620788341007627e-28	1.6245651937117367e-28	1.637871772065272e-28	1.6399330602297606e-28	1.6501768660836563e-28	1.6575129864956894e-28	1.6611831919851777e-28	1.6730888454308674e-28	1.6759805909802988e-28	1.6859058110628795e-28	1.6932364430708958e-28	1.6966674611423442e-28	1.7087142921286875e-28	1.7112122301610713e-28	1.7172138257384432e-28	1.7267675834816084e-28	1.7309720797947411e-28	1.7408486370948677e-28	1.7441499588284897e-28	1.7477409897506995e-28	1.760091164705353e-28	1.7609116212222575e-28	1.7707044164904183e-28	1.776690410217282e-28	1.779953454754529e-28	1.791153617832702e-28	1.7928302687760364e-28	1.8019126130128635e-28	1.8072662168710867e-28	1.810521948837093e-28	1.82105331004537e-28	1.8225413332445545e-28	1.8280978347769504e-28	1.8360761582130613e-28	1.839389043041439e-28	1.8478197845833384e-28	1.8504677351030316e-28	1.8527780783354665e-28	1.8630542937749584e-28	1.8639387908338495e-28	1.8720290427794629e-28	1.876561271208863e-28	1.8787782890177808e-28	1.8880047628725555e-28	1.8885376005101708e-28	1.8961443775487245e-28	1.9005891012501287e-28	1.9028441012776152e-28	1.9108025970687679e-28	1.9115174225341588e-28	1.9157087667723486e-28	1.9215187941654188e-28	1.924039884309651e-28	1.930550957581278e-28	1.9327564730618996e-28	1.9336317477684386e-28	1.9409805669647964e-28	1.9413090113211582e-28	1.946931934096102e-28	1.9502946242090727e-28	1.9517672835317843e-28	1.9581858024807957e-28	1.9579178407318382e-28	1.9630691289571836e-28	1.9654556658569062e-28	1.967073087941113e-28	1.9723033207682783e-28	1.9725751856072617e-28	1.9752044135076923e-28	1.978012758231438e-28	1.979976745316631e-28	1.9833676679471484e-28	1.9845011589627523e-28	1.9852620986618274e-28	1.988775847350264e-28	1.9894087301054629e-28	1.9915336250344815e-28	1.9933011857796064e-28	1.9939494338461065e-28	1.9971807685030228e-28	1.9970583495810228e-28	1.998907409404018e-28	1.9997810198440125e-28	2.0000837391877713e-28	2.0025056623849763e-28	2.0020644083263768e-28	2.0029681075413718e-28	2.0035065061836286e-28	2.0042618048575924e-28	2.0052342075670068e-28	2.0046203689711823e-28	2.0051671507976422e-28	2.0046302739866642e-28	2.0053536243427303e-28	2.0051313191619556e-28	2.004587895852424e-28	2.0044796719545877e-28	2.0042249996757618e-28	2.0036936659986547e-28	2.0028261389462242e-28	2.00203539119748e-28	2.0011520903098535e-28	2.0005022509017879e-28	1.9990516027339634e-28	1.9978843568084256e-28	1.99633159716758e-28	1.995147195234109e-28	1.9943441339736122e-28	1.9927173111189173e-28	1.9906072103909078e-28	1.9877571942266014e-28
Pi	X	5	7	7.906003365372334e-29	7.938354724595689e-29	7.96905900716465e-29	7.985675243335776e-29	8.00206743458052e-29	8.033265662372241e-29	8.06678776646142e-29	8.08071850359999e-29	8.097907708908146e-29	8.130917466372524e-29	8.159216376075421e-29	8.172841465599188e-29	8.211954651950627e-29	8.220288061846107e-29	8.254162573876531e-29	8.265143728704276e-29	8.294354062779133e-29	8.309741972386703e-29	8.334618042406279e-29	8.371110001987403e-29	8.376887730062893e-29	8.389250979649585e-29	8.417898188507298e-29	8.44324652664188e-29	8.447581988759814e-29	8.465794400445904e-29	8.483097622865749e-29	8.510328532956335e-29	8.517481514490614e-29	8.526083217008378e-29	8.548953012467012e-29	8.558895171523574e-29	8.569393943649478e-29	8.580775725143737e-29	8.592215400486295e-29	8.60878700889843e-29	8.614207273381912e-29	8.624406832138236e-29	8.628376043035412e-29	8.633402885239657e-29	8.642590338476346e-29	8.646345101390171e-29	8.644499881615205e-29	8.65374262190571e-29	8.667768998666779e-29	8.65049074873574e-29	8.654359936213217e-29	8.642904251421541e-29	8.647970030353698e-29	8.642619438074309e-29	8.63474061602054e-29	8.633736454752189e-29	8.613590372277176e-29	8.61405098642518e-29	8.612410059956741e-29	8.588667264154895e-29	8.584538340108306e-29	8.57505592391687e-29	8.554636367875693e-29	8.55021505360202e-29	8.515338178098544e-29	8.51341238017327e-29	8.505359991399513e-29	8.470885869328246e-29	8.462551242405795e-29	8.44963650627152e-29	8.416215951129826e-29	8.409053987734854e-29	8.362051601296666e-29	8.35951914303026e-29	8.332419285232755e-29	8.302488197851122e-29	8.289722183324781e-29	8.236253278931396e-29	8.231572475818705e-29	8.225888216460855e-29	8.169148060222139e-29	8.15741250682722e-29	8.135625812627393e-29	8.099562316883645e-29	8.087545749084311e-29	8.026582361833429e-29	8.021771464367245e-29	8.003436814835279e-29	7.954899485661488e-29	7.943145392456274e-29	7.920333048480279e-29	7.874469191297791e-29	7.870264915369455e-29	7.808181581003267e-29	7.799514801239011e-29	7.77512222224339e-29	7.735590823884815e-29	7.724886022939654e-29	7.66273916425578e-29	7.656643875815431e-29	7.654161173589266e-29	7.593112859848989e-29	7.582984147021766e-29	7.56336639405113e-29	7.524579270514074e-29	7.514747235438211e-29	7.457449195025444e-29	7.449034350162406e-29	7.447537708831865e-29	7.391762196518323e-29	7.382265897207978e-29	7.365237593465568e-29	7.319065837075364e-29	7.318854652565024e-29	7.266770263489363e-29	7.264459719036418e-29	7.241875064284659e-29	7.209560826464007e-29	7.198112176213487e-29	7.163893238871858e-29	7.143678856468297e-29	7.138301476206192e-29	7.098472264739104e-29	7.078598449030836e-29	7.073265897772777e-29
Pi	X	0	3	8.328590902890251e-26	8.322925686478473e-26	8.305876618577077e-26	8.283520756093482e-26	8.274611323263132e-26	8.245452870439925e-26	8.239049929735264e-26	8.198408889508983e-26	8.192464979857242e-26	8.164724260777866e-26	8.141016085336499e-26	8.125313808842431e-26	8.087284209987302e-26	8.081131177713216e-26	8.027347836164203e-26	8.020026326409521e-26	7.983190067800303e-26	7.959400354149888e-26	7.93669271212173e-26	7.892368324444261e-26	7.871702478845207e-26	7.819631736171857e-26	7.813053746140694e-26	7.767808493483373e-26	7.747095225741478e-26	7.718348842691475e-26	7.670483944803341e-26	7.647251177414872e-26	7.594420236098008e-26	7.582393869720281e-26	7.534366463503108e-26	7.514820061481064e-26	7.48180194631535e-26	7.433398849348613e-26	7.401004554290455e-26	7.355455190399468e-26	7.340392095900451e-26	7.293044016681001e-26	7.274908817429717e-26	7.239830438132005e-26	7.19328726572499e-26	7.159180930774625e-26	7.117012692562434e-26	7.099241650390721e-26	7.055517560347912e-26	7.029676244882145e-26	7.002498092103662e-26	6.961100610479962e-26	6.926326313310869e-26	6.889424835085352e-26	6.871149156337716e-26	6.82355834879648e-26	6.806967477631017e-26	6.780190432253365e-26	6.746148340458167e-26	6.711020164239764e-26	6.680578047203559e-26	6.660243514696533e-26	6.622869220390981e-26	6.605300013823591e-26	6.57977134460502e-26	6.551842161804648e-26	6.519199324589036e-26	6.495688245040661e-26	6.473551719257249e-26	6.447744697706081e-26	6.429005417384958e-26	6.405414732612511e-26	6.383265193282794e-26	6.354196626346508e-26	6.337220169410615e-26	6.310447460886129e-26	6.300580447550872e-26	6.279567392866492e-26	6.259174604713463e-26	6.241043686253893e-26	6.216275231727573e-26	6.204751550690056e-26	6.177247682531549e-26	6.176452423509746e-26	6.15552973193616e-26	6.139260900558169e-26	6.122898215173615e-26	6.102926802117683e-26	6.094938191214061e-26	6.067961731659842e-26	6.074523216301363e-26	6.052498278156269e-26	6.041119808300236e-26	6.023577145601374e-26	6.008625086763674e-26	6.002270515893855e-26	5.97650011914198e-26	5.986256547616621e-26	5.963502452157276e-26	5.955883065355188e-26	5.935482926878483e-26	5.925411173508421e-26	5.917478897768011e-26	5.894613635314433e-26	5.902738195324795e-26	5.874258982089395e-26	5.876202602911001e-26	5.849911374514096e-26	5.844109613188225e-26	5.832043185694286e-26	5.813205557305898e-26	5.815085990391917e-26	5.789944654688676e-26	5.789311305107314e-26	5.758632663333653e-26	5.756249650863987e-26	5.738390362698435e-26	5.724312528247961e-26	5.716078481862277e-26	5.695601151127822e-26	5.690165388689819e-26	5.655785978562975e-26	5.655669010547003e-26	5.631203635995084e-26	5.622187850394711e-26
Pi	X	6	8	4.582591933948711e-29	4.566489848400442e-29	4.558670373812007e-29	4.542731476465939e-29	4.532743611208505e-29	4.529332899286548e-29	4.509452457021219e-29	4.498279122471268e-29	4.48782722953732e-29	4.474253765829465e-29	4.470440776496854e-29	4.4640542035134605e-29	4.452950939007985e-29	4.453945981676863e-29	4.435528137572827e-29	4.430666561055453e-29	4.4263367261032394e-29	4.423685770983718e-29	4.4167206949272754e-29	4.414599197881384e-29	4.4075928107919294e-29	4.409732383581005e-29	4.400329905765351e-29	4.398877118468644e-29	4.401164236188365e-29	4.389703722272836e-29	4.3997716656690377e-29	4.397740912856218e-29	4.396164181871845e-29	4.401841228138601e-29	4.3943582896396336e-29	4.4005140527628994e-29	4.398362311999387e-29	4.3993022831731917e-29	4.4087904903937963e-29	4.4130812305839467e-29	4.410298623087884e-29	4.416476932765613e-29	4.421603457887861e-29	4.428151402619704e-29	4.434511157876736e-29	4.43217518232812e-29	4.447079167012278e-29	4.455045514571241e-29	4.455944561801237e-29	4.4648016287067775e-29	4.472328574710957e-29	4.4840105311667713e-29	4.4922051142082986e-29	4.491760717676895e-29	4.5081640322495116e-29	4.5224822146241493e-29	4.5248442247712686e-29	4.535643077787561e-29	4.5496458757735563e-29	4.5600120559490194e-29	4.5700452942972117e-29	4.5719571856268273e-29	4.5878016667768364e-29	4.6097014460588424e-29	4.6130758296798293e-29	4.6268776927930144e-29	4.642469495799406e-29	4.656763586717984e-29	4.6661504760765784e-29	4.674364778042677e-29	4.69260842148705e-29	4.716402125325576e-29	4.7111079393088865e-29	4.7316757377033236e-29	4.7555661136759667e-29	4.7713521900183565e-29	4.78467470061918e-29	4.794136608371968e-29	4.814316032464753e-29	4.8316569570597516e-29	4.837793263733848e-29	4.859049171076168e-29	4.8875105996336204e-29	4.8964646089284626e-29	4.920268337202236e-29	4.9338512035109375e-29	4.9555237064909346e-29	4.9741140470761325e-29	4.985200237246161e-29	5.006526908783097e-29	5.04071658242241e-29	5.052040150912078e-29	5.071507821166662e-29	5.096060201631406e-29	5.117382002935148e-29	5.137118709360378e-29	5.153515650538668e-29	5.175744470357297e-29	5.215818311367919e-29	5.229168460661239e-29	5.251989464717038e-29	5.277397449954546e-29	5.301208413956817e-29	5.323417960871171e-29	5.342290346335662e-29	5.366289881055906e-29	5.409203499262603e-29	5.428552168673008e-29	5.449868972465516e-29	5.479075998222805e-29	5.503117941420324e-29	5.526708803329941e-29	5.550539767952325e-29	5.573318414191826e-29	5.621313662299041e-29	5.623911685396659e-29	5.663285849918757e-29	5.692358162989233e-29	5.717384953451275e-29	5.743671158268344e-29	5.764235729559633e-29	5.792832996694373e-29	5.835575238664213e-29	5.840136449550746e-29	5.865783891300687e-29
Pi	X	1	4	2.2502417349480277e-25	2.249986913933038e-25	2.249808607094089e-25	2.2509541335256016e-25	2.251889104551857e-25	2.253162101124283e-25	2.253790890889508e-25	2.254852655477458e-25	2.2560724479468867e-25	2.2559234132034613e-25	2.2576815377924243e-25	2.258365707650916e-25	2.261116996075922e-25	2.2613795558685706e-25	2.261370427263718e-25	2.263610731503993e-25	2.2644343508091945e-25	2.2661532898504344e-25	2.2670328442499154e-25	2.268933165828218e-25	2.270559848160607e-25	2.2706321786454097e-25	2.2727567875395423e-25	2.2732765710826874e-25	2.276023823474421e-25	2.277117525819306e-25	2.278067780937724e-25	2.2796445073087314e-25	2.280699551032905e-25	2.282632998108479e-25	2.2831858841366106e-25	2.2855384286651504e-25	2.287054582456661e-25	2.2876074946218325e-25	2.289484646362054e-25	2.2907506032592837e-25	2.292538333928699e-25	2.293476391234792e-25	2.295412797199492e-25	2.29589642250229e-25	2.297146823867719e-25	2.298813890347247e-25	2.2992975008106073e-25	2.3022583545796314e-25	2.302923418760771e-25	2.3039776830241327e-25	2.3053403279130952e-25	2.30643172942726e-25	2.308192825212263e-25	2.3091083759370326e-25	2.3109250807185856e-25	2.3117355915399574e-25	2.3125764518665007e-25	2.314655447343774e-25	2.315025266275708e-25	2.3178989344273175e-25	2.3188084406698173e-25	2.3197897266159113e-25	2.3220966852261527e-25	2.322473318241358e-25	2.3247616264168763e-25	2.325655029964931e-25	2.328077907672357e-25	2.329824713790374e-25	2.3300073666283234e-25	2.3333003879948994e-25	2.3335234045712576e-25	2.33653676325714e-25	2.3383273222304463e-25	2.340277800888085e-25	2.3435289888487247e-25	2.3432033981676e-25	2.34735289304949e-25	2.347551766106265e-25	2.3504216076230385e-25	2.3530664364022645e-25	2.3536257060450054e-25	2.3595038818123152e-25	2.3587527725066986e-25	2.3624901242140483e-25	2.3640788420303914e-25	2.3670146158221e-25	2.37113957477541e-25	2.370134636934247e-25	2.375342179534264e-25	2.3753139036130063e-25	2.3789071961225846e-25	2.3812490685714124e-25	2.38255485543075e-25	2.3887037643877227e-25	2.3873447075319467e-25	2.3913544268506075e-25	2.3924098917200688e-25	2.3945939099533094e-25	2.3996012605553366e-25	2.3980703409395613e-25	2.402930853573739e-25	2.4021412648736685e-25	2.40499255011005e-25	2.406747356482744e-25	2.4082368849901307e-25	2.41316596071964e-25	2.411104889346043e-25	2.4142280190434443e-25	2.413843047866032e-25	2.4156332867727363e-25	2.416671586501546e-25	2.417350853498109e-25	2.4202945955333596e-25	2.4185438750941482e-25	2.4200057219577504e-25	2.420221992185174e-25	2.4233470315167347e-25	2.4236701394365784e-25	2.4217143084807655e-25	2.4230045526480404e-25	2.420984712292064e-25	2.4220557622402434e-25	2.4206833263190796e-25	2.4219259431498137e-25	2.422282514371465e-25
Pi	X	2	5	2.0964168005130128e-26	2.09907016796662e-26	2.1032343965192874e-26	2.1060619009865238e-26	2.1075588340511893e-26	2.1106724452236622e-26	2.1121924441193354e-26	2.1164052213798745e-26	2.117452362644719e-26	2.1199944755274546e-26	2.1216811906888938e-26	2.1219086691673075e-26	2.1256339311828016e-26	2.1252065302256164e-26	2.1275206710490092e-26	2.1289358059900492e-26	2.1284121653179047e-26	2.1308459365415764e-26	2.1292162246965263e-26	2.1310877156782793e-26	2.131406861793694e-26	2.130942382953804e-26	2.1313448186134212e-26	2.129730970001039e-26	2.1315089906807253e-26	2.1297829512128704e-26	2.129575372462822e-26	2.1290120033864265e-26	2.1268675664559278e-26	2.128360147987168e-26	2.1243738114075266e-26	2.1246918422643205e-26	2.1238529050059342e-26	2.1212400278220238e-26	2.1219050999255642e-26	2.1175989957455913e-26	2.1177505794155844e-26	2.1161738933006314e-26	2.1138272108051392e-26	2.113350305525636e-26	2.1090114236480064e-26	2.1087489720084617e-26	2.1053684288685338e-26	2.104762485144381e-26	2.1019452071335566e-26	2.099369843047083e-26	2.0987081487151557e-26	2.0951129343303635e-26	2.0946637308829217e-26	2.0910922255943937e-26	2.08941562939197e-26	2.0882129297109915e-26	2.083827198426849e-26	2.0842981497918372e-26	2.0806835700011128e-26	2.079608556151279e-26	2.0774259274012613e-26	2.0749808088580565e-26	2.0735510695914915e-26	2.0710238393147868e-26	2.070422144754087e-26	2.0680563381018595e-26	2.0664335049261038e-26	2.0649908379452138e-26	2.0619135935039754e-26	2.0623471218692916e-26	2.060049875422395e-26	2.059095019240652e-26	2.0576014936126713e-26	2.0548888744646514e-26	2.0554416733224566e-26	2.052220100763126e-26	2.0530657235066027e-26	2.051661562283504e-26	2.0494640135006117e-26	2.049920610217718e-26	2.0469364963418236e-26	2.0484864373668424e-26	2.0458540531257035e-26	2.0462366637512097e-26	2.045306891266133e-26	2.0426978103557964e-26	2.0447748450473895e-26	2.0420301890755546e-26	2.0430217051276805e-26	2.0414910508841293e-26	2.0393106993056113e-26	2.0416239431649878e-26	2.03881230703612e-26	2.0401187161875915e-26	2.0383832334729755e-26	2.0372582393187598e-26	2.038800876781368e-26	2.0348397034355408e-26	2.037076498235357e-26	2.035238561534633e-26	2.0344354747878482e-26	2.033842962680303e-26	2.0319934524551828e-26	2.033570686856584e-26	2.0303329198463638e-26	2.0306742551871373e-26	2.0298504404575233e-26	2.0282773814176717e-26	2.029176766325827e-26	2.0262079295931917e-26	2.0265939502763327e-26	2.02566080786692e-26	2.023393646692e-26	2.0237013509408992e-26	2.0208171232213742e-26	2.020560733001105e-26	2.018818591691831e-26	2.0173411834112483e-26	2.0172155407756245e-26	2.0140344825476944e-26	2.013356488978384e-26	2.0117914909452804e-26	2.01030635666386e-26	2.008366283273748e-26	2.0059415284753528e-26
Pi	X	3	6	7.633667726586029e-27	7.636854454323213e-27	7.667047509909346e-27	7.66388243236886e-27	7.67099684986847e-27	7.693776172503901e-27	7.6955327456912e-27	7.724217545458359e-27	7.720162205919926e-27	7.727370419187673e-27	7.747257765639148e-27	7.748159451015984e-27	7.77332674364409e-27	7.76993890207301e-27	7.777342757511296e-27	7.793156695009138e-27	7.794105267002735e-27	7.815028998404973e-27	7.8118274933477e-27	7.81838644363445e-27	7.830675208790965e-27	7.830679580035997e-27	7.848107854664402e-27	7.841105496008816e-27	7.851253513248857e-27	7.859367998497597e-27	7.858337611424514e-27	7.869839145742815e-27	7.86680491908205e-27	7.872856954846734e-27	7.879017564958152e-27	7.877177993551312e-27	7.886149836624024e-27	7.882808860174681e-27	7.887136486940704e-27	7.889446004319303e-27	7.887555940839474e-27	7.893586810143295e-27	7.890120103730124e-27	7.892679375565768e-27	7.891488260481157e-27	7.889267534749654e-27	7.892758349958263e-27	7.889664379875447e-27	7.890184361741219e-27	7.886076528932014e-27	7.883571821237579e-27	7.884711917627946e-27	7.881822740920893e-27	7.880905760224481e-27	7.874330583199833e-27	7.871764026191353e-27	7.870899352701094e-27	7.868087778855802e-27	7.866141371144403e-27	7.857734110048363e-27	7.855320652982114e-27	7.852880569073868e-27	7.850448874449747e-27	7.847611325045791e-27	7.838931965642149e-27	7.83590181997632e-27	7.832418135908159e-27	7.830409307368398e-27	7.827113012253998e-27	7.817519615258486e-27	7.815375030214194e-27	7.811225728098213e-27	7.809734870118787e-27	7.80652040474524e-27	7.796517892910678e-27	7.795555778884543e-27	7.791098106962396e-27	7.790268562716864e-27	7.787250714966451e-27	7.777529205350003e-27	7.777860719555384e-27	7.773296028172515e-27	7.773652253633154e-27	7.770860911749792e-27	7.762089106081735e-27	7.763569227242738e-27	7.759195654583846e-27	7.760572097791896e-27	7.758128291143691e-27	7.749521079373895e-27	7.753496592373498e-27	7.749763690616472e-27	7.751925282302032e-27	7.749908716932892e-27	7.743142415094887e-27	7.74782517176703e-27	7.746200624530657e-27	7.747882991949752e-27	7.747434049328241e-27	7.742731863443742e-27	7.746755238265543e-27	7.745266772000332e-27	7.748035075890247e-27	7.74880227083193e-27	7.745487619212637e-27	7.750117107991129e-27	7.748512835680992e-27	7.750705137850614e-27	7.754038650873679e-27	7.751732169244e-27	7.756447329229604e-27	7.755940973627807e-27	7.758209762835542e-27	7.76201312594335e-27	7.760675768580863e-27	7.765507214789399e-27	7.764804295670139e-27	7.766966118373917e-27	7.772047168663691e-27	7.77139727891655e-27	7.77611917457255e-27	7.77538220388672e-27	7.778384348765776e-27	7.782325393239775e-27	7.78294688454202e-27
Pi	X	4	7	3.6486682071682304e-29	3.6726796589562016e-29	3.6906874339797526e-29	3.700990541737764e-29	3.728427741049509e-29	3.737297451713877e-29	3.7534901635515135e-29	3.7769019112670136e-29	3.7894591972040544e-29	3.8121602730680806e-29	3.823747201573163e-29	3.832657477654589e-29	3.864050097669673e-29	3.868913043370291e-29	3.893079967724444e-29	3.9103872115546763e-29	3.919045849668833e-29	3.9471335109312144e-29	3.9539556301633875e-29	3.97737101840572e-29	3.994665242063446e-29	4.0027595856880485e-29	4.0311802770988567e-29	4.0370733037807777e-29	4.051232223998215e-29	4.07377118997814e-29	4.0836903453808667e-29	4.1069909369072476e-29	4.1147792739119924e-29	4.123251112686207e-29	4.152387389969547e-29	4.154323064028987e-29	4.177425971263301e-29	4.191547986117106e-29	4.199246001657067e-29	4.2256692462362233e-29	4.229624684155328e-29	4.2510515560316364e-29	4.263681705461026e-29	4.271362431998011e-29	4.2962078720224133e-29	4.2997182578412764e-29	4.3128270279820187e-29	4.3316492414153934e-29	4.339464891833427e-29	4.359354563648223e-29	4.365601444284941e-29	4.3710519201489945e-29	4.395295282960576e-29	4.397381913282155e-29	4.416468175882553e-29	4.427160510621781e-29	4.432390759922959e-29	4.454157674763264e-29	4.455414661775808e-29	4.4733603079044233e-29	4.483846133776006e-29	4.4891659190648784e-29	4.507941522366059e-29	4.50962778300702e-29	4.5195158751933135e-29	4.5332227048736257e-29	4.539170251187901e-29	4.554531027652664e-29	4.5597340452686663e-29	4.561798983375683e-29	4.579136063868927e-29	4.5799108519778754e-29	4.5931762534165033e-29	4.601109313756335e-29	4.6045834763840893e-29	4.6197258253608816e-29	4.619093651924705e-29	4.6312463088484576e-29	4.6368765181096894e-29	4.640692158454228e-29	4.653031156130165e-29	4.653672421699447e-29	4.6598751191909514e-29	4.6665005375541637e-29	4.671133722787987e-29	4.6791335153749794e-29	4.681807455556317e-29	4.683602545874487e-29	4.691892043230311e-29	4.6933849885527425e-29	4.6983980320934675e-29	4.702567817520544e-29	4.704097108486514e-29	4.711720276127081e-29	4.711431394479294e-29	4.715793567858342e-29	4.717854455150937e-29	4.7185686268177663e-29	4.724282221657246e-29	4.723241179206783e-29	4.72537300268395e-29	4.726643154158774e-29	4.728424929915561e-29	4.730718930197129e-29	4.729270778254865e-29	4.7305604877053543e-29	4.7292939660004625e-29	4.731000273415548e-29	4.730475824080356e-29	4.7291936880708937e-29	4.728938288731552e-29	4.728337495353123e-29	4.727083774054555e-29	4.725037174589246e-29	4.723171451382011e-29	4.7210875992639865e-29	4.7195544605850937e-29	4.716132048724877e-29	4.713378290646226e-29	4.7097149104834155e-29	4.70692071290585e-29	4.705025967830333e-29	4.70118805329937e-29	4.696209858926775e-29	4.6894861353489674e-29
Pi	X	5	8	2.5388847217416227e-29	2.549273731713398e-29	2.55913386487543e-29	2.564469817405257e-29	2.56973387388366e-29	2.579752622779977e-29	2.590517596566391e-29	2.5949911714207523e-29	2.600511202522713e-29	2.6111116324439993e-29	2.620199353395652e-29	2.6245747755758646e-29	2.637135286035971e-29	2.639811396141799e-29	2.6506895033463517e-29	2.654215942929739e-29	2.663596312054007e-29	2.6685378461920064e-29	2.676526387414821e-29	2.6882451099841905e-29	2.690100493649047e-29	2.69407073744386e-29	2.70327022399044e-29	2.711410445236985e-29	2.7128026848487205e-29	2.718651220268733e-29	2.724207901804183e-29	2.732952550413418e-29	2.7352496118987483e-29	2.738011903598522e-29	2.745356054576173e-29	2.7485489012262303e-29	2.751920320642402e-29	2.7555753476127545e-29	2.7592490128695874e-29	2.7645706258248714e-29	2.7663112347366694e-29	2.769586649611989e-29	2.7708612723833317e-29	2.7724755436557793e-29	2.7754259066028546e-29	2.7766316108106656e-29	2.7760390599544773e-29	2.7790070985084e-29	2.78351148543854e-29	2.7779628082067763e-29	2.7792052549847824e-29	2.77552649385983e-29	2.777153160477421e-29	2.7754348838942525e-29	2.772904689899832e-29	2.77258216919573e-29	2.766112594851291e-29	2.7662604613455554e-29	2.765733440695224e-29	2.758108800042784e-29	2.756782779819114e-29	2.753737582831586e-29	2.74718022870868e-29	2.7457602836344694e-29	2.734560157107076e-29	2.733941670811837e-29	2.7313556814266493e-29	2.7202848622822697e-29	2.71760821015111e-29	2.713460894654537e-29	2.70272837463925e-29	2.7004283555929236e-29	2.6853342903523357e-29	2.6845209587985656e-29	2.6758182159760237e-29	2.6662062904037193e-29	2.662106689116742e-29	2.644935965876629e-29	2.6434327807268196e-29	2.6416072771471933e-29	2.6233860823250216e-29	2.6196173455879226e-29	2.61262082815132e-29	2.6010396774462864e-29	2.5971806433733126e-29	2.5776032656163776e-29	2.5760582632861166e-29	2.570170336073037e-29	2.554583348004167e-29	2.5508086515936287e-29	2.5434828568957786e-29	2.5287543816352393e-29	2.5274042236655464e-29	2.507467137243769e-29	2.504683933723865e-29	2.4968506056296777e-29	2.4841557270484945e-29	2.4807180926530278e-29	2.4607605949199807e-29	2.458803209890348e-29	2.458005849847429e-29	2.438401215728599e-29	2.4351485310981164e-29	2.4288485800283585e-29	2.4163927849413681e-29	2.4132353185926718e-29	2.394835072989153e-29	2.3921327264718816e-29	2.3916521203945984e-29	2.3737407407379034e-29	2.370691184414217e-29	2.3652228443590925e-29	2.3503955295032416e-29	2.3503277661717294e-29	2.3336016875676366e-29	2.3328597523024346e-29	2.3256070744322063e-29	2.3152299182031365e-29	2.311553437033718e-29	2.3005645529285526e-29	2.294073136856251e-29	2.292346232612526e-29	2.279555825457802e-29	2.2731737153648037e-29	2.2714612925491956e-29
Pi	X	0	4	7.450446709470142e-27	7.445378842345485e-27	7.430127336990969e-27	7.410128641759608e-27	7.402158617132681e-27	7.376074557392047e-27	7.370346690473466e-27	7.33399067798408e-27	7.328673523594697e-27	7.303857632564567e-27	7.282649264162684e-27	7.268602540283358e-27	7.234582708125755e-27	7.229078337813866e-27	7.18096569095228e-27	7.174416170285647e-27	7.14146372398833e-27	7.12018244394439e-27	7.099868900251165e-27	7.060217975962276e-27	7.041730968093065e-27	6.995150355981686e-27	6.989265843810667e-27	6.948790922472693e-27	6.930261799425204e-27	6.904546144232549e-27	6.861727988102483e-27	6.840944648304554e-27	6.793683979757202e-27	6.782925481590592e-27	6.739961744500227e-27	6.722476414585867e-27	6.692939379631497e-27	6.649639737174094e-27	6.620660739359347e-27	6.579913903197548e-27	6.566438812285573e-27	6.524082789878338e-27	6.507859826159551e-27	6.476479706841576e-27	6.4348438563375926e-27	6.404333294405357e-27	6.36661104868421e-27	6.35071349150709e-27	6.311599388068935e-27	6.2884825825592766e-27	6.2641698813992255e-27	6.227137137990235e-27	6.196029027051595e-27	6.163018201977113e-27	6.146669158593414e-27	6.1040961519710235e-27	6.089254350172292e-27	6.065300474409519e-27	6.034847558490757e-27	6.0034228918172364e-27	5.976190357777927e-27	5.957999537112704e-27	5.924565871659212e-27	5.908848859926358e-27	5.886011752412998e-27	5.8610271958825065e-27	5.831825851308337e-27	5.8107935635507874e-27	5.79099076398516e-27	5.767904776361718e-27	5.7511410485295195e-27	5.7300376163448185e-27	5.7102233030265284e-27	5.684219418557659e-27	5.6690327682765626e-27	5.645082693657795e-27	5.636256013020278e-27	5.617458264764696e-27	5.599215567851985e-27	5.5829961744920785e-27	5.56083906526232e-27	5.550530286999673e-27	5.525926190771523e-27	5.5252147666248964e-27	5.506497890693583e-27	5.49194435529219e-27	5.477306787608789e-27	5.459440987899021e-27	5.45229457618171e-27	5.428162330736075e-27	5.434032005384781e-27	5.414329131526914e-27	5.404150355153035e-27	5.388457255030735e-27	5.375081646576908e-27	5.369397013420194e-27	5.346343727592134e-27	5.355071508880506e-27	5.3347164151469315e-27	5.327900390675963e-27	5.309651132451275e-27	5.300641324549801e-27	5.293545381479852e-27	5.27309097621541e-27	5.280358994617384e-27	5.254882388336249e-27	5.256621235109491e-27	5.233102009924393e-27	5.227912038307204e-27	5.2171178913172774e-27	5.2002665061398425e-27	5.201948805980093e-27	5.179458217053173e-27	5.1788918088739786e-27	5.1514478077292345e-27	5.1493161730775116e-27	5.1333400303622756e-27	5.120746622721486e-27	5.1133809119496005e-27	5.095062647185739e-27	5.090200182604934e-27	5.05944566332283e-27	5.0593411823637276e-27	5.0374555490209316e-27	5.029390492456283e-27
Pi	X	1	5	1.9787061095905532e-26	1.9784820410034998e-26	1.9783252276398598e-26	1.9793325004387138e-26	1.9801546632698084e-26	1.9812740148601837e-26	1.9818269248153987e-26	1.9827605159008543e-26	1.9838331292259979e-26	1.9837020497612548e-26	1.985248017860589e-26	1.985849626440316e-26	1.9882688916605736e-26	1.988499753849089e-26	1.9884916698473922e-26	1.990461649569684e-26	1.9911858550292668e-26	1.9926973844405143e-26	1.993470782151904e-26	1.9951417711717424e-26	1.9965721377718783e-26	1.9966357018575793e-26	1.99850392339125e-26	1.998960946383144e-26	2.0013767139076046e-26	2.002338404514898e-26	2.0031739694246415e-26	2.004560390570444e-26	2.005488101430336e-26	2.0071882088178676e-26	2.0076743435816978e-26	2.0097430298176602e-26	2.0110761800646004e-26	2.0115623522325911e-26	2.0132129295213307e-26	2.014326099506343e-26	2.015898057272418e-26	2.0167228937167944e-26	2.0184256485643778e-26	2.018850838411937e-26	2.0199503412293863e-26	2.0214161716054466e-26	2.0218413988414798e-26	2.0244448993792807e-26	2.0250296916004374e-26	2.0259566967834673e-26	2.0271548675621995e-26	2.0281145482431483e-26	2.029663047957587e-26	2.0304680862511875e-26	2.0320654803615755e-26	2.0327781750341626e-26	2.0335175188803693e-26	2.035345591056598e-26	2.0356707551209174e-26	2.038197555493925e-26	2.0389972701522466e-26	2.039860049054854e-26	2.0418886168583812e-26	2.0422197314799783e-26	2.0442318588564947e-26	2.0450174030012515e-26	2.0471478152499966e-26	2.0486837753275523e-26	2.048844292838251e-26	2.05173993800835e-26	2.0519359519534395e-26	2.054585633983501e-26	2.056160052201685e-26	2.0578750826857788e-26	2.0607338815295132e-26	2.0604474880458117e-26	2.0640962508980742e-26	2.064271013212527e-26	2.066794503846715e-26	2.0691200824572503e-26	2.0696118021781554e-26	2.074780577250638e-26	2.0741200138133356e-26	2.0774063731518387e-26	2.0788032471067447e-26	2.0813847281928568e-26	2.0850118230476694e-26	2.0841280842429314e-26	2.0887071599332152e-26	2.0886822018499848e-26	2.0918418851552156e-26	2.093901022547866e-26	2.0950492187960601e-26	2.10045602281115e-26	2.0992609113085802e-26	2.1027867114498318e-26	2.1037147199900235e-26	2.1056351838393852e-26	2.1100381838891693e-26	2.1086919609016582e-26	2.1129658464874446e-26	2.1122714944250738e-26	2.1147786441572283e-26	2.1163216207829228e-26	2.1176314112403438e-26	2.1219655515880906e-26	2.120153192892394e-26	2.1228993437423787e-26	2.122560794540497e-26	2.124134941432194e-26	2.125047883119765e-26	2.1256451821990342e-26	2.1282335941506292e-26	2.126694129316881e-26	2.1279794599696091e-26	2.1281696218342938e-26	2.1309175215558952e-26	2.1312016050970255e-26	2.129481748153393e-26	2.1306162192411097e-26	2.1288401057593457e-26	2.1297818088790247e-26	2.1285749864821945e-26	2.1296676334587858e-26	2.1299811482298804e-26
Pi	X	2	6	1.866398270930146e-27	1.868760504527767e-27	1.8724678438055073e-27	1.874985087194252e-27	1.8763177940164235e-27	1.8790897632406692e-27	1.8804429839447098e-27	1.884193513260151e-27	1.8851257725207346e-27	1.8873889522813287e-27	1.8888906064914708e-27	1.889093127189984e-27	1.8924096485730365e-27	1.8920291328913217e-27	1.8940893258699493e-27	1.8953492137877257e-27	1.8948830062995248e-27	1.8970497627033314e-27	1.895598859595478e-27	1.8972649962106876e-27	1.8975491099956735e-27	1.897135568861205e-27	1.8974938423438807e-27	1.8960570491156436e-27	1.8976400073111213e-27	1.8961033255542464e-27	1.8959185094287423e-27	1.895416913692147e-27	1.8935077675126474e-27	1.8948365460516584e-27	1.8912875727927943e-27	1.891570725592366e-27	1.8908237849904896e-27	1.8884975977699462e-27	1.889089633750558e-27	1.8852559899933482e-27	1.88539088812991e-27	1.8839871640650462e-27	1.8818979928349756e-27	1.881473331118405e-27	1.8776105138519456e-27	1.8773767809541578e-27	1.874367123367611e-27	1.8738276135794977e-27	1.8713194130259834e-27	1.8690266000991375e-27	1.868437452953111e-27	1.8652366833290166e-27	1.864836695797955e-27	1.861657002097261e-27	1.860164307268604e-27	1.8590935424989542e-27	1.8551889693841483e-27	1.85560820120755e-27	1.8523901660909227e-27	1.851433037109668e-27	1.849489827818999e-27	1.847312908792046e-27	1.8460400254563185e-27	1.843790011876666e-27	1.8432543043087652e-27	1.8411480165933104e-27	1.8397031602787125e-27	1.8384187278656856e-27	1.8356790279230285e-27	1.8360649983231545e-27	1.8340197190269245e-27	1.8331695842622077e-27	1.831839865427731e-27	1.8294247971210857e-27	1.8299168952891306e-27	1.8270487030645085e-27	1.8278015472496208e-27	1.8265513600928132e-27	1.824594880823685e-27	1.825001315449098e-27	1.8223445474269475e-27	1.8237243818240766e-27	1.8213807553073722e-27	1.8217213711220296e-27	1.8208935211559654e-27	1.8185706759974363e-27	1.8204197470127932e-27	1.8179761961553186e-27	1.818858857827345e-27	1.8174960911751686e-27	1.8155549641111806e-27	1.8176143040099704e-27	1.815111153890233e-27	1.8162741314151866e-27	1.8147290461299864e-27	1.8137274298793266e-27	1.81510076199087e-27	1.811574219162414e-27	1.8135654999387387e-27	1.8119292188680643e-27	1.8112141649425044e-27	1.8106866523720047e-27	1.8090400323936092e-27	1.810444172875289e-27	1.8075616763636622e-27	1.8078654589782244e-27	1.807132059196139e-27	1.8057315232356097e-27	1.806532230544455e-27	1.8038891157322833e-27	1.8042327543669058e-27	1.803402010454642e-27	1.8013835369421158e-27	1.8016575050592093e-27	1.7990896765474246e-27	1.7988614395001278e-27	1.7973104366493517e-27	1.7959951271883048e-27	1.7958832720533395e-27	1.793051208030126e-27	1.792447635559919e-27	1.7910542949364235e-27	1.7897321543137842e-27	1.7880049386228685e-27	1.78584625090168e-27
Pi	X	3	7	8.077672747286125e-28	8.081044813022965e-28	8.112993945898558e-28	8.109644738058847e-28	8.117173028243522e-28	8.14127710906316e-28	8.143135839106454e-28	8.173488889039413e-28	8.169197776706295e-28	8.17682518550564e-28	8.19786920390124e-28	8.198823358741811e-28	8.225454431555633e-28	8.221869530564653e-28	8.229703870357605e-28	8.246437643759139e-28	8.24744133777132e-28	8.269582160484962e-28	8.266194428236384e-28	8.273134860867062e-28	8.286138281704166e-28	8.28614284771315e-28	8.304584824173506e-28	8.29717505747241e-28	8.307913539342252e-28	8.316499851603396e-28	8.315409548248285e-28	8.327579958771641e-28	8.324369198690478e-28	8.330773230493805e-28	8.337292031865056e-28	8.33534564318602e-28	8.344839175425264e-28	8.341303852060533e-28	8.34588307768396e-28	8.348326857318502e-28	8.346326751961925e-28	8.352708336459773e-28	8.34904011720517e-28	8.351748046142508e-28	8.350487637327955e-28	8.34813753573546e-28	8.35183133210419e-28	8.348557213050445e-28	8.349107424159639e-28	8.344760582456914e-28	8.342110083080358e-28	8.343316468918682e-28	8.340258961156399e-28	8.33928856640359e-28	8.332330698059352e-28	8.329614866404202e-28	8.328699764214545e-28	8.32572450980851e-28	8.323664833658407e-28	8.314768285632776e-28	8.312214312678338e-28	8.309632012913074e-28	8.307058895504633e-28	8.304056092788066e-28	8.294871785713524e-28	8.291665245576026e-28	8.287978647718549e-28	8.285852800904764e-28	8.282364462262134e-28	8.272213149971317e-28	8.269943518773777e-28	8.265552762876516e-28	8.263974961652681e-28	8.26057326211542e-28	8.24998881327153e-28	8.248970423764487e-28	8.24425352824202e-28	8.243375359606336e-28	8.240181864991316e-28	8.22989467857495e-28	8.230245224503413e-28	8.225414861593818e-28	8.225791506617124e-28	8.22283785154166e-28	8.213555475337052e-28	8.21512157592821e-28	8.210493333442914e-28	8.211949641171536e-28	8.209363501039867e-28	8.200255425234222e-28	8.204462193221701e-28	8.200511771888385e-28	8.202799016718198e-28	8.20066483697066e-28	8.193504889128967e-28	8.198459788936977e-28	8.196740520741222e-28	8.198520788414785e-28	8.198045372020346e-28	8.193069635163838e-28	8.19732667963858e-28	8.195751571923052e-28	8.19868070620423e-28	8.199492353918662e-28	8.195984948652587e-28	8.200883249161695e-28	8.199185774660404e-28	8.20150521856174e-28	8.205032625562007e-28	8.202591809654485e-28	8.20758109628337e-28	8.207045305068731e-28	8.209445696550232e-28	8.213470365407066e-28	8.212054845518841e-28	8.217167378351733e-28	8.21642344846142e-28	8.218710929598777e-28	8.224087472997005e-28	8.22339951753807e-28	8.22839613544725e-28	8.227615963317864e-28	8.230792818271562e-28	8.234962986766522e-28	8.23562057777067e-28
Pi	X	4	8	4.9657563303988795e-30	4.998435242107921e-30	5.022943253792812e-30	5.0369654432490864e-30	5.074306785593612e-30	5.0863781612976e-30	5.108415974572178e-30	5.140278576434718e-30	5.157368725307361e-30	5.1882642920859504e-30	5.2040336942074985e-30	5.2161603262163734e-30	5.258884793893567e-30	5.265503117911959e-30	5.298393526601149e-30	5.321948212931014e-30	5.333732317202989e-30	5.371958940798437e-30	5.381243607459228e-30	5.413111292317052e-30	5.4366481530243964e-30	5.4476642564477726e-30	5.486344076086427e-30	5.494364230794517e-30	5.5136342276216085e-30	5.544309015880703e-30	5.557808690715925e-30	5.589520151582531e-30	5.600119745362407e-30	5.6116496030782606e-30	5.6513032308991316e-30	5.653937729694599e-30	5.685380038629599e-30	5.7045996650462115e-30	5.715076306545551e-30	5.7510376510776646e-30	5.7564207667178045e-30	5.78558210758907e-30	5.802771430020696e-30	5.8132244869904e-30	5.847038513122406e-30	5.851815859216293e-30	5.8696564954122525e-30	5.895272861259538e-30	5.905909677612253e-30	5.932979003454419e-30	5.94148066635698e-30	5.948898550013471e-30	5.981892957630022e-30	5.98473271766429e-30	6.010708431738143e-30	6.025260381954873e-30	6.032378462848774e-30	6.0620026148158755e-30	6.063713231417267e-30	6.0881365813026165e-30	6.10240737709087e-30	6.109647210029732e-30	6.1352003852605e-30	6.137495130765705e-30	6.150952478024095e-30	6.1696069776266046e-30	6.177701184956674e-30	6.1986067370240556e-30	6.205687616284523e-30	6.208497949024601e-30	6.232093063386262e-30	6.233147423467938e-30	6.2512011302204914e-30	6.261997606693105e-30	6.266725687696356e-30	6.2873338560565516e-30	6.2864734810514866e-30	6.303012666339844e-30	6.310675130983348e-30	6.315867889381023e-30	6.332660820077336e-30	6.333533399334434e-30	6.34197491102377e-30	6.350991956480336e-30	6.357297275850156e-30	6.36818475855748e-30	6.371823666871282e-30	6.374266581978041e-30	6.385548250816174e-30	6.387579903047655e-30	6.394402561654627e-30	6.400077214882745e-30	6.402158473296386e-30	6.412533192420918e-30	6.412139925261981e-30	6.418076584336722e-30	6.420881221624512e-30	6.42185319213147e-30	6.429628999958564e-30	6.428212105464791e-30	6.431113213597555e-30	6.432841812656343e-30	6.435266597698935e-30	6.438388559915412e-30	6.436417672094537e-30	6.438172567480339e-30	6.436448966295809e-30	6.438770899695923e-30	6.438057151747707e-30	6.436312050982747e-30	6.435964343046555e-30	6.435146716139115e-30	6.433440130360737e-30	6.430654844666317e-30	6.428115345571447e-30	6.425279302453502e-30	6.423192670504616e-30	6.418534760763076e-30	6.414786953027588e-30	6.409800991292407e-30	6.405998197262098e-30	6.403419241141133e-30	6.398196027458679e-30	6.39142071990632e-30	6.382269891503338e-30
Pi	X	0	5	5.974346794739658e-29	5.970283006086667e-29	5.95805312561537e-29	5.942016640445426e-29	5.9356256743401e-29	5.914709453223413e-29	5.910116374490004e-29	5.880963253549867e-29	5.876699585373266e-29	5.856800208883654e-29	5.839793761693193e-29	5.828529961791247e-29	5.801250242607009e-29	5.796836327247193e-29	5.758255804935694e-29	5.753003915446624e-29	5.726579995552365e-29	5.709515107480008e-29	5.693226014813033e-29	5.661430840970851e-29	5.64660642460319e-29	5.609254413361724e-29	5.604535678920978e-29	5.572079565833758e-29	5.557221642735411e-29	5.536600649384554e-29	5.502265722830794e-29	5.485599877940569e-29	5.447702535076313e-29	5.439075398278828e-29	5.404623555149339e-29	5.3906025907634e-29	5.366917277339844e-29	5.33219622877624e-29	5.308958385065517e-29	5.276284343089859e-29	5.265478788971916e-29	5.231514270819279e-29	5.218505532495929e-29	5.193342248719893e-29	5.159955334344475e-29	5.135489331605314e-29	5.105240608004729e-29	5.092492500152818e-29	5.061127633234762e-29	5.0425906723030915e-29	5.0230947400010906e-29	4.9933989234368975e-29	4.9684537466346475e-29	4.9419829833011207e-29	4.9288727894911247e-29	4.894734407095505e-29	4.8828329017770624e-29	4.863624711888829e-29	4.83920508629431e-29	4.814006080223704e-29	4.792168788622403e-29	4.777581711719149e-29	4.7507719883463944e-29	4.7381686479611965e-29	4.719855984677297e-29	4.699821296277772e-29	4.676405148861852e-29	4.6595396951548847e-29	4.643660023079382e-29	4.625147894828684e-29	4.611705206040024e-29	4.594782761324054e-29	4.578893966663147e-29	4.558041835257881e-29	4.5458638744534543e-29	4.526658665014438e-29	4.5195807309328694e-29	4.504507018058787e-29	4.489878547069029e-29	4.476872448462475e-29	4.459105007681197e-29	4.450838522558418e-29	4.4311089078928585e-29	4.4305384197528444e-29	4.415529588352543e-29	4.4038593939392754e-29	4.392121752152133e-29	4.377795464175825e-29	4.3720648314218603e-29	4.3527136270707347e-29	4.3574204012250336e-29	4.341620946599662e-29	4.3334587944600915e-29	4.320874771715572e-29	4.310149123161388e-29	4.305590681516747e-29	4.287104723204833e-29	4.294103374292523e-29	4.2777809682882855e-29	4.2723153459548727e-29	4.257681625673266e-29	4.2504568679336133e-29	4.244766768041685e-29	4.228364842092249e-29	4.2341929813664573e-29	4.213763718023302e-29	4.2151581949349693e-29	4.1962985906139156e-29	4.1921369265788926e-29	4.1834813661145625e-29	4.1699686636427835e-29	4.171317778267448e-29	4.153283001589668e-29	4.152828951763168e-29	4.130822192057019e-29	4.1291129847453847e-29	4.116302167741104e-29	4.106203879792321e-29	4.1002976186908726e-29	4.085608603917223e-29	4.0817096449901703e-29	4.0570482988339307e-29	4.0569646508328423e-29	4.0394152037278287e-29	4.0329481260926567e-29
Pi	X	1	6	2.2916618729866668e-27	2.291402369416584e-27	2.2912207257899638e-27	2.292387281363425e-27	2.29333949684897e-27	2.294635845830779e-27	2.2952761999867273e-27	2.2963573860386803e-27	2.2975996616302698e-27	2.2974478145989116e-27	2.299238290321308e-27	2.2999350468895957e-27	2.3027369144100238e-27	2.3030042719104793e-27	2.302994838238728e-27	2.3052764084675387e-27	2.3061151205166418e-27	2.30786573358405e-27	2.3087614267352006e-27	2.3106966754104266e-27	2.31235324052281e-27	2.3124268101870308e-27	2.314590498320583e-27	2.3151197568195437e-27	2.3179176375026287e-27	2.319031386923107e-27	2.3199990771306014e-27	2.3216047242531895e-27	2.322679137049822e-27	2.3246480971586718e-27	2.325211076480298e-27	2.3276069775701316e-27	2.329150918902585e-27	2.3297139595483945e-27	2.3316255209613636e-27	2.332914721374861e-27	2.334735242577413e-27	2.3356905042932055e-27	2.337662587542288e-27	2.3381549305404836e-27	2.3394283162517513e-27	2.341125895184503e-27	2.3416183444531595e-27	2.3446335340075415e-27	2.3453107943428725e-27	2.3463843645418867e-27	2.3477719847819956e-27	2.348883422942188e-27	2.3506767294992516e-27	2.3516090524792497e-27	2.353458981304944e-27	2.3542843818531813e-27	2.355140598927555e-27	2.3572577375570332e-27	2.3576342939706383e-27	2.360560608382388e-27	2.3614867550723122e-27	2.3624858731508218e-27	2.364835268972704e-27	2.3652186655663183e-27	2.3675489701117904e-27	2.3684586914162638e-27	2.37092593128514e-27	2.3727047470025795e-27	2.372890534033753e-27	2.376244148686297e-27	2.3764710505395256e-27	2.3795397411153066e-27	2.3813630787591744e-27	2.383349255695582e-27	2.3866601202616587e-27	2.3863283158055952e-27	2.390554155649213e-27	2.3907564178356638e-27	2.3936789678716545e-27	2.3963722395020607e-27	2.3969416517149708e-27	2.4029278248570774e-27	2.4021626729636476e-27	2.405968799052488e-27	2.4075864378194312e-27	2.410576167903578e-27	2.4147767968340154e-27	2.4137532014592055e-27	2.4190564182671715e-27	2.4190273951582873e-27	2.4226868094125325e-27	2.4250714459534075e-27	2.4264012156495238e-27	2.432663021131585e-27	2.4312788244373926e-27	2.4353621863971656e-27	2.4364368532621816e-27	2.438661048791249e-27	2.4437602906804767e-27	2.442201098258541e-27	2.447150810490938e-27	2.446346585176986e-27	2.4492501800923955e-27	2.4510370992373242e-27	2.452554051865396e-27	2.4575735053458116e-27	2.455474505880621e-27	2.4586548528303294e-27	2.4582627177226753e-27	2.4600857537586657e-27	2.4611430044516655e-27	2.4618347720883987e-27	2.4648324345371537e-27	2.4630494813738617e-27	2.4645379576585123e-27	2.4647581819688513e-27	2.467940641377306e-27	2.4682696122734726e-27	2.4662776956755628e-27	2.4675914970079783e-27	2.465534462287149e-27	2.4666249773884974e-27	2.4652272846577606e-27	2.4664927168856524e-27	2.466855781311294e-27
Pi	X	2	7	2.1277422917136435e-28	2.1304352907919675e-28	2.1346617647500198e-28	2.1375314533687125e-28	2.139050794448043e-28	2.142210890221394e-28	2.143753591741061e-28	2.148029264390944e-28	2.149092076510698e-28	2.151672144184333e-28	2.1533840751526677e-28	2.153614955361403e-28	2.157395868819572e-28	2.1569620599723775e-28	2.159310683455115e-28	2.160747014415492e-28	2.160215500616482e-28	2.162685681208276e-28	2.1610316104784135e-28	2.162931031352748e-28	2.1632549092340724e-28	2.162783431235585e-28	2.1631918637029517e-28	2.161553862879771e-28	2.163358502686355e-28	2.1616066174988805e-28	2.161395906563527e-28	2.160824026184419e-28	2.158647554406726e-28	2.160162350791648e-28	2.156116408794119e-28	2.1564392301878568e-28	2.1555876356499437e-28	2.15293572877376e-28	2.1536105861236985e-28	2.149240127393162e-28	2.1493938489001013e-28	2.1477935283497315e-28	2.145411860283798e-28	2.144927634058699e-28	2.1405239263519273e-28	2.1402573700375104e-28	2.136826249360919e-28	2.136211132899359e-28	2.133351677965525e-28	2.130737790647375e-28	2.130066081787072e-28	2.126417095192707e-28	2.125961012615435e-28	2.1223360141718655e-28	2.120634236744363e-28	2.119413506474765e-28	2.114962138788867e-28	2.115440016579532e-28	2.1117713164489664e-28	2.110680084492666e-28	2.108464704365189e-28	2.1059828642646535e-28	2.1045317261769365e-28	2.1019665660600096e-28	2.1013558078233455e-28	2.0989545155756793e-28	2.097307243900986e-28	2.095842890856654e-28	2.0927194515457135e-28	2.0931594784333633e-28	2.090827701405834e-28	2.089858470387827e-28	2.088342479886416e-28	2.0855891449175854e-28	2.0861500911803423e-28	2.0828801675621493e-28	2.083738433121345e-28	2.082313076905536e-28	2.080082584611525e-28	2.080545851793849e-28	2.0775169810432306e-28	2.0790899699882826e-28	2.076418093049021e-28	2.0768063857288787e-28	2.075862502765629e-28	2.07321435979371e-28	2.0753222607326633e-28	2.0725365029045817e-28	2.0735426799848113e-28	2.071989022749272e-28	2.06977608362971e-28	2.0721236678248923e-28	2.0692700042776498e-28	2.0705957153519747e-28	2.068834254340557e-28	2.0676923170146233e-28	2.069257893101369e-28	2.065237556778768e-28	2.0675075542114897e-28	2.065642148414818e-28	2.064826868393166e-28	2.064225477200078e-28	2.062348241655543e-28	2.063948949142604e-28	2.0606628569819963e-28	2.0610090528065107e-28	2.0601729900681274e-28	2.058576253838469e-28	2.0594890842725464e-28	2.0564758425264824e-28	2.0568675652789335e-28	2.0559205131884114e-28	2.0536193217229634e-28	2.0539316832261054e-28	2.051004221546179e-28	2.0507440524371054e-28	2.0489758580403397e-28	2.0474763685615902e-28	2.0473488532761106e-28	2.044120189087411e-28	2.0434321397301213e-28	2.041843629364187e-28	2.040336409896839e-28	2.0383673309536535e-28	2.0359063997192208e-28
Pi	X	3	8	1.1139458419908078e-28	1.1144108621432942e-28	1.1188167742307238e-28	1.118354898616539e-28	1.1193930925478912e-28	1.1227171223755765e-28	1.122973447383676e-28	1.1271592377714755e-28	1.126567490096361e-28	1.1276193331875353e-28	1.1305213854884552e-28	1.1306529710843587e-28	1.1343255030109405e-28	1.1338311284194382e-28	1.1349114947308545e-28	1.1372191590587497e-28	1.1373575652368965e-28	1.1404108922385743e-28	1.1399437071946182e-28	1.1409008208324908e-28	1.1426940323885532e-28	1.1426946532186502e-28	1.1452378815745088e-28	1.1442160246402746e-28	1.1456969394503627e-28	1.1468810074216684e-28	1.1467306521550085e-28	1.1484089893494288e-28	1.147966204204973e-28	1.1488493455472292e-28	1.1497482962844813e-28	1.1494799076100885e-28	1.1507890843414788e-28	1.1503015447318418e-28	1.15093302279528e-28	1.1512700203253679e-28	1.1509941811144748e-28	1.1518742194864987e-28	1.1513683748173632e-28	1.1517417800703466e-28	1.1515679622395862e-28	1.1512438419797308e-28	1.151753223660803e-28	1.1513016801383535e-28	1.151377554387738e-28	1.150778094209842e-28	1.150412562922109e-28	1.1505789252773362e-28	1.150157239457453e-28	1.1500234061389874e-28	1.1490638486274014e-28	1.1486893247474834e-28	1.1485631080330204e-28	1.1481527856385897e-28	1.1478687388868726e-28	1.1466418240212454e-28	1.1462895994289248e-28	1.1459334459668847e-28	1.1455786041434923e-28	1.145164473516485e-28	1.1438979000537463e-28	1.1434556822292193e-28	1.1429472416156405e-28	1.1426540519289e-28	1.1421729477981777e-28	1.140773049361402e-28	1.140460011608883e-28	1.1398544905896611e-28	1.1396368709847445e-28	1.1391677221640022e-28	1.1377080587491517e-28	1.1375675716262078e-28	1.1369170992551161e-28	1.1367959403197386e-28	1.1363555263315088e-28	1.1349368441968675e-28	1.1349851487574082e-28	1.134318995563138e-28	1.1343708919485777e-28	1.133963576524731e-28	1.132683442369167e-28	1.1328993979708345e-28	1.1322611010283976e-28	1.1324619031497904e-28	1.132105234785748e-28	1.130849157182122e-28	1.131429292022671e-28	1.1308844526250542e-28	1.1311998625659217e-28	1.1309055020161457e-28	1.129918100937885e-28	1.130601369513525e-28	1.1303642407356668e-28	1.130609754290279e-28	1.1305441385975456e-28	1.1298579552183797e-28	1.130444968530025e-28	1.1302277445521989e-28	1.130631657224963e-28	1.1307435616118372e-28	1.1302598812606288e-28	1.1309353098974112e-28	1.130701237026022e-28	1.1310210431143086e-28	1.131507488223161e-28	1.13117086245313e-28	1.13185888780462e-28	1.13178500227996e-28	1.132115973133858e-28	1.1326710051880002e-28	1.1324757429540735e-28	1.1331807936657397e-28	1.1330781837812612e-28	1.1333936250990715e-28	1.134135067431163e-28	1.13404015594985e-28	1.1347292226142324e-28	1.134621583540764e-28	1.135059699362724e-28	1.1356347682269183e-28	1.1357254456112065e-28
Pi	X	0	6	4.565075320175212e-29	4.5619701440991125e-29	4.552625102742535e-29	4.540371435929612e-29	4.5354880317960834e-29	4.5195056809843744e-29	4.515996025449526e-29	4.4937197118389436e-29	4.490461820406154e-29	4.4752563946151467e-29	4.4622616068529817e-29	4.453654754500543e-29	4.432809989851801e-29	4.4294371911403615e-29	4.3999572631570786e-29	4.3959442472702627e-29	4.375753316109714e-29	4.362713893831914e-29	4.350267092828716e-29	4.3259720048045864e-29	4.314644396700351e-29	4.2861031953149143e-29	4.282497487175396e-29	4.25769720646722e-29	4.246344213781363e-29	4.230587295430674e-29	4.2043515329414665e-29	4.191616823288542e-29	4.1626589190980214e-29	4.1560666993225905e-29	4.129741452053484e-29	4.119027960838228e-29	4.100929522212785e-29	4.074398695083547e-29	4.056642167385147e-29	4.0316754581328644e-29	4.023418646728299e-29	3.997465780777511e-29	3.9875257138286887e-29	3.968297904211813e-29	3.9427864868667803e-29	3.9240914806445344e-29	3.900977961038182e-29	3.8912367927723904e-29	3.867270377605649e-29	3.853105955451566e-29	3.8382087631973555e-29	3.815517735673733e-29	3.7964565757612166e-29	3.7762298254982144e-29	3.7662119420289674e-29	3.740126331945632e-29	3.731032076685232e-29	3.716354759002041e-29	3.697695315709815e-29	3.6784402095960106e-29	3.661753945853403e-29	3.6506075544918856e-29	3.630121888181924e-29	3.620491332086394e-29	3.606498310271266e-29	3.5911894390553386e-29	3.5732966599308493e-29	3.56040944063742e-29	3.5482753727955665e-29	3.5341300250938355e-29	3.5238581037005784e-29	3.510927384821599e-29	3.498786437131614e-29	3.4828528921258077e-29	3.4735474521235214e-29	3.458872356031489e-29	3.4534640022120013e-29	3.441945803770592e-29	3.4307679513236694e-29	3.4208297170990457e-29	3.407253263122418e-29	3.400936647799425e-29	3.385860880018555e-29	3.385424951946185e-29	3.373956356496019e-29	3.36503897808866e-29	3.3560700096360544e-29	3.345123024089767e-29	3.3407441037797444e-29	3.3259575202781474e-29	3.3295540378892005e-29	3.3174813389179975e-29	3.311244517898803e-29	3.3016288410872336e-29	3.2934331961846826e-29	3.289949981623721e-29	3.2758245870390576e-29	3.28117237801691e-29	3.2687001257546016e-29	3.26452376958167e-29	3.2533419160543595e-29	3.2478213905519657e-29	3.2434734940813804e-29	3.230940575161372e-29	3.2353939955465995e-29	3.219783615257664e-29	3.2208492640768347e-29	3.206438345547141e-29	3.2032584125743876e-29	3.1966446079158574e-29	3.1863194166575745e-29	3.187350388244125e-29	3.1735697205752437e-29	3.1732228910277575e-29	3.156407219259821e-29	3.15510127689001e-29	3.1453124450539224e-29	3.137596282815341e-29	3.133083346438896e-29	3.121859274954784e-29	3.118880148120589e-29	3.100036109064667e-29	3.099972302300171e-29	3.086562670419912e-29	3.081621184813875e-29
Pi	X	1	7	6.383029895589357e-29	6.382307105362091e-29	6.381801083272312e-29	6.385050235266287e-29	6.387702521262706e-29	6.391313154604638e-29	6.393096735825012e-29	6.396108003313834e-29	6.399568195560073e-29	6.399145144517231e-29	6.404132190109283e-29	6.406072875113221e-29	6.413876895908148e-29	6.414621519484141e-29	6.414595030622319e-29	6.420949996693089e-29	6.423285979755261e-29	6.428162063445457e-29	6.430656783074433e-29	6.436047004389967e-29	6.440660989013611e-29	6.440865761342517e-29	6.446892298295031e-29	6.448366312731671e-29	6.456159420808351e-29	6.459261446607548e-29	6.461956693801267e-29	6.466428789083519e-29	6.469421301681209e-29	6.474905383401348e-29	6.476473335409617e-29	6.483146788610378e-29	6.487446984660439e-29	6.489015161418404e-29	6.494339264602802e-29	6.497930018988158e-29	6.503000587031958e-29	6.50566120723492e-29	6.511154158560681e-29	6.512525208704084e-29	6.516071956170363e-29	6.520800001052863e-29	6.522171535852197e-29	6.530569571848826e-29	6.5324558930226e-29	6.535445982882117e-29	6.539310794319105e-29	6.54240643211399e-29	6.547401059349782e-29	6.549997759867694e-29	6.555150082651439e-29	6.557449048299574e-29	6.559833705679832e-29	6.565730437040406e-29	6.566779161715291e-29	6.574929519644033e-29	6.577508985234298e-29	6.580291498703866e-29	6.586835294750067e-29	6.587902917187973e-29	6.594393386163737e-29	6.596927060809968e-29	6.603798766698205e-29	6.608753128335769e-29	6.60927025194883e-29	6.618611135557606e-29	6.619242790039044e-29	6.627789890006825e-29	6.63286820341472e-29	6.638400040308349e-29	6.64762162297261e-29	6.646697095820956e-29	6.658467391804516e-29	6.659030336320752e-29	6.667170415470968e-29	6.67467168655455e-29	6.676257450237483e-29	6.692930591651984e-29	6.690799055511844e-29	6.701400335482902e-29	6.705905488680191e-29	6.714232739389933e-29	6.725932467572965e-29	6.723081170586336e-29	6.737852087513561e-29	6.737770896270272e-29	6.747963534201584e-29	6.754604996419731e-29	6.758308759157368e-29	6.775749496127423e-29	6.771893862084461e-29	6.783267109200778e-29	6.786260057741854e-29	6.792455134647215e-29	6.806657762228407e-29	6.802314755104479e-29	6.81610091088702e-29	6.813860720048118e-29	6.821947913955005e-29	6.826924777774954e-29	6.831149998312505e-29	6.845130275963462e-29	6.839283889590765e-29	6.848141779067491e-29	6.84704943330421e-29	6.852126944483275e-29	6.855071484185562e-29	6.856998279874917e-29	6.865347341099221e-29	6.860381220512754e-29	6.864526681883644e-29	6.865140037163902e-29	6.874004071135848e-29	6.874920231699211e-29	6.869371959034545e-29	6.873031027709258e-29	6.867301487728258e-29	6.870338541947514e-29	6.866445517975668e-29	6.869970072507787e-29	6.87098121691119e-29
Pi	X	2	8	9.965405699769752e-32	9.978018476755345e-32	9.997813472381362e-32	1.0011253655617008e-31	1.0018369683937317e-31	1.0033170072394948e-31	1.0040395379699397e-31	1.0060420602784315e-31	1.0065398408588698e-31	1.007748222696106e-31	1.0085500188000412e-31	1.0086581535938337e-31	1.0104289631892398e-31	1.010225780647033e-31	1.0113257470482302e-31	1.011998474291562e-31	1.011749523946414e-31	1.012906458754283e-31	1.0121317631812949e-31	1.0130213590023947e-31	1.013173039409633e-31	1.0129522045523113e-31	1.0131434919604161e-31	1.0123763148748793e-31	1.0132215419142814e-31	1.012401021941349e-31	1.0123023262660751e-31	1.0120344583384144e-31	1.011015097168777e-31	1.0117245379252448e-31	1.0098295868133964e-31	1.0099807921545999e-31	1.0095819110466775e-31	1.0083398783127328e-31	1.0086559117820597e-31	1.0066089789378087e-31	1.0066809420141065e-31	1.0059314028835508e-31	1.0048159554964849e-31	1.004589114305935e-31	1.002526613951139e-31	1.0024017228325424e-31	1.000794720574322e-31	1.0005065961603728e-31	9.991673327359505e-32	9.979430925304918e-32	9.97628460446517e-32	9.959194228199126e-32	9.957057701705871e-32	9.940079478464791e-32	9.932108766864007e-32	9.926391249699837e-32	9.905542738527745e-32	9.907780617352157e-32	9.890597757763542e-32	9.885486503689589e-32	9.875110280679641e-32	9.8634859512495e-32	9.856689369131808e-32	9.844674854375887e-32	9.841814141519299e-32	9.830567195789604e-32	9.822851606390438e-32	9.815992885012245e-32	9.801363515221987e-32	9.803424460774263e-32	9.792502911889824e-32	9.787963181550942e-32	9.780862563750586e-32	9.767966679621551e-32	9.770593609220657e-32	9.755278172690037e-32	9.759297928534515e-32	9.752621630433243e-32	9.742174709347061e-32	9.744344049989165e-32	9.730157719050652e-32	9.737524612003996e-32	9.725010304731147e-32	9.726828804463477e-32	9.722407504109174e-32	9.71000457202812e-32	9.719876605575887e-32	9.706829109661377e-32	9.711541194304394e-32	9.704264205786366e-32	9.693899755171224e-32	9.704894214167306e-32	9.691528874896107e-32	9.697737347250742e-32	9.689487320912008e-32	9.684138642234667e-32	9.691470816202869e-32	9.672641404690716e-32	9.683272493656862e-32	9.674535740814714e-32	9.670716823261594e-32	9.667900105529958e-32	9.659107729365028e-32	9.666604489114271e-32	9.651214027502788e-32	9.65283482802013e-32	9.648919240851187e-32	9.641440383155393e-32	9.645715695151048e-32	9.631602887069148e-32	9.633437370762378e-32	9.62900188502692e-32	9.61822371824603e-32	9.61968683717307e-32	9.605975541078084e-32	9.604757160436906e-32	9.59647566256611e-32	9.589452702179279e-32	9.588855489309272e-32	9.573733659461391e-32	9.570511336457916e-32	9.563071121312949e-32	9.556012248817417e-32	9.546789909787965e-32	9.535264138677062e-32
Pi	X	0	7	1.6895954522091108e-28	1.6884461918492098e-28	1.6849874541652698e-28	1.6804522153245396e-28	1.6786448082517703e-28	1.6727295276210304e-28	1.6714305472037027e-28	1.6631857701431068e-28	1.6619799938369647e-28	1.6563522399844027e-28	1.6515427181367654e-28	1.648357191845318e-28	1.64064227357621e-28	1.6393939280541817e-28	1.6284829907178023e-28	1.6269977280299827e-28	1.6195247648616878e-28	1.6146987315291828e-28	1.6100919658264842e-28	1.6011000341905747e-28	1.5969075026907112e-28	1.586344002810024e-28	1.5850094570892481e-28	1.5758304828323922e-28	1.5716286432942191e-28	1.565796736426806e-28	1.5560865285375202e-28	1.55137319304737e-28	1.5406554627349567e-28	1.538215548722521e-28	1.5284721625280388e-28	1.524506999283521e-28	1.517808450927989e-28	1.5079890261539004e-28	1.5014170210357398e-28	1.492176486751695e-28	1.4891204711781976e-28	1.47951491229379e-28	1.475835991465208e-28	1.4687194339031077e-28	1.4592772986152267e-28	1.4523579395060803e-28	1.4438032845867889e-28	1.4401978780891135e-28	1.4313275407142773e-28	1.4260850620146851e-28	1.4205713722140763e-28	1.4121730907376972e-28	1.4051182090116196e-28	1.3976319785670897e-28	1.3939241398440883e-28	1.3842694935904244e-28	1.3809035234818558e-28	1.3754712149502554e-28	1.3685650682633959e-28	1.3614384076505518e-28	1.3552625550848692e-28	1.3511370394940845e-28	1.3435550157491281e-28	1.3399905456954132e-28	1.334811509191298e-28	1.3291454481107237e-28	1.3225230116161356e-28	1.317753235865399e-28	1.3132621728383468e-28	1.308026793549161e-28	1.3042249422761515e-28	1.2994390858939994e-28	1.2949455127936659e-28	1.2890482296120783e-28	1.2856041205331626e-28	1.2801726119702742e-28	1.2781709025787564e-28	1.2739077912711608e-28	1.2697706988233275e-28	1.2660923827545075e-28	1.2610675061422402e-28	1.2587296073466777e-28	1.2531498180396223e-28	1.2529884709425487e-28	1.2487437288301027e-28	1.2454432747766147e-28	1.2421237055507169e-28	1.2380720460513295e-28	1.2364513211134347e-28	1.2309785771777493e-28	1.2323097008009834e-28	1.2278413806194672e-28	1.2255330435475338e-28	1.2219741277771104e-28	1.2189407944955635e-28	1.217651589992166e-28	1.2124235781911206e-28	1.2144028797739963e-28	1.2097866957730093e-28	1.2082409689755247e-28	1.204102399653846e-28	1.2020591812708298e-28	1.2004499594857993e-28	1.1958113600770434e-28	1.1974596561305906e-28	1.1916819988062863e-28	1.19207645401028e-28	1.1867427595053836e-28	1.1855658429664645e-28	1.183117993579072e-28	1.179296517601574e-28	1.1796781321822504e-28	1.1745776977375347e-28	1.174449377683433e-28	1.1682256632927403e-28	1.1677423504497159e-28	1.1641194041130765e-28	1.1612635770189255e-28	1.1595933242977066e-28	1.155439142824998e-28	1.154336575173069e-28	1.147362149438911e-28	1.1473385775002502e-28	1.1423755438747042e-28	1.1405466705327476e-28
Pi	X	1	8	1.7907765132765656e-29	1.7905737362371927e-29	1.7904317445666146e-29	1.791343276403271e-29	1.7920873987521074e-29	1.7931003342926326e-29	1.7936007183021106e-29	1.7944454799323297e-29	1.7954162606886305e-29	1.7952975400256375e-29	1.796696664314297e-29	1.7972411256055274e-29	1.7994305349291466e-29	1.7996394245064652e-29	1.7996319283786173e-29	1.801414845071269e-29	1.8020701796475214e-29	1.8034381940981965e-29	1.804138070390874e-29	1.805650287189099e-29	1.8069447251488773e-29	1.807002131115797e-29	1.8086928791787584e-29	1.8091063742677732e-29	1.8112927802151785e-29	1.8121630221276134e-29	1.8129191545961393e-29	1.8141737650813483e-29	1.8150132985969523e-29	1.8165518369683011e-29	1.8169916907532235e-29	1.8188639714645815e-29	1.8200703465445445e-29	1.820510279745135e-29	1.8220039040509506e-29	1.8230112722475535e-29	1.824433779224936e-29	1.8251801940951724e-29	1.8267212726156486e-29	1.8271058375629047e-29	1.828100872301986e-29	1.8294272565886954e-29	1.8298120147306284e-29	1.832168029138885e-29	1.8326972201796517e-29	1.8335360509902565e-29	1.834620284063463e-29	1.8354887488523626e-29	1.8368899082380654e-29	1.8376183818389734e-29	1.8390637782774697e-29	1.8397087455586742e-29	1.8403777106980253e-29	1.842031995962303e-29	1.8423261856510546e-29	1.844612673367921e-29	1.845336301976726e-29	1.846116835145138e-29	1.8479527023530976e-29	1.8482521470345253e-29	1.8500730072029874e-29	1.8507837766441485e-29	1.8527115414366467e-29	1.8541014333607557e-29	1.854246406371084e-29	1.8568670068139957e-29	1.8570441155964826e-29	1.859441964286945e-29	1.8608666141139521e-29	1.8624184898673964e-29	1.8650055509680755e-29	1.864746068329989e-29	1.868048240745326e-29	1.868206048368712e-29	1.870489714903439e-29	1.8725941036944007e-29	1.873038922431065e-29	1.877716522654403e-29	1.8771184120830232e-29	1.880092621270001e-29	1.881356402283575e-29	1.8836925964159164e-29	1.8869748655491452e-29	1.8861748510994288e-29	1.8903187870102107e-29	1.8902959017057682e-29	1.8931554648058144e-29	1.8950185836624219e-29	1.896057659572668e-29	1.9009505711244562e-29	1.8998688041138598e-29	1.903059522345451e-29	1.9038990957498685e-29	1.9056371302854284e-29	1.9096215848690862e-29	1.908403098387435e-29	1.9122707159260948e-29	1.911642175848231e-29	1.9139109782838412e-29	1.9153071624737105e-29	1.9164925626865787e-29	1.9204146021003207e-29	1.9187743871075156e-29	1.9212593649163313e-29	1.920952867655873e-29	1.9223773038958126e-29	1.923203326676426e-29	1.9237438932535825e-29	1.926086120328485e-29	1.924692858178427e-29	1.9258557473056207e-29	1.9260278131758036e-29	1.928514593885433e-29	1.9287715854230145e-29	1.9272149624004487e-29	1.9282414334703452e-29	1.9266339881674866e-29	1.9274859243619008e-29	1.9263937284589574e-29	1.927382524816249e-29	1.927666171057664e-29
Pi	X	0	8	7.427125404907926e-30	7.422073517687907e-30	7.4068695338343e-30	7.386933560581006e-30	7.378988587950077e-30	7.352986197215254e-30	7.34727609037823e-30	7.311033617822858e-30	7.305733326576411e-30	7.280994734062875e-30	7.259853142434437e-30	7.245850130854965e-30	7.211936923450662e-30	7.206449313462918e-30	7.15848690122785e-30	7.151958020979913e-30	7.119108221762704e-30	7.097894088699457e-30	7.077643481694277e-30	7.03811676561121e-30	7.019687078023898e-30	6.973251942108437e-30	6.967385426048689e-30	6.927036202657265e-30	6.908566013942149e-30	6.882929823205758e-30	6.840245675861632e-30	6.819526557132851e-30	6.772413439928205e-30	6.761687847715152e-30	6.718857575033674e-30	6.701427712196337e-30	6.671981873571434e-30	6.628817585205717e-30	6.599927993221801e-30	6.559308342410982e-30	6.545874423967401e-30	6.503650031784234e-30	6.487478375271226e-30	6.456194985159429e-30	6.414689149549468e-30	6.384272608352815e-30	6.346667894736475e-30	6.330818912651311e-30	6.29182645317904e-30	6.268781385822063e-30	6.244544113743751e-30	6.2076268032028834e-30	6.176614511360138e-30	6.1437063434909655e-30	6.1274070124152035e-30	6.084967046848274e-30	6.070170604407029e-30	6.046291081289492e-30	6.015932858002163e-30	5.9846050556890205e-30	5.957457031314724e-30	5.9393216710820606e-30	5.905992581649522e-30	5.890323535637635e-30	5.8675573696426625e-30	5.8426502875915446e-30	5.813538995491853e-30	5.792571803279312e-30	5.77282959233095e-30	5.7498159217232e-30	5.7331033791848584e-30	5.7120655909448946e-30	5.692312518929979e-30	5.6663889258385445e-30	5.6512491111801075e-30	5.627372998450007e-30	5.6185738570961306e-30	5.599833725215218e-30	5.581647796130413e-30	5.5654784475636234e-30	5.543389854691067e-30	5.533112750251238e-30	5.5085848878073345e-30	5.5078756176578016e-30	5.489216282962096e-30	5.4747080817478055e-30	5.4601157539543944e-30	5.4423053045010815e-30	5.435180787027866e-30	5.41112354334816e-30	5.416974918590213e-30	5.3973328207686046e-30	5.387185800925998e-30	5.371541395617821e-30	5.358207392469779e-30	5.352540209799388e-30	5.32955884217104e-30	5.338259518083841e-30	5.31796751751619e-30	5.3111728029321396e-30	5.2929804007660166e-30	5.2839988286832296e-30	5.276924975954074e-30	5.256534623402975e-30	5.263780326778405e-30	5.23838267221034e-30	5.240116829954182e-30	5.216670871355865e-30	5.211497471911199e-30	5.2007372521731464e-30	5.183938877793259e-30	5.185616561575418e-30	5.163195947701057e-30	5.162632098406021e-30	5.135273844095285e-30	5.133149458527651e-30	5.117223856429306e-30	5.1046703411713175e-30	5.0973284589225446e-30	5.0790674921169465e-30	5.0742210482705755e-30	5.0435628854894795e-30	5.043459476616889e-30	5.021643209170448e-30	5.0136040202255536e-30
