Upper State	Lower State	Upper Vib	Lower Vib	v = -30.0 km/s	v = -29.5 km/s	v = -29.0 km/s	v = -28.5 km/s	v = -28.0 km/s	v = -27.5 km/s	v = -27.0 km/s	v = -26.5 km/s	v = -26.0 km/s	v = -25.5 km/s	v = -25.0 km/s	v = -24.5 km/s	v = -24.0 km/s	v = -23.5 km/s	v = -23.0 km/s	v = -22.5 km/s	v = -22.0 km/s	v = -21.5 km/s	v = -21.0 km/s	v = -20.5 km/s	v = -20.0 km/s	v = -19.5 km/s	v = -19.0 km/s	v = -18.5 km/s	v = -18.0 km/s	v = -17.5 km/s	v = -17.0 km/s	v = -16.5 km/s	v = -16.0 km/s	v = -15.5 km/s	v = -15.0 km/s	v = -14.5 km/s	v = -14.0 km/s	v = -13.5 km/s	v = -13.0 km/s	v = -12.5 km/s	v = -12.0 km/s	v = -11.5 km/s	v = -11.0 km/s	v = -10.5 km/s	v = -10.0 km/s	v = -9.5 km/s	v = -9.0 km/s	v = -8.5 km/s	v = -8.0 km/s	v = -7.5 km/s	v = -7.0 km/s	v = -6.5 km/s	v = -6.0 km/s	v = -5.5 km/s	v = -5.0 km/s	v = -4.5 km/s	v = -4.0 km/s	v = -3.5 km/s	v = -3.0 km/s	v = -2.5 km/s	v = -2.0 km/s	v = -1.5 km/s	v = -1.0 km/s	v = -0.5 km/s	v = 0.0 km/s	v = 0.5 km/s	v = 1.0 km/s	v = 1.5 km/s	v = 2.0 km/s	v = 2.5 km/s	v = 3.0 km/s	v = 3.5 km/s	v = 4.0 km/s	v = 4.5 km/s	v = 5.0 km/s	v = 5.5 km/s	v = 6.0 km/s	v = 6.5 km/s	v = 7.0 km/s	v = 7.5 km/s	v = 8.0 km/s	v = 8.5 km/s	v = 9.0 km/s	v = 9.5 km/s	v = 10.0 km/s	v = 10.5 km/s	v = 11.0 km/s	v = 11.5 km/s	v = 12.0 km/s	v = 12.5 km/s	v = 13.0 km/s	v = 13.5 km/s	v = 14.0 km/s	v = 14.5 km/s	v = 15.0 km/s	v = 15.5 km/s	v = 16.0 km/s	v = 16.5 km/s	v = 17.0 km/s	v = 17.5 km/s	v = 18.0 km/s	v = 18.5 km/s	v = 19.0 km/s	v = 19.5 km/s	v = 20.0 km/s	v = 20.5 km/s	v = 21.0 km/s	v = 21.5 km/s	v = 22.0 km/s	v = 22.5 km/s	v = 23.0 km/s	v = 23.5 km/s	v = 24.0 km/s	v = 24.5 km/s	v = 25.0 km/s	v = 25.5 km/s	v = 26.0 km/s	v = 26.5 km/s	v = 27.0 km/s	v = 27.5 km/s	v = 28.0 km/s	v = 28.5 km/s	v = 29.0 km/s	v = 29.5 km/s	v = 30.0 km/s
Pi	X	8	0	5.712469074658324e-16	5.712190411816726e-16	5.715210539242705e-16	5.720180193481729e-16	5.723634486225041e-16	5.721446592414428e-16	5.72692998252656e-16	5.731131379606195e-16	5.729833163348932e-16	5.73242967279231e-16	5.736974419216071e-16	5.736825257771606e-16	5.733763816943634e-16	5.741490144212569e-16	5.740274357523611e-16	5.737698049550049e-16	5.743852709040806e-16	5.741362576765319e-16	5.746274343454959e-16	5.740116011743951e-16	5.74143455218922e-16	5.746773025169215e-16	5.737485405902204e-16	5.739735729272068e-16	5.744991769073897e-16	5.736793537608429e-16	5.732088636869376e-16	5.742575699916287e-16	5.732546376027143e-16	5.728615658982291e-16	5.737692392394474e-16	5.72654602337746e-16	5.73323340723662e-16	5.724976830204783e-16	5.7206868076812095e-16	5.727046341913685e-16	5.713858818843362e-16	5.712972946004262e-16	5.719225196466789e-16	5.704796674343643e-16	5.691292362658772e-16	5.712261540382767e-16	5.696128686208818e-16	5.700123415226899e-16	5.702936413772889e-16	5.686930686674459e-16	5.694366749083148e-16	5.687271339772984e-16	5.677917827285168e-16	5.68518557218405e-16	5.668868436246668e-16	5.6677347124617955e-16	5.675318846081217e-16	5.657594486150883e-16	5.647290609135196e-16	5.665255430218117e-16	5.647826602575076e-16	5.654374740412933e-16	5.653629123690934e-16	5.63743073047285e-16	5.642057524288488e-16	5.638654890308017e-16	5.626737511264814e-16	5.63028731007958e-16	5.615118411883945e-16	5.614585922815424e-16	5.617195972631759e-16	5.601837317957022e-16	5.597599282304054e-16	5.602850381339643e-16	5.588865715669246e-16	5.585824338860135e-16	5.586589394722318e-16	5.574397873067342e-16	5.569102769772599e-16	5.569157464950911e-16	5.558360266011814e-16	5.550357738989639e-16	5.53971400246214e-16	5.540859080934621e-16	5.52968002934465e-16	5.520934589362323e-16	5.521977087619512e-16	5.507187465249862e-16	5.499747855343492e-16	5.481404581227728e-16	5.482946535685126e-16	5.476767759143536e-16	5.456862383586115e-16	5.458353104439686e-16	5.452595639083e-16	5.428828105074029e-16	5.42502419124258e-16	5.427928606127206e-16	5.399535233370455e-16	5.399536083986332e-16	5.404802494837033e-16	5.370140056241225e-16	5.37039970866952e-16	5.338677007124079e-16	5.340118924064744e-16	5.340476476791695e-16	5.309637419222053e-16	5.311144205181109e-16	5.312422547822748e-16	5.278031930051874e-16	5.281359070654936e-16	5.285173828289632e-16	5.247048392999935e-16	5.255422539332015e-16	5.259802024893523e-16	5.219385136553161e-16	5.22681708674562e-16	5.192454194970534e-16	5.192414132272493e-16	5.199489010953406e-16	5.167315705962744e-16	5.174966068859525e-16	5.176321488454977e-16	5.143052694774077e-16	5.154066462872455e-16
Pi	X	7	0	1.1577639093463316e-17	1.1600854333949206e-17	1.1632781836026136e-17	1.1692857556101574e-17	1.1698756934917731e-17	1.1743947842110699e-17	1.177724479762187e-17	1.1788183034484098e-17	1.1826624542958078e-17	1.1859197805997412e-17	1.1882816015126984e-17	1.1927617034339271e-17	1.1929827002141671e-17	1.1961852613713546e-17	1.2014187877851189e-17	1.2005210506916341e-17	1.2048530530349769e-17	1.207763093783006e-17	1.206608156116287e-17	1.2105422798122613e-17	1.2132049545411146e-17	1.2143483390563212e-17	1.2184135011591583e-17	1.2168730879743448e-17	1.2196351475061887e-17	1.2245066635870815e-17	1.2220469148219794e-17	1.2264378847493692e-17	1.229251779169156e-17	1.2266522259081304e-17	1.2307065654017632e-17	1.2332156877594187e-17	1.2325925168795412e-17	1.2361142241688388e-17	1.233622106764055e-17	1.2366986801379664e-17	1.2410397556395874e-17	1.2378784739902531e-17	1.2414109509668241e-17	1.244377190649469e-17	1.2424543963612066e-17	1.2449131635498496e-17	1.2472948500264277e-17	1.2461950591527234e-17	1.249077752549643e-17	1.246187633382718e-17	1.2492370429738518e-17	1.2524403755265545e-17	1.2496998917399858e-17	1.2530358763634883e-17	1.2553047650868126e-17	1.2534730983373068e-17	1.2554299144370513e-17	1.2571669510783303e-17	1.2561151789875687e-17	1.2582033349604166e-17	1.2566895122113531e-17	1.2589529697517195e-17	1.260505883068168e-17	1.2587567956593335e-17	1.2610024760410472e-17	1.2620042558088616e-17	1.261463586276422e-17	1.2629799640469437e-17	1.2635341907233693e-17	1.2632601342213031e-17	1.2641838126486802e-17	1.263313955911377e-17	1.2647166832433125e-17	1.2644793462583654e-17	1.2643765685838528e-17	1.2651952723176444e-17	1.265431035449022e-17	1.2652951289706688e-17	1.2645158419439305e-17	1.2655425836102064e-17	1.2659497531337356e-17	1.2647257699082796e-17	1.2654254926925345e-17	1.2648201986113722e-17	1.2631864475410157e-17	1.2650182947164423e-17	1.2640228215955009e-17	1.2630201139311893e-17	1.2637649758847284e-17	1.2611141802347706e-17	1.261868615507224e-17	1.2629196160145744e-17	1.2599451974119942e-17	1.2615091823593001e-17	1.2594810071649714e-17	1.2567471856346966e-17	1.2598373603444505e-17	1.2574383074019422e-17	1.2550272401089872e-17	1.2568422218904549e-17	1.252476709127469e-17	1.2537618777041463e-17	1.2544646382617884e-17	1.2489683668957383e-17	1.2529983762559844e-17	1.249366125305173e-17	1.2466680106415793e-17	1.2499073549964434e-17	1.2467931109110059e-17	1.2441558678734096e-17	1.2463671049871745e-17	1.2418054897492897e-17	1.2443169304483825e-17	1.2434350436065157e-17	1.2381446815150408e-17	1.2421220807984608e-17	1.2384689236652841e-17	1.2361080075550209e-17	1.2395644197859887e-17	1.235843648624211e-17	1.2347539400924474e-17	1.2358805765336244e-17	1.232317168364207e-17	1.2352117808909542e-17	1.2336529301714996e-17
Pi	X	8	1	1.0461711331090667e-16	1.0461057249277801e-16	1.0465694575482474e-16	1.047445151043678e-16	1.048070798092456e-16	1.0475486428136929e-16	1.0485382429108309e-16	1.0491960280583049e-16	1.0489084099037078e-16	1.0493093949476347e-16	1.0501079333456212e-16	1.050004901328904e-16	1.0493515866855802e-16	1.050740813504026e-16	1.0503464269359991e-16	1.0498549111269916e-16	1.0508308660087585e-16	1.0503720975715861e-16	1.0512133403238276e-16	1.0499413233395382e-16	1.0501468841566667e-16	1.0510075023670942e-16	1.0492159421271156e-16	1.0495308691071946e-16	1.0504852369295253e-16	1.0488605616612784e-16	1.0479159915797384e-16	1.049776233695676e-16	1.0477895372809441e-16	1.0470199320134994e-16	1.0485017672738366e-16	1.046490098007761e-16	1.0476256008637468e-16	1.0459823624767095e-16	1.045135904663563e-16	1.0462105110931215e-16	1.0436932244339023e-16	1.0434547243335631e-16	1.0445885650037109e-16	1.04181539671257e-16	1.039301281739913e-16	1.0430376089183149e-16	1.0399798528111514e-16	1.0406433989182681e-16	1.041030257850931e-16	1.0380838046321675e-16	1.0393921768702341e-16	1.0380011511711993e-16	1.0362282050525581e-16	1.0374896444578939e-16	1.0344185823184329e-16	1.0341666768364667e-16	1.0354961152721206e-16	1.032203379434451e-16	1.0302874022455437e-16	1.0334775852410776e-16	1.0302337575813956e-16	1.0313614098643192e-16	1.0311665748239197e-16	1.0281781154894494e-16	1.0289912838069757e-16	1.0283125746858178e-16	1.0260822598223184e-16	1.0266959643383874e-16	1.023865637635539e-16	1.0237564900578496e-16	1.02418262148514e-16	1.0213597595029057e-16	1.0205622124381654e-16	1.0214579304374974e-16	1.0188933327829567e-16	1.0182908835481558e-16	1.0184291309121944e-16	1.0161656095996904e-16	1.015190244058633e-16	1.0151799087389639e-16	1.0131720446385772e-16	1.011716917131487e-16	1.0097436448639817e-16	1.0099632118792535e-16	1.0078924562236408e-16	1.006304546045884e-16	1.0064881631122647e-16	1.0037611610655675e-16	1.0024281689875858e-16	9.990629827643996e-17	9.993852077852332e-17	9.982197978209904e-17	9.9460577323097e-17	9.948922616746294e-17	9.938177975528199e-17	9.89518186765121e-17	9.888210086230512e-17	9.893763363251599e-17	9.84203182737953e-17	9.842187034618386e-17	9.851844881486772e-17	9.788728240315385e-17	9.789605480464261e-17	9.73191361685698e-17	9.735204133133008e-17	9.73547897286472e-17	9.67984573024247e-17	9.682707157561914e-17	9.684995337685692e-17	9.622812858334914e-17	9.629091883728686e-17	9.636363379380098e-17	9.567050515260533e-17	9.582834897451696e-17	9.590714958665987e-17	9.517413575123496e-17	9.531462482428535e-17	9.469273777852084e-17	9.469751332240889e-17	9.482522848660299e-17	9.424445194457824e-17	9.43846227772862e-17	9.441118427686501e-17	9.381082743102557e-17	9.401551803987402e-17
Pi	X	6	0	3.9087292742506484e-15	3.8949949017874094e-15	3.888325296948327e-15	3.874730029280673e-15	3.866210805074396e-15	3.863301537404771e-15	3.8463444009166336e-15	3.836814317634234e-15	3.8278990307000974e-15	3.816321582242806e-15	3.813069238408135e-15	3.807621624915893e-15	3.798151139517985e-15	3.7989996615164735e-15	3.7832902885749125e-15	3.7791435835746375e-15	3.775450282398209e-15	3.773189093844546e-15	3.767248210688344e-15	3.765438587551731e-15	3.759462563763864e-15	3.761287474837859e-15	3.753267563294436e-15	3.752028611116311e-15	3.753979023102028e-15	3.744203922734771e-15	3.752791421289535e-15	3.751059261459141e-15	3.749714493320748e-15	3.754556639624999e-15	3.748174196685192e-15	3.7534246818027366e-15	3.751589322190189e-15	3.752391138183606e-15	3.760484343777921e-15	3.764144121373396e-15	3.7617708162198734e-15	3.767040760545316e-15	3.771413218728935e-15	3.776998650709969e-15	3.78242309922664e-15	3.78043088889655e-15	3.793143421707335e-15	3.7999384890649894e-15	3.8007054079826675e-15	3.808260203787362e-15	3.8146804124338684e-15	3.824644732967735e-15	3.8316344988570315e-15	3.831255638714959e-15	3.845247212156745e-15	3.85746000183225e-15	3.85947483113117e-15	3.868685951123233e-15	3.880629829351294e-15	3.8894720898398235e-15	3.89803007380096e-15	3.899661218932973e-15	3.913175917576762e-15	3.931855698696662e-15	3.934734002956375e-15	3.9465066199251396e-15	3.959806119444339e-15	3.971998568243648e-15	3.980005537206188e-15	3.98701196680636e-15	4.002573374520531e-15	4.022868568107904e-15	4.018353100635365e-15	4.035896836790519e-15	4.05627460224566e-15	4.069739806112165e-15	4.0811033345945525e-15	4.0891743984741814e-15	4.1063867341530386e-15	4.121178197428649e-15	4.126412467220587e-15	4.144543051909515e-15	4.168819909873809e-15	4.176457206598389e-15	4.196761395283302e-15	4.2083471375588916e-15	4.22683320553454e-15	4.242690263040654e-15	4.252146599206611e-15	4.270337653726559e-15	4.299500125469511e-15	4.309159065889624e-15	4.3257643580597314e-15	4.346706966822641e-15	4.364893720405724e-15	4.381728646171872e-15	4.395714858989261e-15	4.414675067250431e-15	4.448856982062406e-15	4.460244116771783e-15	4.479709988629901e-15	4.5013820945523445e-15	4.521692078230472e-15	4.540636206726014e-15	4.556733594290611e-15	4.577204717697619e-15	4.6138082641574495e-15	4.6303122822366886e-15	4.6484947142283046e-15	4.673407388214164e-15	4.693914288456907e-15	4.71403640362959e-15	4.734363716960694e-15	4.7537927833454934e-15	4.794731340345112e-15	4.796947203913058e-15	4.830531958131302e-15	4.8553295796165e-15	4.876676387199469e-15	4.899097828982967e-15	4.916638482285762e-15	4.941031130330237e-15	4.977488428484859e-15	4.981379083813157e-15	5.003255211330573e-15
Pi	X	7	1	2.88408297049242e-16	2.889866045772828e-16	2.8978194344520223e-16	2.912784743031596e-16	2.914254314431236e-16	2.925511716679642e-16	2.933806225676684e-16	2.9365309959185785e-16	2.946107079395823e-16	2.954221300464716e-16	2.96010478972974e-16	2.97126506619244e-16	2.9718155562850924e-16	2.979793381631362e-16	2.992830462865806e-16	2.9905941272013004e-16	3.001385479994902e-16	3.008634606395001e-16	3.0057575465122045e-16	3.01555775170582e-16	3.0221906467384475e-16	3.0250389072805415e-16	3.035165532306151e-16	3.0313282069178846e-16	3.038208733403748e-16	3.050344024430215e-16	3.0442165887297584e-16	3.0551548266457532e-16	3.062164438115973e-16	3.0556887267499874e-16	3.0657883919566806e-16	3.0720388179468186e-16	3.070486430506057e-16	3.0792592725416935e-16	3.073051178266731e-16	3.0807151610470254e-16	3.091529089985671e-16	3.0836540773762646e-16	3.092453774226017e-16	3.099842870378329e-16	3.095053045707122e-16	3.1011779941360833e-16	3.1071109528387024e-16	3.104371270763349e-16	3.111552276579081e-16	3.1043527552297014e-16	3.111949060679433e-16	3.1199288073204003e-16	3.1131020194808677e-16	3.121412209854393e-16	3.127064160249976e-16	3.1225013498915964e-16	3.1273759118831573e-16	3.1317030046281795e-16	3.1290829551830923e-16	3.134284680350682e-16	3.1305136274719945e-16	3.136152044128833e-16	3.140020488680745e-16	3.1356633591493745e-16	3.141257512538796e-16	3.143753019662602e-16	3.1424061517447823e-16	3.1461835539250314e-16	3.147564157931041e-16	3.1468814788362486e-16	3.149182400951254e-16	3.147015532400171e-16	3.1505098117327517e-16	3.149918572629979e-16	3.1496625415039202e-16	3.1517019610849094e-16	3.1522893016871057e-16	3.1519507145458646e-16	3.150009447411841e-16	3.152567138228738e-16	3.1535814038675153e-16	3.150532352676207e-16	3.1522754115197846e-16	3.150767586173639e-16	3.146697757917852e-16	3.1512610392426723e-16	3.148781204977301e-16	3.1462833889173967e-16	3.14813888286703e-16	3.141535522761145e-16	3.1434149203554135e-16	3.146032990391386e-16	3.1386234847021205e-16	3.1425194812990674e-16	3.137467123374761e-16	3.13065696143937e-16	3.138354811153759e-16	3.1323785918779214e-16	3.1263724182002615e-16	3.130893672621161e-16	3.120018809852592e-16	3.123220281496728e-16	3.1249708861249487e-16	3.11127924253658e-16	3.1213183272332097e-16	3.1122700474967755e-16	3.105548872157169e-16	3.1136182849802556e-16	3.1058604632903706e-16	3.0992908864423023e-16	3.104799229327617e-16	3.0934359041610244e-16	3.099692061894013e-16	3.0974952254982395e-16	3.084316487917409e-16	3.094224508415787e-16	3.0851241937641844e-16	3.0792429736935093e-16	3.0878531579661185e-16	3.0785843946794623e-16	3.0758698675616307e-16	3.078676353401917e-16	3.069799648134566e-16	3.077010340025396e-16	3.073127118245206e-16
Pi	X	8	2	3.9469329814584556e-17	3.946686187480134e-17	3.948435706965892e-17	3.951739445072459e-17	3.954099824898121e-17	3.9521298369839585e-17	3.9558633278499355e-17	3.958344911757885e-17	3.9572597952465614e-17	3.9587725820475895e-17	3.9617852207767046e-17	3.9613964842961403e-17	3.9589316669957905e-17	3.964172818169854e-17	3.962684845026587e-17	3.960830460508679e-17	3.9645124440095024e-17	3.962781622939998e-17	3.965955353273481e-17	3.9611563314980694e-17	3.9619318363806133e-17	3.9651786584803637e-17	3.9584195386125895e-17	3.959607640952525e-17	3.9632082008473346e-17	3.957078671724241e-17	3.95351502410796e-17	3.960533180554097e-17	3.95303785576303e-17	3.9501342877683656e-17	3.955724814023936e-17	3.948135314951623e-17	3.952419192895582e-17	3.946219649617063e-17	3.94302615209181e-17	3.947080306454245e-17	3.9375831892259294e-17	3.936683367396239e-17	3.940961034506483e-17	3.930498526345622e-17	3.9210133931961233e-17	3.935109530758512e-17	3.923573377880306e-17	3.926076707859508e-17	3.92753619507394e-17	3.9164199698286465e-17	3.92135606592786e-17	3.916108056093697e-17	3.909419153519715e-17	3.914178190845569e-17	3.90259181766183e-17	3.901641438334968e-17	3.906657019942184e-17	3.8942343533813755e-17	3.887005837307798e-17	3.89904152002113e-17	3.8868033735109474e-17	3.8910576553698107e-17	3.890322591119597e-17	3.879047875228457e-17	3.882115722897066e-17	3.879555092345754e-17	3.871140659236485e-17	3.8734559830382686e-17	3.8627778484404515e-17	3.862366068491498e-17	3.863973712876541e-17	3.85332377491347e-17	3.850314798508535e-17	3.853694085709628e-17	3.844018505543129e-17	3.8417455979107654e-17	3.842267172756653e-17	3.8337274478617103e-17	3.830047656452528e-17	3.830008621275933e-17	3.8224334489883445e-17	3.816943636113905e-17	3.8094989632842633e-17	3.810327339621783e-17	3.8025148913908746e-17	3.7965241198592515e-17	3.797216821824988e-17	3.786928559098519e-17	3.7818995136191165e-17	3.769203550475622e-17	3.7704192297838004e-17	3.766022393008182e-17	3.752387659026515e-17	3.753468465648231e-17	3.7494147837596444e-17	3.733193494389638e-17	3.730563209863656e-17	3.7326583278736535e-17	3.7131413610132635e-17	3.71319992445721e-17	3.716843547521419e-17	3.693031314520288e-17	3.6933622634539356e-17	3.671596661007131e-17	3.672838097868652e-17	3.6729417341126176e-17	3.6519528369647946e-17	3.6530323369596094e-17	3.6538956160815085e-17	3.6304358173141116e-17	3.632804732478796e-17	3.6355480914285544e-17	3.609398148454678e-17	3.6153532152224764e-17	3.618326120355106e-17	3.5906714697430465e-17	3.5959717538939695e-17	3.5725096185167034e-17	3.5726897918771244e-17	3.5775081259799406e-17	3.555596999535274e-17	3.5608852443403936e-17	3.5618873635149605e-17	3.5392374944860716e-17	3.546959946637656e-17
Pi	X	5	0	1.3013798963408156e-14	1.3067052490980272e-14	1.3117594254713278e-14	1.3144946512870692e-14	1.3171929439266248e-14	1.322328433876752e-14	1.3278465008613326e-14	1.3301396483698065e-14	1.3329691074816324e-14	1.3384028512573098e-14	1.3430610522406359e-14	1.3453038870363315e-14	1.3517422298875151e-14	1.3531139938563604e-14	1.3586901072361324e-14	1.3604976567322739e-14	1.3653059263244634e-14	1.367838921617309e-14	1.3719336907834165e-14	1.3779405866992615e-14	1.3788916796989367e-14	1.3809267651055216e-14	1.3856423859567064e-14	1.3898148741937914e-14	1.3905285440477429e-14	1.3935265138479225e-14	1.3963747041457657e-14	1.4008572100093163e-14	1.4020346401150535e-14	1.4034505423178429e-14	1.4072151764654452e-14	1.408851634858303e-14	1.4105798950810069e-14	1.4124534597003458e-14	1.4143365060298952e-14	1.4170643941301411e-14	1.4179566268468157e-14	1.4196355491391492e-14	1.4202889328720656e-14	1.4211164020517227e-14	1.4226287567237022e-14	1.423246894530997e-14	1.422943147378611e-14	1.424464683945217e-14	1.426773472458702e-14	1.4239294084117133e-14	1.4245663843757216e-14	1.4226806560971104e-14	1.4235146463039315e-14	1.4226339250725097e-14	1.4213370586326317e-14	1.4211718192032158e-14	1.4178556285683119e-14	1.4179315024834223e-14	1.4176614608720535e-14	1.4137532690482468e-14	1.4130737068441146e-14	1.411512914107813e-14	1.4081516648594374e-14	1.4074240026353919e-14	1.4016830239581767e-14	1.401366073955139e-14	1.4000406962589499e-14	1.3943660446851362e-14	1.3929942360762498e-14	1.3908683422251415e-14	1.3853671525489665e-14	1.3841883192945836e-14	1.3764514305805924e-14	1.376034647223353e-14	1.371573898296089e-14	1.3666470891147382e-14	1.364545722483458e-14	1.355744444470163e-14	1.35497397543187e-14	1.3540384079114341e-14	1.3446986214189024e-14	1.3427669282966355e-14	1.3391807720946234e-14	1.3332444271182135e-14	1.3312665329157181e-14	1.3212315346074833e-14	1.320439691869109e-14	1.3174217420716063e-14	1.3094321926405988e-14	1.307497453826032e-14	1.3037423726579104e-14	1.2961929244250039e-14	1.2955008967423978e-14	1.2852816053067245e-14	1.2838550046633712e-14	1.2798398750152251e-14	1.2733327597835547e-14	1.2715706395839951e-14	1.2613409034723214e-14	1.2603375605928502e-14	1.25992897447993e-14	1.249879979820009e-14	1.2482127406199713e-14	1.2449835588941651e-14	1.2385988823367789e-14	1.2369805348389224e-14	1.2275488091774968e-14	1.226163727913299e-14	1.2259173544762103e-14	1.216736318230067e-14	1.2151731383020195e-14	1.212370143935304e-14	1.204769975131146e-14	1.204735156000354e-14	1.1961617473768061e-14	1.1957813562877415e-14	1.1920637561909936e-14	1.1867445830570977e-14	1.1848599911858494e-14	1.1792273584898576e-14	1.175899830830985e-14	1.1750147260399392e-14	1.1684584762910484e-14	1.165187071471111e-14	1.1643092579552252e-14
Pi	X	6	1	1.0355260206621688e-14	1.0318874249354082e-14	1.0301204683037612e-14	1.026518729558284e-14	1.0242617641590108e-14	1.023491026883281e-14	1.0189986359498604e-14	1.0164738524313788e-14	1.0141119732758379e-14	1.0110447971713026e-14	1.010183167523944e-14	1.0087399592376551e-14	1.0062309733775712e-14	1.006455779627369e-14	1.0022939421851261e-14	1.0011953708699092e-14	1.0002169256999035e-14	9.996178795537605e-15	9.980439826068067e-15	9.975645699866659e-15	9.95981358469972e-15	9.964648278895589e-15	9.94340143374229e-15	9.940119016174293e-15	9.945286373134942e-15	9.919389456923124e-15	9.94214000222034e-15	9.93755106478636e-15	9.933988362700878e-15	9.946816542934417e-15	9.92990768699187e-15	9.943817656581538e-15	9.938955317048354e-15	9.941079506445911e-15	9.962520439646155e-15	9.972216169123313e-15	9.965928590960151e-15	9.979889996692326e-15	9.991473909935913e-15	1.0006271020545348e-14	1.0020641881643674e-14	1.0015363853562058e-14	1.004904264454111e-14	1.0067044498855295e-14	1.0069076232018628e-14	1.0089090814569048e-14	1.0106099604728818e-14	1.0132497641525252e-14	1.0151015291250163e-14	1.0150011493978594e-14	1.0187078708418377e-14	1.0219433589265972e-14	1.022477133025916e-14	1.0249173916695931e-14	1.0280816330731905e-14	1.0304241613784973e-14	1.0326913922664943e-14	1.0331235057308771e-14	1.0367039014699343e-14	1.0416526539878838e-14	1.0424151870636005e-14	1.0455340503634094e-14	1.049057417656776e-14	1.0522875062880812e-14	1.0544087439196964e-14	1.0562649314923745e-14	1.0603875373931643e-14	1.0657642561986319e-14	1.064567978058689e-14	1.0692157585533968e-14	1.0746143469561237e-14	1.0781816137957226e-14	1.0811921101434837e-14	1.0833303227129594e-14	1.0878903133773472e-14	1.0918089390003652e-14	1.0931956206868273e-14	1.0979988767554212e-14	1.1044304276410714e-14	1.106453752085407e-14	1.1118328312318146e-14	1.1149021906060518e-14	1.1197996161020426e-14	1.1240005508465557e-14	1.1265057670484423e-14	1.1313250374906809e-14	1.1390509324325802e-14	1.141609817131404e-14	1.146008983422618e-14	1.1515572043287354e-14	1.1563753428347764e-14	1.1608353370544352e-14	1.1645406344726888e-14	1.169563691242298e-14	1.1786193425383659e-14	1.1816360911772592e-14	1.1867930831068693e-14	1.1925345820701726e-14	1.1979152156934369e-14	1.2029339941788905e-14	1.207198611012062e-14	1.2126219196090854e-14	1.2223191539668909e-14	1.2266914784367345e-14	1.231508475050717e-14	1.2381084777282611e-14	1.2435412847463351e-14	1.248872153765429e-14	1.2542573646886495e-14	1.2594046403877231e-14	1.2702503020252637e-14	1.270837349389019e-14	1.2797348159157445e-14	1.2863043457447176e-14	1.291959672599536e-14	1.2978996773849655e-14	1.3025466580136843e-14	1.309008888524033e-14	1.3186673815376066e-14	1.3196981109709004e-14	1.3254936720591587e-14
Pi	X	7	2	2.0777881832094172e-15	2.0819544794118977e-15	2.0876843553430634e-15	2.0984658277425944e-15	2.099524546607838e-15	2.107634736939268e-15	2.113610350595791e-15	2.1155733396618958e-15	2.1224722609148577e-15	2.1283179812872808e-15	2.132556643062001e-15	2.1405968595890803e-15	2.140993427173804e-15	2.1467409056254615e-15	2.1561332061615563e-15	2.1545220761276465e-15	2.162296511210074e-15	2.1675190055322756e-15	2.1654462636996346e-15	2.1725066435414132e-15	2.1772851670495052e-15	2.179337145882513e-15	2.1866326836328308e-15	2.183868123424246e-15	2.1888250917773523e-15	2.197567718104346e-15	2.1931533090786076e-15	2.2010335589799736e-15	2.2060834937211597e-15	2.2014181666691336e-15	2.2086942818091985e-15	2.2131972945453746e-15	2.2120788892310224e-15	2.218399122315951e-15	2.21392658444379e-15	2.219447962800058e-15	2.22723864262196e-15	2.2215652201274677e-15	2.227904820805578e-15	2.2332281337025137e-15	2.229777394602981e-15	2.2341899793476275e-15	2.2384642672428007e-15	2.236490498984846e-15	2.241663919970755e-15	2.2364771464455716e-15	2.241949760012448e-15	2.2476986223865512e-15	2.242780362759677e-15	2.2487672851698987e-15	2.252839110034515e-15	2.2495519258826092e-15	2.2530637019594588e-15	2.256181077846301e-15	2.254293507621003e-15	2.2580409712638736e-15	2.255324181788293e-15	2.2593862532528704e-15	2.262173217601176e-15	2.259034188877278e-15	2.263064387828718e-15	2.2648622279599567e-15	2.263891887230206e-15	2.2666132390593076e-15	2.267607856804786e-15	2.2671160459415745e-15	2.268773678877976e-15	2.267212606697969e-15	2.269729979469165e-15	2.2693040209279044e-15	2.2691195648600476e-15	2.2705888011331726e-15	2.2710119680582298e-15	2.270768013234502e-15	2.269369460186729e-15	2.2712121007230384e-15	2.271942790746179e-15	2.269746145896837e-15	2.271001897509972e-15	2.26991561892235e-15	2.2669835631651625e-15	2.2702711031579864e-15	2.2684845254261124e-15	2.2666850238048314e-15	2.268021769526963e-15	2.2632644802574337e-15	2.264618489815995e-15	2.266504589917429e-15	2.2611665462547533e-15	2.263973338255883e-15	2.260333445463507e-15	2.2554271865183756e-15	2.260972952125255e-15	2.2566674984215983e-15	2.2523404448243666e-15	2.2555976966015125e-15	2.2477630729424105e-15	2.2500695286682497e-15	2.2513306999394783e-15	2.2414667976660587e-15	2.2486992900043267e-15	2.2421805728990484e-15	2.2373384519851555e-15	2.2431518804392605e-15	2.2375628988778378e-15	2.2328299655677417e-15	2.236798336463571e-15	2.2286118427593082e-15	2.2331189514295024e-15	2.231536289517016e-15	2.2220418781000784e-15	2.2291799411222943e-15	2.22262377024331e-15	2.2183867550049023e-15	2.2245898021514664e-15	2.2179122625297714e-15	2.215956646749765e-15	2.2179784882625142e-15	2.2115834417737274e-15	2.216778245406013e-15	2.213980645300891e-15
Pi	X	4	0	1.0782710364914367e-13	1.0853670885843283e-13	1.0906889232209637e-13	1.0937338067153725e-13	1.1018422152766268e-13	1.1044634903467273e-13	1.109248894447432e-13	1.1161677896845878e-13	1.1198787973343806e-13	1.1265875745310365e-13	1.1300118803035216e-13	1.1326451167905612e-13	1.1419225132209799e-13	1.143359653755438e-13	1.150501706447898e-13	1.1556164710466652e-13	1.1581753725640662e-13	1.1664759990946072e-13	1.168492150907989e-13	1.1754120502336018e-13	1.1805230260318778e-13	1.1829151694749172e-13	1.191314242886016e-13	1.193055846083018e-13	1.197240142815558e-13	1.203901096794756e-13	1.2068324927913674e-13	1.21371846027323e-13	1.2160201944283953e-13	1.2185239015644436e-13	1.227134497538669e-13	1.2277064867275065e-13	1.2345340940668145e-13	1.2387075643446942e-13	1.2409826212685925e-13	1.2487913969367286e-13	1.2499604084257083e-13	1.2562926620827047e-13	1.2600251982230124e-13	1.262295176351803e-13	1.2696376504893542e-13	1.2706751736861622e-13	1.274549197831772e-13	1.280111762871771e-13	1.2824215410566124e-13	1.2882994695591114e-13	1.2901456895904542e-13	1.291756490950525e-13	1.2989211510530634e-13	1.2995378560459793e-13	1.3051784635104177e-13	1.3083383555055287e-13	1.3098841188741613e-13	1.3163168523000113e-13	1.3166883870236932e-13	1.3219919201987579e-13	1.3250908399480917e-13	1.3266631218202816e-13	1.3322117755268132e-13	1.3327102287431585e-13	1.3356324734638228e-13	1.3396832849469178e-13	1.3414410824857082e-13	1.3459806380066035e-13	1.3475184320069051e-13	1.3481286730993598e-13	1.3532523552880206e-13	1.3534813853408175e-13	1.3574017544790193e-13	1.359746304110425e-13	1.3607731035362754e-13	1.3652481692011565e-13	1.365061346996592e-13	1.3686529292578973e-13	1.370316864249347e-13	1.3714446157517657e-13	1.3750911880768076e-13	1.3752807922980522e-13	1.3771139657121327e-13	1.3790719404354358e-13	1.380441352153664e-13	1.382805519252183e-13	1.3835958823790076e-13	1.3841264667612186e-13	1.3865763022329168e-13	1.3870176234665214e-13	1.3884990909721376e-13	1.389731550686335e-13	1.3901835343189146e-13	1.3924365032281184e-13	1.3923511907033239e-13	1.393640410626118e-13	1.3942495566230202e-13	1.3944606125961122e-13	1.396149269928062e-13	1.3958416492436793e-13	1.396471798767162e-13	1.3968471870357173e-13	1.3973738418322872e-13	1.398051843015245e-13	1.3976238703023385e-13	1.3980052183697463e-13	1.3976308704193888e-13	1.3981353012898713e-13	1.3979803047112804e-13	1.3976014815699367e-13	1.3975260691864688e-13	1.397348497891742e-13	1.396978159706669e-13	1.3963732885879177e-13	1.395822084517318e-13	1.3952062364264334e-13	1.3947531922757397e-13	1.3937418321320633e-13	1.3929280313654853e-13	1.3918455148234617e-13	1.391019734681314e-13	1.390459930949839e-13	1.3893256755354488e-13	1.3878545503989596e-13	1.3858675194498973e-13
Pi	X	8	3	6.582776560947116e-14	6.582364906831341e-14	6.585282749462265e-14	6.59079274445885e-14	6.594729391006562e-14	6.591443748884267e-14	6.597670516915657e-14	6.601809230634236e-14	6.599999437246136e-14	6.60252244808132e-14	6.607546918073915e-14	6.606898533756247e-14	6.602787606643765e-14	6.611528832063734e-14	6.609047062285301e-14	6.605954241223021e-14	6.61209505523864e-14	6.609208344502955e-14	6.6145014492379e-14	6.606497486431729e-14	6.607790848772254e-14	6.613205845319159e-14	6.601932797757372e-14	6.603914275933778e-14	6.60991932341851e-14	6.599696279253763e-14	6.593752702124193e-14	6.605457629576579e-14	6.592956712396222e-14	6.588113998830674e-14	6.597437896801156e-14	6.58477998828176e-14	6.591924585253131e-14	6.581584805094081e-14	6.576258568189066e-14	6.583020068157179e-14	6.567180497408069e-14	6.565679715570116e-14	6.572814061121984e-14	6.555364363343253e-14	6.539544812170266e-14	6.563054538874816e-14	6.543814250251963e-14	6.547989252928093e-14	6.550423359949516e-14	6.531883454266373e-14	6.540115881743888e-14	6.531363089183296e-14	6.520207135505326e-14	6.528144272556362e-14	6.508820189691961e-14	6.507235118245798e-14	6.515600127894195e-14	6.494881300581963e-14	6.482825378517475e-14	6.502898646346307e-14	6.482487569225492e-14	6.489582844580938e-14	6.48835688554098e-14	6.469552623721258e-14	6.474669197327847e-14	6.470398459387638e-14	6.456364636189883e-14	6.460226137478173e-14	6.442416844554334e-14	6.441730079436462e-14	6.444411272180253e-14	6.426649067048002e-14	6.42163056674999e-14	6.427266567339881e-14	6.411129404413529e-14	6.407338561827981e-14	6.408208461058567e-14	6.393965651459244e-14	6.387828437657678e-14	6.387763257956996e-14	6.375129192089189e-14	6.36597318039805e-14	6.353556752516228e-14	6.354938347841351e-14	6.341908544003216e-14	6.331917015968635e-14	6.333072251487249e-14	6.315913292321163e-14	6.307525726020116e-14	6.286351160196945e-14	6.288378709001516e-14	6.281045490698068e-14	6.258305280294413e-14	6.26010780046424e-14	6.253346973789432e-14	6.226292824134705e-14	6.221905960128166e-14	6.225400259644859e-14	6.192849463555403e-14	6.192947150716034e-14	6.199024002557195e-14	6.159309542980599e-14	6.159861486740085e-14	6.123560444166194e-14	6.125630956460296e-14	6.125803707546337e-14	6.090798142936329e-14	6.092598479708722e-14	6.094038288698342e-14	6.054911624719074e-14	6.058862552904524e-14	6.063438004773843e-14	6.019824601074847e-14	6.029756634254722e-14	6.03471483921419e-14	5.988591955417339e-14	5.997431870088498e-14	5.958301330445157e-14	5.958601835222918e-14	5.966637901738407e-14	5.930094195411098e-14	5.938913971913378e-14	5.940585367137978e-14	5.902809520076602e-14	5.915689194829315e-14
Pi	X	5	1	3.407198556243451e-13	3.4211410257696406e-13	3.4343735511966646e-13	3.441534711991938e-13	3.4485992091377116e-13	3.462044620908358e-13	3.4764916426336136e-13	3.4824953959584034e-13	3.4899033222127856e-13	3.5041295661972213e-13	3.516325392856535e-13	3.522197420994292e-13	3.5390538884999427e-13	3.5426453443281645e-13	3.557244316911999e-13	3.5619767522199824e-13	3.5745654543568665e-13	3.5811971709427687e-13	3.5919178586427773e-13	3.6076447217757925e-13	3.6101347942148276e-13	3.6154629303878617e-13	3.6278090373744016e-13	3.6387332164367503e-13	3.6406016913020926e-13	3.64845075153788e-13	3.6559077409994954e-13	3.667643509289101e-13	3.670726188024671e-13	3.674433218900777e-13	3.6842894986802827e-13	3.688574032805818e-13	3.6930988082860116e-13	3.698004038556091e-13	3.702934122406546e-13	3.7100760669611776e-13	3.712412046556351e-13	3.7168077000974895e-13	3.7185183365316796e-13	3.720684758143872e-13	3.7246442947050367e-13	3.7262626197536773e-13	3.7254673735047337e-13	3.7294509002903736e-13	3.735495665795835e-13	3.7280494699553604e-13	3.729717114102992e-13	3.724780036818421e-13	3.7269634636284775e-13	3.7246575966661934e-13	3.7212621911876967e-13	3.720829539149219e-13	3.712147286381716e-13	3.7123459024989e-13	3.7116388551694583e-13	3.701406633598679e-13	3.6996273906456673e-13	3.69554096670437e-13	3.6867407701613674e-13	3.6848355767028885e-13	3.6698048841860845e-13	3.6689750341002335e-13	3.665504946326961e-13	3.6506478886961126e-13	3.647056221583471e-13	3.641490354193812e-13	3.6270874216240196e-13	3.624001023549587e-13	3.6037447360822577e-13	3.6026534916901133e-13	3.5909745740660257e-13	3.57807545701576e-13	3.5725737770928786e-13	3.5495307409301107e-13	3.5475135296590314e-13	3.5450640202990033e-13	3.5206111156288823e-13	3.5155536331525724e-13	3.506164517465343e-13	3.4906223528221206e-13	3.4854438755219326e-13	3.459170831433303e-13	3.4570976361020943e-13	3.449196179775402e-13	3.4282783898981557e-13	3.4232129296715306e-13	3.413381602679905e-13	3.3936160423103716e-13	3.391804200597932e-13	3.3650486159088055e-13	3.3613135666707187e-13	3.350801354034028e-13	3.3337647893223753e-13	3.3291513310099476e-13	3.302368393481273e-13	3.2997415096499436e-13	3.2986717225460625e-13	3.272362044250645e-13	3.2679969657420787e-13	3.2595424890226637e-13	3.2428265310353256e-13	3.238589423669005e-13	3.213895874473671e-13	3.210269499053542e-13	3.209624468178991e-13	3.185587216457203e-13	3.181494604325579e-13	3.174155979118581e-13	3.1542576482982657e-13	3.154166521272813e-13	3.131720098472767e-13	3.1307242168302204e-13	3.1209910194703447e-13	3.1070646871238734e-13	3.102130598182343e-13	3.0873835436132893e-13	3.078671666147419e-13	3.07635430670369e-13	3.0591891690375994e-13	3.0506241907888043e-13	3.048325974222092e-13
Pi	X	6	2	1.147834823094854e-12	1.1438016049278818e-12	1.1418430098594662e-12	1.137850651272165e-12	1.1353489084019723e-12	1.1344945859564068e-12	1.129514974051546e-12	1.1267163491824792e-12	1.1240983303348602e-12	1.1206984975910245e-12	1.1197434221301867e-12	1.1181437001443433e-12	1.115362596455592e-12	1.1156117964049902e-12	1.1109985740501483e-12	1.1097808572335899e-12	1.1086963037550021e-12	1.1080322907209118e-12	1.1062876961343734e-12	1.1057562937938087e-12	1.1040013686383083e-12	1.1045372755928626e-12	1.1021821599055105e-12	1.1018183060300993e-12	1.102391108195053e-12	1.0995205396094492e-12	1.1020423351898402e-12	1.101533673323026e-12	1.1011387570661173e-12	1.1025607101581244e-12	1.1006864296521807e-12	1.1022282933153148e-12	1.1016893262100894e-12	1.1019247792194787e-12	1.104301398374904e-12	1.1053761281102826e-12	1.104679170341426e-12	1.1062267216925025e-12	1.107510760551041e-12	1.109150933602144e-12	1.1107438869851073e-12	1.1101588249614752e-12	1.1138919607263064e-12	1.1158873771517762e-12	1.11611258124868e-12	1.1183311004295434e-12	1.1202164443382914e-12	1.123142539358169e-12	1.1251951279312515e-12	1.1250838500442512e-12	1.1291925664152815e-12	1.1327789575566804e-12	1.1333706135552904e-12	1.136075519070498e-12	1.139582930606676e-12	1.1421794949114666e-12	1.1446926130742895e-12	1.1451715679309027e-12	1.149140270944107e-12	1.1546257245218925e-12	1.155470951586761e-12	1.1589280558621695e-12	1.162833525849999e-12	1.1664139193741487e-12	1.1687651929839634e-12	1.1708226932106613e-12	1.1753923917075544e-12	1.1813522278200187e-12	1.1800261932632145e-12	1.185178028406631e-12	1.1911620990438765e-12	1.1951162298222726e-12	1.198453227651874e-12	1.2008233107160616e-12	1.2058778429283125e-12	1.2102214364329466e-12	1.2117584938479648e-12	1.2170826713347377e-12	1.2242117227983753e-12	1.2264544909346816e-12	1.232416916522403e-12	1.2358191527778443e-12	1.241247704014025e-12	1.2459042305657883e-12	1.2486811307267022e-12	1.254023052708022e-12	1.262586845605089e-12	1.265423226944592e-12	1.2702994895461947e-12	1.2764494100007248e-12	1.2817900861504992e-12	1.2867337642390782e-12	1.290840897580854e-12	1.2964087279427316e-12	1.3064464647975684e-12	1.3097903910927209e-12	1.3155066488970255e-12	1.321870827185712e-12	1.3278349985959355e-12	1.3333980649824187e-12	1.338125194851058e-12	1.3441366515823677e-12	1.3548855887807692e-12	1.3597320846494555e-12	1.3650714986272114e-12	1.3723872800598852e-12	1.3784092892594047e-12	1.3843183067863393e-12	1.3902875356208273e-12	1.3959930642523265e-12	1.408014944523991e-12	1.40866566809643e-12	1.4185280864957944e-12	1.425810099126408e-12	1.4320787689630957e-12	1.4386629666638018e-12	1.4438139351461012e-12	1.4509769980703193e-12	1.4616829965904013e-12	1.46282550476453e-12	1.4692496220127101e-12
Pi	X	7	3	3.173550187290935e-13	3.179913626010691e-13	3.188665252462519e-13	3.205132498544296e-13	3.206749539233782e-13	3.2191367760564356e-13	3.2282637077852e-13	3.2312618765566866e-13	3.24179907142731e-13	3.2507275951848395e-13	3.2572016020688343e-13	3.269481961090117e-13	3.2700876278582597e-13	3.2788661358529064e-13	3.293211581268662e-13	3.290750789984275e-13	3.302625207921559e-13	3.3106018623032987e-13	3.307435998047963e-13	3.3182197899478e-13	3.3255183083680887e-13	3.328652435380657e-13	3.339795391037718e-13	3.33557284571754e-13	3.343143985474777e-13	3.356497146672717e-13	3.349754708451425e-13	3.3617907348400913e-13	3.369503818590458e-13	3.362378121510551e-13	3.3734914118796833e-13	3.380369176564064e-13	3.3786609350268084e-13	3.388314248462864e-13	3.3814829937966705e-13	3.389916167339421e-13	3.401815364610851e-13	3.3931499450530334e-13	3.402832873392455e-13	3.410963481985143e-13	3.4056929416524283e-13	3.4124325407390816e-13	3.418960940200696e-13	3.4159462485616156e-13	3.4238479546768703e-13	3.415925832548653e-13	3.424284511494927e-13	3.4330651328571186e-13	3.4255531052537157e-13	3.4346973281782957e-13	3.440916466664626e-13	3.4358957455563696e-13	3.4412594946616897e-13	3.44602087286232e-13	3.4431378550002615e-13	3.4488615672722607e-13	3.444712027646217e-13	3.4509162637879076e-13	3.4551730038374736e-13	3.4503785319877784e-13	3.4565341134446347e-13	3.459280070988991e-13	3.457797981325511e-13	3.4619544699583433e-13	3.463473594634381e-13	3.462722439926153e-13	3.465254213802778e-13	3.462869898048042e-13	3.466714822170398e-13	3.466064209059766e-13	3.4657824718863274e-13	3.4680264917798605e-13	3.4686728687722066e-13	3.468300218016761e-13	3.46616411019056e-13	3.4689784965081264e-13	3.4700944970432604e-13	3.466739395545351e-13	3.468657383584446e-13	3.46699824849173e-13	3.462519887263422e-13	3.467541178850178e-13	3.464812376111881e-13	3.462063884029436e-13	3.4641055672121876e-13	3.456839410064627e-13	3.458907531408233e-13	3.461788231942634e-13	3.453635079893813e-13	3.4579220686298607e-13	3.4523625944581155e-13	3.444868933563976e-13	3.453339336526783e-13	3.446763336226357e-13	3.4401543126895187e-13	3.445129325608627e-13	3.4331629363089647e-13	3.4366857631265296e-13	3.4386120019551593e-13	3.4235461918276484e-13	3.4345928889392184e-13	3.4246363361134914e-13	3.417240685247227e-13	3.4261198700518285e-13	3.4175834437729306e-13	3.410354515531917e-13	3.4164156507225437e-13	3.4039118818424826e-13	3.4107958480599377e-13	3.4083785569493476e-13	3.393877057553997e-13	3.4047795158441863e-13	3.394765812535149e-13	3.3882943396566566e-13	3.39776866370637e-13	3.3875695646004427e-13	3.38458264745623e-13	3.3876706760436354e-13	3.3779031162372265e-13	3.385837474736818e-13	3.381564506662862e-13
Pi	X	3	0	9.842882146228788e-10	9.846991167103597e-10	9.885922416022894e-10	9.881841452639533e-10	9.891014620960708e-10	9.920386864674027e-10	9.92265183175009e-10	9.959638606467876e-10	9.954409354626708e-10	9.96370382792922e-10	9.989346808637715e-10	9.990509380044572e-10	1.002296033043323e-09	1.0018592058014883e-09	1.0028139041671665e-09	1.0048529505423526e-09	1.0049752737313381e-09	1.007673165520106e-09	1.0072603661887878e-09	1.0081060833936028e-09	1.0096906315906027e-09	1.009691211541886e-09	1.011938419566722e-09	1.0110355662319177e-09	1.0123439966860887e-09	1.013390321326825e-09	1.0132574586100462e-09	1.0147404984577388e-09	1.0143492778977916e-09	1.0151296339238127e-09	1.0159240224850994e-09	1.0156867780631328e-09	1.0168436522131082e-09	1.0164128714371225e-09	1.0169709085325954e-09	1.0172687174724002e-09	1.0170250416105171e-09	1.0178026820686893e-09	1.0173556492517578e-09	1.0176856978572404e-09	1.017532118733475e-09	1.0172458349703195e-09	1.017695958233606e-09	1.0172970729636634e-09	1.0173641237456509e-09	1.0168344802741864e-09	1.0165115518328624e-09	1.0166585626804342e-09	1.016286109280065e-09	1.0161678950333627e-09	1.0153201583530115e-09	1.0149892235987612e-09	1.0148777695357464e-09	1.0145152847173835e-09	1.0142643298977313e-09	1.0131803729385527e-09	1.0128692190967377e-09	1.0125546735178646e-09	1.0122411258577128e-09	1.0118753087405377e-09	1.010756221844461e-09	1.0103655545295496e-09	1.0099164461484743e-09	1.0096574754988954e-09	1.0092325371026839e-09	1.0079955398602311e-09	1.007719100888512e-09	1.0071841193783752e-09	1.0069919504116897e-09	1.0065775494914941e-09	1.0052878628716447e-09	1.00516389400982e-09	1.0045891055248297e-09	1.0044822466684715e-09	1.0040931561788867e-09	1.0028397251759334e-09	1.002882539535369e-09	1.0022940132318947e-09	1.0023400274587907e-09	1.001980099017478e-09	1.0008491595760345e-09	1.0010400373175927e-09	1.0004761853996466e-09	1.0006537180887052e-09	1.0003386653462225e-09	9.992289121622038e-10	9.997415100921986e-10	9.992602977791243e-10	9.99539034547607e-10	9.992791064438348e-10	9.984066815877636e-10	9.990105399192169e-10	9.988011334995691e-10	9.990180457471372e-10	9.989602581758574e-10	9.98353970918431e-10	9.988728415666295e-10	9.986809363060016e-10	9.990379334494366e-10	9.99136902670867e-10	9.987094991927888e-10	9.993065531640505e-10	9.990996677657723e-10	9.99382446115863e-10	9.998122697104895e-10	9.995149204665948e-10	1.0001229297548248e-09	1.00005763564938e-09	1.000350273040492e-09	1.000840656397198e-09	1.0006683203789161e-09	1.0012912697451107e-09	1.0012006697222432e-09	1.0014794385222893e-09	1.002134602568435e-09	1.0020508784405923e-09	1.0026597002467228e-09	1.0025647673008754e-09	1.0029518394886629e-09	1.003460027679656e-09	1.003540176412672e-09
Pi	X	8	4	5.842323869999631e-12	5.841958476357445e-12	5.844548070173034e-12	5.849438237040288e-12	5.852932034776651e-12	5.850015919884326e-12	5.855542256144472e-12	5.859215316245384e-12	5.857609081527478e-12	5.859848251626153e-12	5.864307484676204e-12	5.863731993260885e-12	5.860083425813666e-12	5.86784133763617e-12	5.8656386330185936e-12	5.862893664601532e-12	5.8683436686714585e-12	5.865781653849575e-12	5.8704792693569426e-12	5.863375566794544e-12	5.864523408652809e-12	5.869329193619072e-12	5.859324130941273e-12	5.861082665433511e-12	5.866412206254053e-12	5.8573390000108454e-12	5.852063926984448e-12	5.862452150760611e-12	5.851357322114957e-12	5.847059254457085e-12	5.85533427652858e-12	5.8441001862864645e-12	5.850440998772771e-12	5.841264220737258e-12	5.836537043867388e-12	5.842537890129554e-12	5.8284799292407625e-12	5.827147921974152e-12	5.833479738048651e-12	5.81799273592734e-12	5.803952573446987e-12	5.824817749212814e-12	5.807741621190733e-12	5.811446907756748e-12	5.813607165052872e-12	5.7971526565692735e-12	5.8044589819861864e-12	5.796690682279384e-12	5.786789527183256e-12	5.793833788708578e-12	5.7766832578763135e-12	5.775276471882035e-12	5.782700480064779e-12	5.764312131159764e-12	5.75361224881096e-12	5.771427519953161e-12	5.753312308112668e-12	5.759609384264925e-12	5.758521321709396e-12	5.7418321716794365e-12	5.746373171998993e-12	5.742582758839453e-12	5.7301274523421176e-12	5.73355455751363e-12	5.717748438280059e-12	5.717138932314376e-12	5.719518469110177e-12	5.7037541989575224e-12	5.699300132479875e-12	5.704302134500186e-12	5.689980105057455e-12	5.686615630903323e-12	5.687387686576162e-12	5.6747468800840185e-12	5.6693000181930375e-12	5.669242097819258e-12	5.658029119008997e-12	5.649903017412757e-12	5.638883184801934e-12	5.640109385193155e-12	5.628545178310191e-12	5.619677535266556e-12	5.620702762159294e-12	5.6054739175812475e-12	5.598029793625367e-12	5.579237036903697e-12	5.5810365332579e-12	5.5745281010175975e-12	5.5543458627269234e-12	5.555945561412663e-12	5.549945203615245e-12	5.525934245156543e-12	5.522040810286368e-12	5.525142076741097e-12	5.496252708040266e-12	5.4963394201815724e-12	5.501732672122091e-12	5.466485499613997e-12	5.466975340136404e-12	5.434757636064657e-12	5.4365952675196815e-12	5.436748496077736e-12	5.405680619501675e-12	5.407278376412304e-12	5.408556244376733e-12	5.373830748812727e-12	5.377337265700792e-12	5.381398075438714e-12	5.342690465128942e-12	5.351505357130204e-12	5.35590578217121e-12	5.314971063911259e-12	5.322816626903653e-12	5.288087711958849e-12	5.288354422484549e-12	5.295486517011343e-12	5.263053486836713e-12	5.2708811210432176e-12	5.27236455030094e-12	5.238837926617462e-12	5.2502688612299645e-12
Pi	X	4	1	1.6124682973846905e-11	1.6230798559645516e-11	1.6310382094895327e-11	1.6355915730827713e-11	1.6477170396638786e-11	1.651636931836853e-11	1.6587931056541316e-11	1.6691397213622794e-11	1.6746892314544433e-11	1.6847216584810774e-11	1.6898424119782618e-11	1.6937801986619694e-11	1.7076537761399348e-11	1.7098028995762377e-11	1.7204832336927795e-11	1.7281319428288317e-11	1.7319585593712866e-11	1.7443714751425546e-11	1.747386456382165e-11	1.7577345929134886e-11	1.7653776203486328e-11	1.768954862205608e-11	1.7815149898272893e-11	1.784119399859892e-11	1.7903766849243216e-11	1.800337573510992e-11	1.8047212310187183e-11	1.8150186269572043e-11	1.818460662709383e-11	1.8222047379319524e-11	1.8350811673983735e-11	1.8359365450323685e-11	1.846146651798919e-11	1.852387725264447e-11	1.8557898633210556e-11	1.8674672486166006e-11	1.8692153898558184e-11	1.8786847465620054e-11	1.884266451991459e-11	1.8876609869106282e-11	1.8986410612659524e-11	1.900192562706299e-11	1.905985840375482e-11	1.9143041752236116e-11	1.917758247639781e-11	1.9265482093677016e-11	1.9293090536265807e-11	1.931717864574805e-11	1.942432001441607e-11	1.9433542199012683e-11	1.9517892584393428e-11	1.9565146128027192e-11	1.9588261527028778e-11	1.9684457719189383e-11	1.9690013551984744e-11	1.976932324451012e-11	1.9815664845860448e-11	1.9839176650922356e-11	1.9922152334401898e-11	1.992960597720861e-11	1.9973305625243528e-11	2.0033881991738497e-11	2.0060168043969583e-11	2.012805328926792e-11	2.015104930240375e-11	2.0160174967822376e-11	2.0236795145546714e-11	2.024021994291818e-11	2.0298845619927857e-11	2.0333906124643693e-11	2.0349260824513616e-11	2.041618151199851e-11	2.0413387733480253e-11	2.046709651339988e-11	2.0491979145580977e-11	2.0508843403708338e-11	2.056337472628475e-11	2.056620985218569e-11	2.0593623164562314e-11	2.0622903111725603e-11	2.0643381056059716e-11	2.0678735202629462e-11	2.0690554054430977e-11	2.0698488275607533e-11	2.073512338059954e-11	2.0741722667072564e-11	2.076387685823951e-11	2.0782306810708017e-11	2.078906575615498e-11	2.082275674382622e-11	2.0821480804268007e-11	2.084075981609015e-11	2.084986883106774e-11	2.0853025002845933e-11	2.087827712333783e-11	2.0873676812985822e-11	2.088309981111865e-11	2.088871336969121e-11	2.0896588813149088e-11	2.0906727597694244e-11	2.090032762948209e-11	2.0906029828587815e-11	2.090043191409153e-11	2.0907974804654448e-11	2.09056569784605e-11	2.0899991766961875e-11	2.089886386190229e-11	2.0896208484291568e-11	2.0890669922835333e-11	2.0881624694217737e-11	2.0873381439302558e-11	2.0864171972555085e-11	2.0857396962139174e-11	2.084227275300221e-11	2.083010300557438e-11	2.081391455972355e-11	2.0801565746903672e-11	2.0793193952691446e-11	2.077623222237986e-11	2.0754232576002686e-11	2.072451812859195e-11
Pi	X	5	2	2.6456855112233386e-11	2.6565117678010348e-11	2.6667867822015403e-11	2.6723473722644914e-11	2.6778329302215295e-11	2.6882732471069125e-11	2.699491286862979e-11	2.704153165300931e-11	2.7099054092557713e-11	2.7209520091215836e-11	2.7304220459378222e-11	2.7349816404991733e-11	2.7480706385205244e-11	2.7508593844131795e-11	2.7621953948345024e-11	2.7658701353434224e-11	2.7756452182700112e-11	2.780794715617472e-11	2.7891193138614485e-11	2.8013311633348207e-11	2.8032646808393352e-11	2.8074019652030307e-11	2.8169886504844823e-11	2.825471269245259e-11	2.8269221254146024e-11	2.833016867006414e-11	2.8388072269576617e-11	2.847919976410901e-11	2.8503136713860054e-11	2.853192173468973e-11	2.860845504246725e-11	2.864172483018253e-11	2.867685918562441e-11	2.8714947992663635e-11	2.875323002881666e-11	2.8808686673647573e-11	2.8826825417404315e-11	2.8860957572198248e-11	2.8874240514170756e-11	2.8891062660604508e-11	2.8921808213637648e-11	2.8934374089214077e-11	2.8928199071554126e-11	2.8959130499699955e-11	2.9006068255554158e-11	2.8948248389619372e-11	2.8961197211757024e-11	2.8922861106232553e-11	2.8939814735774074e-11	2.8921909599959193e-11	2.8895544120626668e-11	2.889218432082153e-11	2.8824766802691105e-11	2.8826308783787183e-11	2.882081823991845e-11	2.8741365024989245e-11	2.8727548794181435e-11	2.869581738501664e-11	2.862748425143783e-11	2.8612689869079078e-11	2.849597680959501e-11	2.848953278771174e-11	2.8462587104834656e-11	2.834722216098752e-11	2.831933227859691e-11	2.8276113606433666e-11	2.8164274747598107e-11	2.81403085382941e-11	2.7983018655102983e-11	2.797454477432743e-11	2.7883857794972085e-11	2.7783696089163253e-11	2.774097559723338e-11	2.756204643396654e-11	2.754638270352222e-11	2.7527361796767255e-11	2.733748521790038e-11	2.72982136479734e-11	2.722530689616561e-11	2.7104622467231274e-11	2.7064411093770937e-11	2.6860401357505177e-11	2.6844302707069406e-11	2.678294772632418e-11	2.6620521280511025e-11	2.6581187732823933e-11	2.6504847699889803e-11	2.635136815013925e-11	2.6337299102524272e-11	2.6129542155407852e-11	2.6100539503374403e-11	2.601891205714026e-11	2.5886623281960667e-11	2.585080003531131e-11	2.5642830634145816e-11	2.5622433006360912e-11	2.5614125705804872e-11	2.5409831590293545e-11	2.5375936742679984e-11	2.531028768960046e-11	2.518048879300576e-11	2.5147587355159575e-11	2.4955842716444035e-11	2.4927683667780716e-11	2.492267509380504e-11	2.4736026238390118e-11	2.4704247290604642e-11	2.4647263077019582e-11	2.4492752759159428e-11	2.4492045444463393e-11	2.4317749132004648e-11	2.4310016426647285e-11	2.4234438359410044e-11	2.412630075073657e-11	2.408798795802648e-11	2.3973477117248525e-11	2.3905830038417293e-11	2.3887835533510656e-11	2.375454895669337e-11	2.368804223012276e-11	2.3670196811171912e-11
Pi	X	6	3	3.908783260174943e-11	3.895048742710313e-11	3.888379027927466e-11	3.8747836708454714e-11	3.866264364948325e-11	3.863355116009233e-11	3.8463977952339047e-11	3.8368674377446956e-11	3.827952230260215e-11	3.816374585041579e-11	3.8131222261526505e-11	3.807674645966111e-11	3.798203991285597e-11	3.799052649398998e-11	3.783342962235165e-11	3.7791962094658137e-11	3.7755029569850185e-11	3.7732417693394166e-11	3.767300810394052e-11	3.7654912170937926e-11	3.75951505789242e-11	3.761340019476055e-11	3.7533200297588175e-11	3.7520809336406877e-11	3.754031612861694e-11	3.744256276303087e-11	3.7528438749835375e-11	3.7511117072355905e-11	3.749766854250772e-11	3.7546091289701664e-11	3.748226510273543e-11	3.7534771192423723e-11	3.751641752086044e-11	3.7524435382731375e-11	3.76053671732453e-11	3.764196555482861e-11	3.761823140603184e-11	3.767093068050499e-11	3.771465722468754e-11	3.7770510141168265e-11	3.782475608669071e-11	3.780483207736588e-11	3.7931958204384223e-11	3.799990883873666e-11	3.8007577669001394e-11	3.8083125767144154e-11	3.814732819799702e-11	3.8246971687074395e-11	3.8316869180810565e-11	3.8313079361086485e-11	3.845299492946569e-11	3.8575124063847325e-11	3.859527171458918e-11	3.868738282280016e-11	3.880682221127e-11	3.889524350201592e-11	3.898082380090786e-11	3.899713304047663e-11	3.9132281135597375e-11	3.931907949574045e-11	3.934786220484747e-11	3.946558817552799e-11	3.959858225305507e-11	3.9720506690595084e-11	3.98005749747721e-11	3.987064006936596e-11	4.002625343887429e-11	4.022920623082532e-11	4.018404959057636e-11	4.035948690938281e-11	4.056326471956761e-11	4.069791587205868e-11	4.081155228575582e-11	4.0892260861467094e-11	4.10643849702841e-11	4.1212298597618354e-11	4.1264640182723575e-11	4.144594653256972e-11	4.16887145347602e-11	4.176508880465135e-11	4.196812880072656e-11	4.208398649933919e-11	4.226884682066481e-11	4.242741713754139e-11	4.252197962927935e-11	4.270388999714472e-11	4.299551667993399e-11	4.309210442594658e-11	4.32581577189266e-11	4.346758289431719e-11	4.364945115974518e-11	4.3817799839831584e-11	4.395766133464137e-11	4.414726541741936e-11	4.448908393109873e-11	4.4602956213641785e-11	4.47976135477084e-11	4.5014335601478414e-11	4.521743587636675e-11	4.540687694035341e-11	4.5567852078260525e-11	4.577256193089121e-11	4.61386005618245e-11	4.6303639691962514e-11	4.648546510557865e-11	4.673459223599287e-11	4.6939662306117495e-11	4.714088468652705e-11	4.7344156591480424e-11	4.753845004436625e-11	4.794783551126882e-11	4.7969995222171e-11	4.830584433622517e-11	4.8553821846983315e-11	4.876729184662141e-11	4.899150577469644e-11	4.9166914306214235e-11	4.9410840680736273e-11	4.977541725751809e-11	4.9814323340922484e-11	5.003308701840415e-11
Pi	X	2	0	1.0488385857187422e-07	1.0501660745010752e-07	1.0522494303893874e-07	1.0536640629997894e-07	1.054412960822555e-07	1.0559707210160787e-07	1.05673118192747e-07	1.0588388617904737e-07	1.0593627360265979e-07	1.0606345707607303e-07	1.0614784296826843e-07	1.0615922360629067e-07	1.0634559928612772e-07	1.063242173882467e-07	1.0643999845490079e-07	1.0651079539572854e-07	1.0648459988021577e-07	1.0660635960401006e-07	1.0652482535083666e-07	1.0661845776515007e-07	1.0663442638356406e-07	1.0661119120440134e-07	1.0663132585199092e-07	1.0655058664594361e-07	1.0663953874858546e-07	1.0655318742216678e-07	1.0654280365766608e-07	1.0651462259555955e-07	1.0640733590598028e-07	1.0648201392972068e-07	1.0628257912632894e-07	1.0629848844670577e-07	1.0625652200710982e-07	1.0612579900189405e-07	1.0615907967946106e-07	1.0594364553947552e-07	1.0595123518387914e-07	1.0587235696162719e-07	1.0575494860495123e-07	1.0573109804981563e-07	1.0551402318106923e-07	1.0550090120574626e-07	1.0533177540502701e-07	1.0530146550434198e-07	1.0516052063070472e-07	1.0503167691912899e-07	1.04998578218497e-07	1.048187117978311e-07	1.0479624587247167e-07	1.0461756911115095e-07	1.0453369488434556e-07	1.0447352650260262e-07	1.0425411288727466e-07	1.0427767975226375e-07	1.0409684720752447e-07	1.0404307138700378e-07	1.0393388073078395e-07	1.0381155992033877e-07	1.0374003160734561e-07	1.0361360187568042e-07	1.0358350244568775e-07	1.0346514725361516e-07	1.0338396560827612e-07	1.0331179488881851e-07	1.0315785007429129e-07	1.0317953856896012e-07	1.0306461667195764e-07	1.0301685012683602e-07	1.0294213582207475e-07	1.0280643180861236e-07	1.0283409360269343e-07	1.0267292802422836e-07	1.0271523424711823e-07	1.0264499388689214e-07	1.0253505535038467e-07	1.0255790597733951e-07	1.0240861833626135e-07	1.0248616717486268e-07	1.0235447619452236e-07	1.0237361985512163e-07	1.0232711337741661e-07	1.0219658443747851e-07	1.0230050648382313e-07	1.021631953639619e-07	1.0221280814962814e-07	1.0213623552363846e-07	1.020271527687091e-07	1.0214289494758706e-07	1.0200222931179992e-07	1.0206759920668689e-07	1.0198077503856273e-07	1.0192449769195789e-07	1.020016811400239e-07	1.0180350217259982e-07	1.0191541938572027e-07	1.0182346757659473e-07	1.0178329807094355e-07	1.0175365583982924e-07	1.0166112887465017e-07	1.017400423973212e-07	1.0157805417373382e-07	1.0159514233912174e-07	1.0155392397164442e-07	1.0147523171627224e-07	1.015202276923763e-07	1.0137169863186207e-07	1.013910143346033e-07	1.0134432760004291e-07	1.0123090851637542e-07	1.0124630021996945e-07	1.0110200848104036e-07	1.0108917883968238e-07	1.0100202039631099e-07	1.0092810581251176e-07	1.009218196837799e-07	1.007626745550474e-07	1.007287510113812e-07	1.0065045998688888e-07	1.0057615369574949e-07	1.0047909246080315e-07	1.0035777927031382e-07
Pi	X	7	4	5.954309244690466e-12	5.9662484477029056e-12	5.982668487462529e-12	6.013564732942752e-12	6.0165986443157256e-12	6.039839906050572e-12	6.056964050423063e-12	6.062589221918185e-12	6.082359406918759e-12	6.099111266346668e-12	6.1112579994387115e-12	6.134298729943163e-12	6.1354350226641356e-12	6.1519054903147e-12	6.17882070604414e-12	6.174203695253414e-12	6.1964827978259e-12	6.21144878600195e-12	6.205508853689585e-12	6.225741691496289e-12	6.239435283511818e-12	6.24531562027125e-12	6.266222313212e-12	6.258299766636748e-12	6.272504999896201e-12	6.2975584791891104e-12	6.284908106523077e-12	6.307490403837363e-12	6.321961856070488e-12	6.308592372925649e-12	6.329443407399767e-12	6.342347675283833e-12	6.3391425746046976e-12	6.3572543732444e-12	6.3444372957513104e-12	6.360259844524022e-12	6.382585373719633e-12	6.366327040989168e-12	6.384494471200519e-12	6.3997492465082994e-12	6.389860528392671e-12	6.4025054680819046e-12	6.414754210583246e-12	6.409097919668759e-12	6.4239232974236525e-12	6.409059570809985e-12	6.424742324980837e-12	6.441216757003714e-12	6.427122410874928e-12	6.444279034794814e-12	6.455947482142828e-12	6.446527503181517e-12	6.456591067708151e-12	6.465524494063641e-12	6.460115288656448e-12	6.470854188947967e-12	6.463068702531088e-12	6.474709179003757e-12	6.482695833155966e-12	6.473700271754078e-12	6.485249513966437e-12	6.4904015440065805e-12	6.48762076132722e-12	6.4954192466934406e-12	6.498269425184812e-12	6.496860130963779e-12	6.5016102319089694e-12	6.497136744358603e-12	6.5043506367303115e-12	6.503129902789286e-12	6.502601289855786e-12	6.506811492840844e-12	6.508024334556292e-12	6.5073250724772065e-12	6.503317242174619e-12	6.508597664341277e-12	6.510691471234812e-12	6.504396503345521e-12	6.507995072243767e-12	6.5048821810436514e-12	6.496479688523809e-12	6.505900792065428e-12	6.500780853824086e-12	6.495624074782424e-12	6.499454698489985e-12	6.485821680418238e-12	6.489702048714159e-12	6.495106761735306e-12	6.479809601003259e-12	6.487852937348522e-12	6.477422060166536e-12	6.463362249054873e-12	6.4792546107363376e-12	6.466916559864173e-12	6.454516485045671e-12	6.46385072425204e-12	6.441398979513891e-12	6.44800864575634e-12	6.451622640693877e-12	6.423355745453731e-12	6.44408190578949e-12	6.425400997636578e-12	6.411525171458012e-12	6.4281844249715805e-12	6.412168155035888e-12	6.398605043952883e-12	6.409977059182838e-12	6.386517179418381e-12	6.3994329733027256e-12	6.394897616694559e-12	6.367689421015463e-12	6.388144935340055e-12	6.369356910849243e-12	6.357214970602009e-12	6.374990937670933e-12	6.355855026083253e-12	6.350250944912819e-12	6.356044654538587e-12	6.337718546352934e-12	6.35260517378035e-12	6.344588105708514e-12
Pi	X	3	1	3.313143614207053e-08	3.314526719896191e-08	3.327631080053629e-08	3.326257408122574e-08	3.329345138150759e-08	3.339231886906171e-08	3.339994279057927e-08	3.352444102880577e-08	3.350683941807643e-08	3.35381247649342e-08	3.36244396910316e-08	3.362835298955778e-08	3.373758375609047e-08	3.3722880002324105e-08	3.3755015122673136e-08	3.382365010206282e-08	3.382776743409344e-08	3.3918579447240406e-08	3.3904684468240214e-08	3.3933151536765826e-08	3.398648768294667e-08	3.398650708342025e-08	3.4062148784406486e-08	3.403175822177528e-08	3.4075800819385755e-08	3.411102012700506e-08	3.4106547959060374e-08	3.41564673221998e-08	3.414329861833448e-08	3.4169565605721696e-08	3.41963046888229e-08	3.4188319335553936e-08	3.4227259762103236e-08	3.421275950704853e-08	3.423154297234796e-08	3.424156717103641e-08	3.423336474881724e-08	3.42595402283604e-08	3.424449322350452e-08	3.425560235100868e-08	3.425043280396254e-08	3.424079598113044e-08	3.425594714556303e-08	3.424252015949916e-08	3.42447770784209e-08	3.4226948956532486e-08	3.421607886954166e-08	3.42210272516247e-08	3.420848977982375e-08	3.420451049286677e-08	3.417597490940066e-08	3.4164835560066e-08	3.416108370700563e-08	3.414888205862404e-08	3.4140434727418474e-08	3.410394782915219e-08	3.409347401427214e-08	3.4082885725183255e-08	3.407233164632827e-08	3.406001770597664e-08	3.40223486599941e-08	3.400919837853159e-08	3.399408066943825e-08	3.3985363280809054e-08	3.397105908163826e-08	3.3929421537364694e-08	3.3920115892107517e-08	3.3902108023454464e-08	3.3895639093339135e-08	3.3881689689992935e-08	3.3838278146390287e-08	3.3834104677235734e-08	3.3814757231631126e-08	3.3811159569063136e-08	3.379806242966674e-08	3.375587109026682e-08	3.3757311725459836e-08	3.373750140714847e-08	3.373904965032134e-08	3.3726934437637804e-08	3.36888659319346e-08	3.369529070954756e-08	3.367631070570362e-08	3.368228611299123e-08	3.367168095358324e-08	3.363432585401463e-08	3.36515801007321e-08	3.36353815395828e-08	3.3644763752788794e-08	3.363601383908776e-08	3.360664757322375e-08	3.3626973168446016e-08	3.361992401683132e-08	3.362722544346457e-08	3.362527956204327e-08	3.360487164405553e-08	3.362233628219609e-08	3.361587655907345e-08	3.3627892813185915e-08	3.363122380059709e-08	3.361683735259075e-08	3.36369334373026e-08	3.3629969833865487e-08	3.363948748307858e-08	3.365395548086248e-08	3.364394625054889e-08	3.366441176898106e-08	3.366221398249984e-08	3.367206351385695e-08	3.3688570140813384e-08	3.368276849396396e-08	3.370373729877957e-08	3.370068741853393e-08	3.3710070693371454e-08	3.3732123627395395e-08	3.372930490869635e-08	3.374979819091316e-08	3.374660203627543e-08	3.3759631191389554e-08	3.3776736748660043e-08	3.3779434479963226e-08
Pi	X	8	5	6.290716667671807e-11	6.29032318020302e-11	6.29311147682598e-11	6.29837690714334e-11	6.302138802723055e-11	6.298998818232825e-11	6.304949267876399e-11	6.308904097263e-11	6.307174570716484e-11	6.309585544437166e-11	6.314386941601372e-11	6.313767236403546e-11	6.309838586184779e-11	6.318191828456066e-11	6.315819962100971e-11	6.312864276137448e-11	6.318732481726982e-11	6.315973822139752e-11	6.321031856819561e-11	6.313382891917158e-11	6.314618785058623e-11	6.319793277840177e-11	6.309020284307515e-11	6.310913715334186e-11	6.316652248737095e-11	6.306882585894415e-11	6.301202599456762e-11	6.31238800125411e-11	6.300441590371647e-11	6.295813559813885e-11	6.304723575556305e-11	6.292627296166662e-11	6.299454603499503e-11	6.289573458095749e-11	6.284483414217783e-11	6.290944707708383e-11	6.275807722241924e-11	6.27437344063974e-11	6.281191178023197e-11	6.26451544316623e-11	6.249397657349972e-11	6.271864102619162e-11	6.25347733913138e-11	6.257466890608403e-11	6.259792884501898e-11	6.242075469929128e-11	6.249942444298098e-11	6.241577877048096e-11	6.230916748472601e-11	6.238501558741736e-11	6.220034643053913e-11	6.21851987761471e-11	6.226513582718135e-11	6.206713894489364e-11	6.195192748217817e-11	6.21437522292531e-11	6.194869638950635e-11	6.201649896170889e-11	6.20047832185298e-11	6.182508233038642e-11	6.187397700318364e-11	6.183316305309847e-11	6.169905003235415e-11	6.173595087779675e-11	6.156575777809031e-11	6.155919503762978e-11	6.158481591506866e-11	6.141507408916047e-11	6.136711423800649e-11	6.142097276057967e-11	6.12667601178697e-11	6.123053273603857e-11	6.12388459025581e-11	6.110273527046535e-11	6.104408643892986e-11	6.104346195213915e-11	6.092272590942587e-11	6.083522831775235e-11	6.071657184707779e-11	6.072977508034494e-11	6.060525714644665e-11	6.050977493657607e-11	6.052081332437272e-11	6.035683708677772e-11	6.027668233347561e-11	6.007433177081379e-11	6.009370797998439e-11	6.002362759325869e-11	5.980631642162587e-11	5.982354038171972e-11	5.975893145443643e-11	5.950039426257654e-11	5.945847151041241e-11	5.949186456732359e-11	5.918079862372651e-11	5.918173244688483e-11	5.923980360110812e-11	5.886028083308084e-11	5.886555497096885e-11	5.851865202114546e-11	5.85384388988602e-11	5.85400877426771e-11	5.820556634379985e-11	5.822276935025074e-11	5.823652893629629e-11	5.7862623303262025e-11	5.790037971687149e-11	5.794410467630569e-11	5.7527320989398807e-11	5.762223579542917e-11	5.766961659040248e-11	5.722885365807143e-11	5.7313330584760694e-11	5.6939388366937315e-11	5.694226025638482e-11	5.701905446103334e-11	5.6669833471660496e-11	5.675411670969341e-11	5.6770089957896677e-11	5.640909315909145e-11	5.653217573845931e-11
Pi	X	4	2	1.2068844607223686e-09	1.2148268791566391e-09	1.2207834491533367e-09	1.2241914927242185e-09	1.2332670339153714e-09	1.2362009439499284e-09	1.2415571138260604e-09	1.2493012152804102e-09	1.253454853591944e-09	1.2609638150372704e-09	1.2647965283724074e-09	1.2677438376452422e-09	1.2781277739982352e-09	1.2797363243891338e-09	1.2877302075157934e-09	1.2934550277760664e-09	1.2963191230140432e-09	1.3056098133991047e-09	1.3078664266607159e-09	1.3156116818290823e-09	1.321332236829991e-09	1.3240096815158381e-09	1.3334105495030409e-09	1.3353598579284958e-09	1.3400432518387425e-09	1.3474986507966191e-09	1.3507796787472323e-09	1.3584869575109168e-09	1.3610631994769828e-09	1.3638655129774234e-09	1.3735031128562378e-09	1.3741433482690102e-09	1.3817852807079193e-09	1.386456523527518e-09	1.389002900039542e-09	1.3977430623826737e-09	1.3990514762738436e-09	1.4061389888425048e-09	1.4103167253616621e-09	1.412857404591613e-09	1.4210756551105273e-09	1.4222368823370024e-09	1.426572964949833e-09	1.4327989608130317e-09	1.4353842178280074e-09	1.4419632331309557e-09	1.444029618396653e-09	1.4458325304365583e-09	1.4538517100545388e-09	1.4545419513711137e-09	1.4608552944462393e-09	1.4643920717668841e-09	1.4661221697945811e-09	1.4733221517991837e-09	1.4737379755282314e-09	1.4796740365020616e-09	1.483142545587619e-09	1.4849023008738431e-09	1.4911127830466187e-09	1.4916706398231205e-09	1.4949414130355736e-09	1.499475350570084e-09	1.5014427506599096e-09	1.5065237441201562e-09	1.5082448896546722e-09	1.5089279182563927e-09	1.514662678119075e-09	1.5149190008558282e-09	1.5193069328340725e-09	1.5219310779877632e-09	1.5230803102203522e-09	1.5280890963318663e-09	1.5278799902153588e-09	1.5318998949722285e-09	1.5337622708013559e-09	1.5350244810149858e-09	1.5391059674391641e-09	1.5393181478587206e-09	1.5413699259336567e-09	1.5435614425084686e-09	1.5450941144106807e-09	1.5477402600335194e-09	1.5486248340329457e-09	1.5492186672580892e-09	1.5519606773084056e-09	1.5524545886100205e-09	1.5541127659243253e-09	1.555492153024927e-09	1.5559980312203773e-09	1.558519672073228e-09	1.5584241591006973e-09	1.5598671162108334e-09	1.5605488766552564e-09	1.5607851065549275e-09	1.562675120327417e-09	1.5623307937343568e-09	1.5630360462618263e-09	1.5634561985158764e-09	1.5640456312938873e-09	1.5648044745333407e-09	1.5643254577651658e-09	1.5647522058400513e-09	1.5643332314497821e-09	1.5648977566987493e-09	1.5647242762320972e-09	1.5643002349509705e-09	1.5642158007832911e-09	1.5640170584346662e-09	1.5636024776849667e-09	1.5629254801824492e-09	1.5623084621115679e-09	1.561619164976434e-09	1.5611120679136233e-09	1.5599800559293603e-09	1.5590691861020613e-09	1.5578575072136722e-09	1.5569332410009916e-09	1.5563066070857583e-09	1.5550370844690495e-09	1.5533904650104064e-09	1.5511664283806506e-09
Pi	X	5	3	8.187363493287125e-10	8.220866351274403e-10	8.252663424367046e-10	8.269871138533245e-10	8.286846747226697e-10	8.319155355385662e-10	8.353870626052695e-10	8.368297224521005e-10	8.386098167571478e-10	8.420282878087499e-10	8.44958891855567e-10	8.463698990248813e-10	8.5042042339481e-10	8.512834263321254e-10	8.547914544353077e-10	8.559286465199691e-10	8.589536434113751e-10	8.605472043201954e-10	8.631233415208386e-10	8.669024186567523e-10	8.675007599764552e-10	8.687810856559905e-10	8.717477732933585e-10	8.743728148877651e-10	8.74821794155964e-10	8.767078641013881e-10	8.784997599276424e-10	8.813197800983867e-10	8.820605347909016e-10	8.829513178329415e-10	8.853197055284551e-10	8.86349289839826e-10	8.874365453734544e-10	8.886152370789634e-10	8.897999164502377e-10	8.915160675974697e-10	8.92077387272695e-10	8.931336428134023e-10	8.935446937316049e-10	8.940652704676193e-10	8.950167186607521e-10	8.954055702609667e-10	8.952144795536898e-10	8.961716663446586e-10	8.97624214052396e-10	8.958349068507676e-10	8.962356086342622e-10	8.950492637823775e-10	8.955738908260602e-10	8.950197932548349e-10	8.942038781058293e-10	8.94099896760525e-10	8.920135901074685e-10	8.920612994543634e-10	8.918913776530969e-10	8.894326063082871e-10	8.890050336686358e-10	8.880230579974208e-10	8.859084237802846e-10	8.854505762962385e-10	8.818387656587924e-10	8.816393402096888e-10	8.80805460226488e-10	8.772353633088472e-10	8.763722594944792e-10	8.750348176380598e-10	8.715738329831218e-10	8.708321602952872e-10	8.659646506978648e-10	8.657024045698532e-10	8.628959858932949e-10	8.597963649759795e-10	8.584743320945808e-10	8.529371643216017e-10	8.524524294095414e-10	8.51863790208142e-10	8.459878491566933e-10	8.447725381575495e-10	8.425163462231142e-10	8.387816439986653e-10	8.375372404866793e-10	8.312239401133286e-10	8.307257393664778e-10	8.288270334153244e-10	8.238005671145217e-10	8.225833371334465e-10	8.202209145640815e-10	8.154713147342117e-10	8.150359287211233e-10	8.086066572507637e-10	8.077091370932304e-10	8.051830783376511e-10	8.010892554084077e-10	7.999806724527966e-10	7.935448243896173e-10	7.929136005400464e-10	7.926565082493381e-10	7.86334410256482e-10	7.852854948901081e-10	7.832539082764589e-10	7.792371496406886e-10	7.782189670188974e-10	7.722852347265011e-10	7.714138126162867e-10	7.712588195504027e-10	7.654827699977199e-10	7.644993401379897e-10	7.627359052684496e-10	7.579544135652172e-10	7.579325343771145e-10	7.525387403804928e-10	7.522994533774846e-10	7.499606103502775e-10	7.466141799844121e-10	7.454285601550131e-10	7.418848920988555e-10	7.397914971324359e-10	7.392346296343997e-10	7.351099473455368e-10	7.330518313031468e-10	7.324995920376303e-10
Pi	X	1	0	2.1548848938638125e-05	2.1546408654267557e-05	2.1544701544733312e-05	2.1555671790311455e-05	2.156462504303746e-05	2.157681614118691e-05	2.158283765215598e-05	2.1593006255101154e-05	2.1604687055115625e-05	2.1603260366545604e-05	2.162009666230434e-05	2.1626648484672556e-05	2.16529959410244e-05	2.1655510532959694e-05	2.1655424115274118e-05	2.167687759033003e-05	2.1684765257439012e-05	2.170122598056491e-05	2.1709649175736484e-05	2.172784748598145e-05	2.1743425416395696e-05	2.1744118743038013e-05	2.1764464709119598e-05	2.1769442955939975e-05	2.179575086110425e-05	2.180622503226275e-05	2.1815325310978527e-05	2.183042516137453e-05	2.1840528883094147e-05	2.1859044584898275e-05	2.1864339763146653e-05	2.1886867898501947e-05	2.190138782471807e-05	2.1906682999946927e-05	2.1924660094216472e-05	2.1936783627747284e-05	2.1953904208799687e-05	2.1962887723321733e-05	2.198143095882709e-05	2.198606361521129e-05	2.1998037987057183e-05	2.2014003475331723e-05	2.2018635103563878e-05	2.2046990143095175e-05	2.2053359288622607e-05	2.2063455902362705e-05	2.2076505692814602e-05	2.2086957597631705e-05	2.2103823769906812e-05	2.2112591886652416e-05	2.2129990659315246e-05	2.213775251712815e-05	2.2145805677919693e-05	2.216571554334955e-05	2.2169257526354222e-05	2.2196778273926647e-05	2.2205488657328426e-05	2.221488736596741e-05	2.2236979545372307e-05	2.224058750675264e-05	2.2262501797292396e-05	2.227105816943186e-05	2.229426194157249e-05	2.2310990821245622e-05	2.2312741611608464e-05	2.23442765208502e-05	2.2346413784818857e-05	2.2375271407497535e-05	2.2392419539872957e-05	2.2411099276336534e-05	2.2442234649597854e-05	2.2439118326406785e-05	2.247885512725006e-05	2.248076156486966e-05	2.2508244699191454e-05	2.2533573962475857e-05	2.253893076993132e-05	2.2595223051059295e-05	2.2588031833582402e-05	2.2623821738765527e-05	2.2639038032116178e-05	2.2667152300251307e-05	2.2706655769822253e-05	2.2697033411956358e-05	2.2746903396286098e-05	2.2746634274243044e-05	2.2781044641339332e-05	2.2803473469327548e-05	2.2815978379191466e-05	2.287486388057281e-05	2.286185013255958e-05	2.290024935471529e-05	2.291035838594406e-05	2.293127323717833e-05	2.2979226850835813e-05	2.2964567081586285e-05	2.3011114458640425e-05	2.300355391929479e-05	2.3030859772585193e-05	2.3047665586543415e-05	2.306192961839011e-05	2.3109134184202993e-05	2.3089396802599227e-05	2.311930660570909e-05	2.3115620598070087e-05	2.3132765487812404e-05	2.3142709667669685e-05	2.3149214508827874e-05	2.3177406415544466e-05	2.3160641154114418e-05	2.3174642181660335e-05	2.3176713432287476e-05	2.3206640298551706e-05	2.3209735073340685e-05	2.3191006190425104e-05	2.3203363278896776e-05	2.3184020919361756e-05	2.3194279370361743e-05	2.318113655751195e-05	2.3193036570494682e-05	2.31964516936948e-05
Pi	X	6	4	2.4211247527620364e-10	2.4126175174449573e-10	2.40848625026723e-10	2.4000652244175713e-10	2.3947883216460773e-10	2.392986328586822e-10	2.3824828700127663e-10	2.376579673459662e-10	2.371057586070248e-10	2.363886311652824e-10	2.361871787297784e-10	2.35849754772428e-10	2.352631356017014e-10	2.3531570494902853e-10	2.3434263482528373e-10	2.340857825942027e-10	2.3385702258164224e-10	2.337169639653249e-10	2.3334897740723394e-10	2.3323689136178337e-10	2.328667230830106e-10	2.329797629396411e-10	2.32483000538673e-10	2.3240624716025201e-10	2.3252707911659995e-10	2.3192158628124367e-10	2.324535070686359e-10	2.323462158945139e-10	2.3226291329800523e-10	2.325628482684389e-10	2.3216750281566396e-10	2.3249273002376296e-10	2.3237904665629596e-10	2.3242870882908253e-10	2.329300021293942e-10	2.3315669502589537e-10	2.3300968241174075e-10	2.33336102892893e-10	2.3360695104129367e-10	2.3395290236332196e-10	2.34288906813647e-10	2.341654924095451e-10	2.349529173195123e-10	2.353738054845719e-10	2.3542130560164927e-10	2.358892531071824e-10	2.362869256926742e-10	2.3690412110774097e-10	2.3733706788091863e-10	2.373135907509075e-10	2.3818023156646516e-10	2.389367059896249e-10	2.390614996249434e-10	2.396320383625057e-10	2.403718509298577e-10	2.4091953194465107e-10	2.41449619953924e-10	2.4155063465395726e-10	2.423877486044415e-10	2.435447845180482e-10	2.437230646908858e-10	2.4445226239813557e-10	2.4527602951991435e-10	2.4603123300661477e-10	2.4652717503398343e-10	2.4696116220501245e-10	2.479250343919196e-10	2.4918213206277885e-10	2.4890242584914865e-10	2.4998908973801547e-10	2.5125129594433887e-10	2.520853271121927e-10	2.5278919711338597e-10	2.5328910357450156e-10	2.543552472163629e-10	2.552714262679854e-10	2.5559562898386936e-10	2.56718647113279e-10	2.582223580037043e-10	2.5869542558373297e-10	2.5995305692069046e-10	2.60670683615012e-10	2.618157131181425e-10	2.6279790178539596e-10	2.633836226301517e-10	2.6451038046065687e-10	2.663167294747403e-10	2.669149929457127e-10	2.6794353287499155e-10	2.6924071651122716e-10	2.703672156971057e-10	2.7140997108460554e-10	2.722762758645808e-10	2.7345069393083433e-10	2.7556792651172413e-10	2.7627325703539907e-10	2.7747896710770604e-10	2.788213523238884e-10	2.800793625226073e-10	2.812527656067332e-10	2.8224985339338685e-10	2.8351782907303863e-10	2.85785090747865e-10	2.8680734556838286e-10	2.8793358018762445e-10	2.894766819912355e-10	2.9074689464543893e-10	2.9199327497435797e-10	2.932523443242179e-10	2.94455810349582e-10	2.96991555908912e-10	2.9712881635579424e-10	2.9920907950111665e-10	3.0074506266166397e-10	3.020673067492695e-10	3.0345609335755626e-10	3.0454258375160093e-10	3.060534707469729e-10	3.083116774263595e-10	3.0855266176005034e-10	3.0990769617484487e-10
Pi	X	2	1	2.257837660314218e-06	2.260695344666392e-06	2.2651801964338834e-06	2.268225462151387e-06	2.269837627407355e-06	2.2731910111128246e-06	2.274828054722114e-06	2.2793652483662057e-06	2.2804930003582425e-06	2.2832308741896037e-06	2.2850474548846142e-06	2.285292446906158e-06	2.2893045577186174e-06	2.288844263210149e-06	2.291336659355529e-06	2.2928607206794825e-06	2.292296795941054e-06	2.2949179324388966e-06	2.2931627404495495e-06	2.2951783585881353e-06	2.295522105449036e-06	2.295021905232563e-06	2.295455339860691e-06	2.2937172546601795e-06	2.295632142839561e-06	2.2937732407436995e-06	2.2935497009253683e-06	2.29294302122382e-06	2.2906334599689037e-06	2.2922410320310425e-06	2.287947782806107e-06	2.288290273561884e-06	2.287386828003419e-06	2.2845727538394925e-06	2.2852891466275343e-06	2.2806514870850988e-06	2.280814835161245e-06	2.279116801259615e-06	2.276589369892243e-06	2.2760758856427517e-06	2.2714029110917566e-06	2.2711203844672467e-06	2.267479591436521e-06	2.266827077334011e-06	2.2637929315772078e-06	2.2610192983903614e-06	2.2603067473506126e-06	2.256434744228284e-06	2.2559510744841944e-06	2.2521046608445287e-06	2.2502990632386193e-06	2.2490038007972895e-06	2.2442804500860715e-06	2.24478774467696e-06	2.240894927879356e-06	2.2397372524566113e-06	2.237386665005767e-06	2.2347534113984234e-06	2.2332136099783296e-06	2.230491908561103e-06	2.229843937593211e-06	2.227296065715227e-06	2.2255484149850262e-06	2.223994759016559e-06	2.220680727087913e-06	2.2211476214637828e-06	2.218673639438001e-06	2.2176453387863664e-06	2.2160369218863997e-06	2.213115568473033e-06	2.213711014166997e-06	2.210241540771094e-06	2.211152269919327e-06	2.209640146043196e-06	2.2072734672866406e-06	2.2077653321843676e-06	2.2045515679063263e-06	2.2062209335791365e-06	2.2033859753899502e-06	2.2037980720040808e-06	2.202796866979452e-06	2.199986946362721e-06	2.202224033179422e-06	2.199268108611096e-06	2.2003360825701736e-06	2.1986876660489176e-06	2.19633943650577e-06	2.198830960637932e-06	2.1958028436784057e-06	2.197210003943155e-06	2.1953409252776016e-06	2.1941294053203044e-06	2.195790905177319e-06	2.1915247083385336e-06	2.1939338935814838e-06	2.1919544428989447e-06	2.1910896605926023e-06	2.1904515445745535e-06	2.188459689961625e-06	2.1901584379152844e-06	2.1866713278808465e-06	2.1870391203889423e-06	2.186151828183048e-06	2.184457771367692e-06	2.185426402737045e-06	2.1822290018723475e-06	2.182644793672819e-06	2.1816397761913366e-06	2.179198158994598e-06	2.1795295126863376e-06	2.176423303544525e-06	2.176147133627139e-06	2.174270865691021e-06	2.172679703045186e-06	2.172544382667129e-06	2.169118441340208e-06	2.1683881886023707e-06	2.1667027811072142e-06	2.1651032163169183e-06	2.163013772102256e-06	2.1604022747037096e-06
Pi	X	7	5	2.1811894699647784e-11	2.1855630253382137e-11	2.191578024732907e-11	2.2028959375378185e-11	2.2040073123566068e-11	2.212521062540638e-11	2.2187939691440535e-11	2.220854556498184e-11	2.2280967883698586e-11	2.2342333089632338e-11	2.2386829177711465e-11	2.247123207591054e-11	2.247539425476935e-11	2.253572894527785e-11	2.2634324546194298e-11	2.2617411454809514e-11	2.2699024390920903e-11	2.275384778494348e-11	2.2732088385550566e-11	2.280620542177664e-11	2.2856367535638785e-11	2.2877908431786293e-11	2.295449386936083e-11	2.292547158668707e-11	2.297750850128545e-11	2.3069284233004876e-11	2.302294320379948e-11	2.3105666728919828e-11	2.315867846719325e-11	2.3109703071626246e-11	2.3186084622133412e-11	2.323335569076624e-11	2.3221614544821153e-11	2.3287961758532506e-11	2.324100980131215e-11	2.3298971058688358e-11	2.3380753811101895e-11	2.3321196040072948e-11	2.3387747306482076e-11	2.344362832980102e-11	2.3407403966006916e-11	2.3453724678673328e-11	2.3498594278674876e-11	2.3477873944450973e-11	2.3532182290806458e-11	2.3477733293689697e-11	2.3535182353786306e-11	2.3595531563541055e-11	2.3543900770535923e-11	2.36067489616619e-11	2.364949262044995e-11	2.3614985428968998e-11	2.3651850156800963e-11	2.368457513696996e-11	2.366476006691104e-11	2.370409854479456e-11	2.3675578673284993e-11	2.371821982723321e-11	2.3747476755851357e-11	2.3714523990967148e-11	2.3756831141916234e-11	2.3775704051067012e-11	2.3765517291768738e-11	2.3794084628932537e-11	2.3804525246802996e-11	2.379936287797466e-11	2.381676315723998e-11	2.3800375968606908e-11	2.3826801714853393e-11	2.382232977426809e-11	2.3820393317035784e-11	2.3835815814822534e-11	2.3840259062066657e-11	2.3837697190424713e-11	2.3823015655006978e-11	2.3842358907412424e-11	2.3850028705401403e-11	2.382696880182279e-11	2.3840151053581398e-11	2.3828747981451206e-11	2.3797967646887777e-11	2.3832479169737943e-11	2.3813723450350055e-11	2.3794833169494385e-11	2.3808865386763492e-11	2.3758924608672113e-11	2.377313959969744e-11	2.3792937648683323e-11	2.3736901012093624e-11	2.3766365301156186e-11	2.3728154687759316e-11	2.3676650696153527e-11	2.373486754444074e-11	2.3689670795769506e-11	2.364424658731276e-11	2.367843977133611e-11	2.3596194087229102e-11	2.362040682527233e-11	2.36336453736705e-11	2.353009785581937e-11	2.3606022239751884e-11	2.3537589621860013e-11	2.3486759979365335e-11	2.3547785814709895e-11	2.3489114934042658e-11	2.343943046267894e-11	2.348108829961451e-11	2.339515004303548e-11	2.344246290620404e-11	2.3425849079237006e-11	2.3326179501116917e-11	2.340111237003407e-11	2.333228779621431e-11	2.328780941557349e-11	2.3352926382339224e-11	2.3282827260487033e-11	2.3262298565936232e-11	2.328352159783323e-11	2.3216389490415182e-11	2.327092215377172e-11	2.324155394368301e-11
Pi	X	3	2	1.8656636887600538e-07	1.8664425273162092e-07	1.8738217122063606e-07	1.8730481795849477e-07	1.874786919155184e-07	1.8803542224700891e-07	1.8807835314385077e-07	1.8877941281566902e-07	1.886802976677821e-07	1.8885646775192052e-07	1.8934251487997577e-07	1.893645513390791e-07	1.8997963987739275e-07	1.898968414885904e-07	1.9007779562340954e-07	1.9046428633608717e-07	1.9048747081579195e-07	1.9099884318298798e-07	1.9092059901260382e-07	1.910808997134622e-07	1.9138123945860072e-07	1.913813479768372e-07	1.9180729385403248e-07	1.9163616011418481e-07	1.9188417093248841e-07	1.920824925453901e-07	1.9205730951459276e-07	1.9233840912985797e-07	1.9226425424785137e-07	1.9241216605018107e-07	1.925627348030563e-07	1.9251777069249606e-07	1.927370462271524e-07	1.9265539359606635e-07	1.9276116374519626e-07	1.928176101523886e-07	1.9277142018503833e-07	1.9291881608949938e-07	1.9283408645529155e-07	1.928966405899297e-07	1.9286753019601085e-07	1.9281326173851552e-07	1.9289857871343014e-07	1.92822967698846e-07	1.9283567644717033e-07	1.9273528355567167e-07	1.9267407171094494e-07	1.9270193625263582e-07	1.9263133303404516e-07	1.926089243153043e-07	1.9244823455647124e-07	1.9238550786888129e-07	1.923643791550263e-07	1.922956686644503e-07	1.922481002100751e-07	1.9204263539900333e-07	1.9198365461350358e-07	1.9192402736247077e-07	1.9186459648485515e-07	1.91795252909891e-07	1.915831333346696e-07	1.915090809872209e-07	1.914239481529637e-07	1.9137485752083838e-07	1.912943052856054e-07	1.9105984111062388e-07	1.9100743633632015e-07	1.909060308711675e-07	1.9086960089069672e-07	1.9079104715490897e-07	1.905465906518987e-07	1.9052308558385254e-07	1.904141388626126e-07	1.9039387548770564e-07	1.9032012278367874e-07	1.900825363426066e-07	1.9009064563674986e-07	1.899790897031713e-07	1.899878043433403e-07	1.8991958291208742e-07	1.8970521093312647e-07	1.8974138813591357e-07	1.896345063835691e-07	1.8966815210332552e-07	1.8960843106373538e-07	1.8939807797223355e-07	1.8949523861110876e-07	1.8940401804398434e-07	1.894568493049385e-07	1.8940757373391046e-07	1.8924220830146232e-07	1.8935666097159047e-07	1.893169636847953e-07	1.8935807930920916e-07	1.8934711743862006e-07	1.8923219780340478e-07	1.8933053866131087e-07	1.8929416251624793e-07	1.8936182495515188e-07	1.8938057998795371e-07	1.8929956897540238e-07	1.8941272639763886e-07	1.8937351499381335e-07	1.8942710526728623e-07	1.8950857602401103e-07	1.894522108643276e-07	1.8956745266427835e-07	1.895550769096098e-07	1.8961053618767476e-07	1.8970348768541047e-07	1.8967081343833268e-07	1.897888916945045e-07	1.8977171597646375e-07	1.898245531159471e-07	1.8994873484626156e-07	1.8993285911708944e-07	1.9004825975098039e-07	1.9003025777756065e-07	1.9010362736856613e-07	1.9019994917966273e-07	1.9021513977315144e-07
Pi	X	8	6	1.392660002539026e-10	1.3925728790390077e-10	1.3931901505842056e-10	1.39435581685369e-10	1.3951886265922425e-10	1.3944934718934582e-10	1.3958107958699e-10	1.3966862973412426e-10	1.3963034054165302e-10	1.3968371428811666e-10	1.3979000738591507e-10	1.397762870668859e-10	1.3968931189422172e-10	1.3987423683510608e-10	1.3982172513771003e-10	1.3975629012759755e-10	1.398862005099186e-10	1.3982512807829828e-10	1.39937101740502e-10	1.397677649614153e-10	1.3979512452301193e-10	1.3990967605898863e-10	1.3967117867655504e-10	1.397130944434269e-10	1.3984013496594755e-10	1.3962384859102515e-10	1.3949810179865492e-10	1.3974572541316192e-10	1.3948125021716048e-10	1.393787911770815e-10	1.3957604157460112e-10	1.393082504690819e-10	1.3945939197873286e-10	1.3924063847394853e-10	1.3912795193081458e-10	1.392709915587031e-10	1.389358817621628e-10	1.389041281081687e-10	1.390550605311975e-10	1.3868588465680226e-10	1.3835120074502228e-10	1.3884856778256326e-10	1.3844151403348623e-10	1.3852983339878273e-10	1.3858132558297382e-10	1.3818909059590114e-10	1.3836324983626953e-10	1.3817807085923398e-10	1.3794204956694114e-10	1.3810996247097919e-10	1.3770113335854816e-10	1.3766759873561174e-10	1.378445639617533e-10	1.3740623059608383e-10	1.3715117020678802e-10	1.375758358693329e-10	1.371440135817413e-10	1.372941144997539e-10	1.3726817769877727e-10	1.3687034835032917e-10	1.3697859182177217e-10	1.368882348355598e-10	1.3659132943436477e-10	1.3667302063423302e-10	1.3629623938412868e-10	1.362817108280053e-10	1.363384293777199e-10	1.3596264874971302e-10	1.358564718793535e-10	1.3597570453185525e-10	1.3563430262317664e-10	1.3555410018663237e-10	1.3557250430704526e-10	1.3527117595233493e-10	1.3514133767725733e-10	1.351399531974887e-10	1.3487266273765139e-10	1.3467895793641995e-10	1.3441627099958366e-10	1.3444550107515147e-10	1.341698380276643e-10	1.3395845642573813e-10	1.3398289183938065e-10	1.33619876210792e-10	1.3344242640247985e-10	1.32994456557471e-10	1.3303735261514986e-10	1.328822041517256e-10	1.3240111548110508e-10	1.324392446104091e-10	1.3229621088240236e-10	1.317238539210228e-10	1.3163104337873755e-10	1.3170497052519606e-10	1.3101632242263378e-10	1.3101839011024037e-10	1.311469484765966e-10	1.3030675017724636e-10	1.303184257298917e-10	1.2955044238898723e-10	1.2959424771532896e-10	1.2959789550436958e-10	1.288573247430628e-10	1.2889540737622892e-10	1.2892586917811261e-10	1.2809810624177759e-10	1.2818169272207404e-10	1.282784930513412e-10	1.2735580364430455e-10	1.275659305152683e-10	1.276708219555249e-10	1.2669504914381457e-10	1.2688206677078064e-10	1.260542233958568e-10	1.260605814863934e-10	1.2623058975973064e-10	1.2545747580982837e-10	1.256440631213596e-10	1.2567942627458076e-10	1.2488024133198345e-10	1.2515272592040096e-10
Pi	X	4	3	1.7311964604364305e-09	1.742589311937349e-09	1.7511335889187072e-09	1.756022183004383e-09	1.7690404365161694e-09	1.7732489186404683e-09	1.780931972568011e-09	1.7920403281847929e-09	1.7979984423925466e-09	1.808769537091197e-09	1.8142672848938806e-09	1.818494996130397e-09	1.8333900354654368e-09	1.8356973884945999e-09	1.8471640447065136e-09	1.855375907034196e-09	1.8594842432438166e-09	1.8728111172695937e-09	1.8760480648783324e-09	1.8871580990690365e-09	1.895363823728702e-09	1.899204420402104e-09	1.9126893276367413e-09	1.915485459712877e-09	1.9222034844470475e-09	1.932897719529056e-09	1.9376041246875496e-09	1.9486596863932752e-09	1.952355106778757e-09	1.9563748180479157e-09	1.9701992853575522e-09	1.971117677469895e-09	1.982079484262928e-09	1.9887800526983168e-09	1.9924326281181524e-09	2.0049697975565783e-09	2.0068466041417737e-09	2.0170131465816186e-09	2.023005829552831e-09	2.026650222537594e-09	2.038438750856522e-09	2.0401044161347875e-09	2.046324221728436e-09	2.055254957962973e-09	2.0589633189886183e-09	2.0684004702702443e-09	2.071364526790618e-09	2.0739506685417266e-09	2.0854536049901213e-09	2.086443692847607e-09	2.095499719818653e-09	2.100572979813352e-09	2.103054660033483e-09	2.113382536207915e-09	2.113978986873041e-09	2.122493825520011e-09	2.1274691407057677e-09	2.129993343067424e-09	2.1389018710331477e-09	2.1397020397982316e-09	2.1443937257676325e-09	2.150897326073577e-09	2.1537193822926887e-09	2.1610077108471724e-09	2.1634765235201455e-09	2.1644562827792075e-09	2.172682369826378e-09	2.1730500278060564e-09	2.179344189265589e-09	2.1831083084137472e-09	2.1847567739022217e-09	2.1919415057184595e-09	2.1916415565475285e-09	2.1974077885428283e-09	2.20007922126375e-09	2.2018897340454024e-09	2.207744326656629e-09	2.208048654396264e-09	2.210991754372036e-09	2.214135340596837e-09	2.2163337945730697e-09	2.2201295060647225e-09	2.22139832054043e-09	2.2222501052615713e-09	2.2261833103541825e-09	2.2268917543807056e-09	2.229270304062711e-09	2.2312488830336e-09	2.231974518687516e-09	2.235591602100375e-09	2.2354545755463156e-09	2.2375243728690865e-09	2.238502279429659e-09	2.238841135467297e-09	2.241552186698138e-09	2.241058261977976e-09	2.242069853169875e-09	2.242672524967156e-09	2.2435179958323104e-09	2.244606484268617e-09	2.2439193689127543e-09	2.2445314427079558e-09	2.2439304711377716e-09	2.244740187822316e-09	2.244491344429082e-09	2.243883058876153e-09	2.243761922397163e-09	2.2434768468403202e-09	2.2428821029019674e-09	2.241911011179002e-09	2.2410258856195457e-09	2.240037140305575e-09	2.2393097310411057e-09	2.237685918883188e-09	2.236379335190827e-09	2.234641227759215e-09	2.2333154372241476e-09	2.2324165259402593e-09	2.23059549808441e-09	2.228233513033066e-09	2.225043280449338e-09
Pi	X	5	4	4.68362511610507e-10	4.702790495997686e-10	4.720980130379668e-10	4.730823809164409e-10	4.740534765707141e-10	4.759017019366449e-10	4.778875964422505e-10	4.787128719183021e-10	4.797311840462584e-10	4.816867263088167e-10	4.833631924883174e-10	4.841703609960621e-10	4.864874793937901e-10	4.869811617699517e-10	4.889879330396286e-10	4.896384719436277e-10	4.913689317542685e-10	4.922805322485444e-10	4.937542247898974e-10	4.959160578843307e-10	4.962583380438425e-10	4.96990753813139e-10	4.986878528795732e-10	5.001895234122858e-10	5.00446361917354e-10	5.015252893912023e-10	5.025503563882115e-10	5.041635518066172e-10	5.045873042325031e-10	5.050968808611852e-10	5.064517178803704e-10	5.070407058676074e-10	5.076626666723796e-10	5.083369385860278e-10	5.09014640668586e-10	5.09996364647761e-10	5.103174683589643e-10	5.10921704160943e-10	5.111568454241483e-10	5.114546422907445e-10	5.119989192705234e-10	5.122213558296982e-10	5.121120425787874e-10	5.126595940696266e-10	5.134905363361553e-10	5.124669485797995e-10	5.126961637825588e-10	5.120175137081452e-10	5.123176161815955e-10	5.120006395297206e-10	5.115338869009991e-10	5.11474398504671e-10	5.102809170018214e-10	5.10308203903409e-10	5.102109925379025e-10	5.088044363978572e-10	5.085598324428632e-10	5.079980803561101e-10	5.067883983079284e-10	5.065264724777561e-10	5.044603185711077e-10	5.043462311864114e-10	5.038691956689183e-10	5.018269011338002e-10	5.013331451813671e-10	5.005680588679577e-10	4.985881787246351e-10	4.981638934737358e-10	4.95379407359246e-10	4.952293803261884e-10	4.93623946872473e-10	4.918507876799429e-10	4.910945113963597e-10	4.879269394696468e-10	4.87649642046673e-10	4.873128977747622e-10	4.839515327561229e-10	4.832563019096943e-10	4.819656274645075e-10	4.798291769303968e-10	4.791172978761621e-10	4.755057432294549e-10	4.752207384589433e-10	4.741345681017674e-10	4.712591498628297e-10	4.705628206317979e-10	4.692113861992406e-10	4.664943478267174e-10	4.662452805172328e-10	4.625673781252348e-10	4.620539460957592e-10	4.6060889572142517e-10	4.582670012114251e-10	4.576328344655609e-10	4.5395116869068994e-10	4.5359007559436086e-10	4.534429961241924e-10	4.498264104736869e-10	4.492263714771722e-10	4.4806418854427043e-10	4.4576638660225017e-10	4.451839226678824e-10	4.41789508846288e-10	4.4129100132718564e-10	4.4120233839404013e-10	4.378981205593757e-10	4.37335546987171e-10	4.36326767090111e-10	4.3359148870928326e-10	4.335789783907009e-10	4.3049342734924473e-10	4.3035654808881474e-10	4.2901860226299726e-10	4.2710426274237335e-10	4.2642602961732137e-10	4.243988524478129e-10	4.2320132566036605e-10	4.2288276181898483e-10	4.205232255161676e-10	4.1934587377232964e-10	4.1902996649107153e-10
Pi	X	0	0	0.0006414691189875837	0.0006410327816346148	0.0006397196634345149	0.0006379978103478575	0.0006373116032220235	0.0006350658152361773	0.000634572662371252	0.0006314424881098229	0.000630984684291755	0.0006288480960861376	0.0006270220838366108	0.0006258126962138086	0.0006228836497913912	0.0006224097492121205	0.0006182673547678079	0.0006177034491684577	0.0006148663230888056	0.0006130340287192654	0.0006112850925833764	0.0006078712213500175	0.0006062795431813014	0.0006022690527852134	0.0006017624212437487	0.0005982776405057797	0.0005966822886081756	0.0005944682533567751	0.0005907816932085253	0.0005889923145204678	0.0005849232742962573	0.0005839970130962005	0.000580297950881678	0.0005787924739987472	0.000576249432696876	0.0005725214227076938	0.000570026428736728	0.0005665182161820496	0.0005653580691995792	0.0005617113278551635	0.0005603145449779864	0.0005576128252632907	0.0005540280687763368	0.000551401215847629	0.0005481534206787548	0.0005467847098106086	0.0005434170862466858	0.000541426793805216	0.0005393335387279647	0.000536145106477759	0.0005334668080484045	0.0005306246612180383	0.0005292170871365137	0.0005255516403228382	0.0005242738250999924	0.0005222114626933526	0.0005195895455574903	0.0005168839905382875	0.0005145393453813721	0.0005129731983668405	0.0005100946266360048	0.0005087414618074935	0.0005067752482759724	0.0005046241496071191	0.0005021100135935713	0.0005002991979002601	0.000498594259953748	0.0004966065991411904	0.0004951633158989097	0.0004933463643206938	0.0004916404152227304	0.0004894015664027074	0.0004880940476162217	0.0004860320246756055	0.000485272067355017	0.00048365365680186947	0.00048208300649770104	0.0004806865712738879	0.0004787789138347195	0.0004778913669969522	0.00047577302682518837	0.00047571177691828066	0.00047410032358690426	0.00047284729931510556	0.0004715870515195258	0.000470048858995163	0.00046943358199019925	0.0004673558593804144	0.0004678612246898203	0.00046616487405775914	0.00046528850438022016	0.00046393737241513246	0.00046278576673378736	0.00046229634180382576	0.00046031150608700296	0.0004610629443559777	0.0004593104299798739	0.0004587235842152636	0.00045715236680854963	0.00045637663861707826	0.00045576569547083084	0.00045400460969565126	0.0004546303580777979	0.00045243689688694884	0.00045258658398823905	0.00045056163532318017	0.0004501147782496085	0.0004491854184724174	0.0004477345381901388	0.0004478793600511693	0.00044594297729731215	0.0004458941853535722	0.0004435313147617276	0.0004433477665661411	0.0004419722342960709	0.0004408879509292842	0.000440253752551137	0.0004386765865512263	0.000438257911957932	0.00043561000417723295	0.00043560098459392876	0.0004337166460220128	0.0004330222401443918
Pi	X	1	1	5.406486042986011e-05	5.4058737943442176e-05	5.4054454548968934e-05	5.408197791978504e-05	5.4104441353404625e-05	5.413502762684769e-05	5.4150135199556616e-05	5.4175646869966374e-05	5.420495354166696e-05	5.420137361570251e-05	5.424361487468175e-05	5.426005298803298e-05	5.4326156876544966e-05	5.433246562092602e-05	5.433224792228824e-05	5.438607368003465e-05	5.440586296220883e-05	5.444716221459047e-05	5.446829521237553e-05	5.45139534231233e-05	5.455303719907082e-05	5.455477612385529e-05	5.460582283573002e-05	5.461831238322996e-05	5.4684317834346305e-05	5.471059640108572e-05	5.473342813126599e-05	5.4771312157783286e-05	5.479666150358905e-05	5.4843115878926236e-05	5.48564006477347e-05	5.491292282629153e-05	5.494935173796576e-05	5.4962636722447546e-05	5.5007739329673096e-05	5.503815622032225e-05	5.5081110056239516e-05	5.51036487919762e-05	5.515017295404722e-05	5.5161794844553385e-05	5.519183767155865e-05	5.523189307733627e-05	5.524351316907863e-05	5.531465332359824e-05	5.533063286086513e-05	5.535596405928885e-05	5.5388704568782886e-05	5.5414927475856175e-05	5.545724243866373e-05	5.547924063838959e-05	5.5522891799472114e-05	5.554236567931626e-05	5.5562569832714185e-05	5.561252177173762e-05	5.562140796083159e-05	5.569045437849648e-05	5.571230759630414e-05	5.5735886950325537e-05	5.579131482350112e-05	5.580036590970576e-05	5.5855346842167854e-05	5.587681348519271e-05	5.593502893961969e-05	5.597699984083324e-05	5.598139101028822e-05	5.606051020240387e-05	5.606587106474624e-05	5.6138272363071634e-05	5.6181294912512484e-05	5.622816001665198e-05	5.63062758518885e-05	5.629845575150442e-05	5.639815294605489e-05	5.6402934345141573e-05	5.647188724683039e-05	5.6535435409395035e-05	5.654887436355895e-05	5.669010725838562e-05	5.667206349923015e-05	5.676185825381818e-05	5.6800033010624424e-05	5.687056961159138e-05	5.696967995422865e-05	5.69455369677913e-05	5.707065681416472e-05	5.7069980143602475e-05	5.71563137079788e-05	5.721258418237103e-05	5.7243957964656725e-05	5.739169656268233e-05	5.735904499874573e-05	5.74553854500701e-05	5.748074699250132e-05	5.753322103450512e-05	5.7653532183362007e-05	5.7616751040153264e-05	5.773353409152638e-05	5.77145644594063e-05	5.778307220442398e-05	5.7825235845859345e-05	5.7861023547629816e-05	5.79794549093482e-05	5.7929934983734574e-05	5.800497527444072e-05	5.799572678649943e-05	5.80387413569787e-05	5.8063689714159486e-05	5.808000998112501e-05	5.8150740198666145e-05	5.810867704585594e-05	5.814380305013504e-05	5.814899953009031e-05	5.8224083709884575e-05	5.8231847783942026e-05	5.818485751607091e-05	5.8215859524853565e-05	5.816733052540614e-05	5.819306680113335e-05	5.816009225243128e-05	5.8189948352109626e-05	5.81985162542549e-05
Pi	X	6	5	2.0127535553281546e-10	2.0056812450391371e-10	2.0022467951139537e-10	1.9952461645622467e-10	1.990859324690923e-10	1.9893612861856202e-10	1.9806294567797695e-10	1.975721922777832e-10	1.9711312884320654e-10	1.9651695854150683e-10	1.9634948572003015e-10	1.9606897734362416e-10	1.955813024443464e-10	1.9562500751963912e-10	1.9481606313408214e-10	1.9460253437663703e-10	1.9441236140874612e-10	1.942959271563466e-10	1.9399000903499875e-10	1.9389682969352448e-10	1.9358909660555416e-10	1.9368307055481824e-10	1.9327009776722332e-10	1.932062877313492e-10	1.9330674398298175e-10	1.9280337752939383e-10	1.9324557883230197e-10	1.9315638479906465e-10	1.9308713146841202e-10	1.9333647768380928e-10	1.930078133303181e-10	1.932781855273621e-10	1.9318367750988426e-10	1.932249623072602e-10	1.9364169955601335e-10	1.9383015636313707e-10	1.937079387625173e-10	1.9397930001434612e-10	1.9420446703707171e-10	1.9449206218906036e-10	1.947713942442225e-10	1.9466879274118742e-10	1.9532340066255593e-10	1.9567329556111795e-10	1.9571278285961698e-10	1.9610179975361888e-10	1.964323957558125e-10	1.9694548651359158e-10	1.9730540577479924e-10	1.9728588609459249e-10	1.9800634618437778e-10	1.986352251005292e-10	1.9873896786377196e-10	1.992132709598268e-10	1.9982829713304985e-10	2.002835954691789e-10	2.0072427200372944e-10	2.0080824345387075e-10	2.0150415977968747e-10	2.0246603415718424e-10	2.0261424227809354e-10	2.0322044236550543e-10	2.03905258896892e-10	2.0453307855743768e-10	2.0494536477328342e-10	2.0530615095919417e-10	2.0610744081532437e-10	2.0715249970566474e-10	2.069199687425455e-10	2.0782333983788821e-10	2.0887264411805576e-10	2.0956599347650216e-10	2.1015114077825663e-10	2.1056672135275719e-10	2.1145303510981255e-10	2.1221467583305988e-10	2.1248419142609414e-10	2.1341778586271322e-10	2.1466785756391753e-10	2.1506113333681857e-10	2.161066301323424e-10	2.1670321193710626e-10	2.1765510318404934e-10	2.18471620933724e-10	2.1895854367200314e-10	2.1989524559396254e-10	2.2139691334266844e-10	2.218942614348404e-10	2.227493134778766e-10	2.2382769314707734e-10	2.2476418194803008e-10	2.2563104967664977e-10	2.2635122943414994e-10	2.273275570701049e-10	2.2908766475623706e-10	2.296740258227528e-10	2.3067636021611734e-10	2.3179232109036322e-10	2.328381377140267e-10	2.338136169242311e-10	2.346425238687756e-10	2.3569662124336254e-10	2.375814598603923e-10	2.3843128395956717e-10	2.39367553581081e-10	2.406503739695955e-10	2.4170633612001014e-10	2.4274248619211175e-10	2.437891798295608e-10	2.4478965741877496e-10	2.4689768664405845e-10	2.4701179697519836e-10	2.48741175648597e-10	2.5001808002253324e-10	2.5111729901051665e-10	2.5227183143164603e-10	2.5317506256551097e-10	2.544311009305016e-10	2.5630841279774927e-10	2.565087481888001e-10	2.576352276061742e-10
Pi	X	2	2	2.2315968659803143e-06	2.2344213334764403e-06	2.238854068138325e-06	2.2418639227539443e-06	2.243457362790544e-06	2.246771761662934e-06	2.2483897765989083e-06	2.2528742232341485e-06	2.253988875270528e-06	2.2566949205677528e-06	2.2584903922976465e-06	2.2587325377591345e-06	2.2626980157644697e-06	2.2622430646920412e-06	2.2647064664797256e-06	2.2662128294723346e-06	2.2656554447934487e-06	2.2682461305017124e-06	2.2665113354864387e-06	2.2685035180107863e-06	2.2688432592188455e-06	2.268348855574522e-06	2.268777248052941e-06	2.2670593523250965e-06	2.268952000155387e-06	2.2671146867839633e-06	2.2668937362518356e-06	2.2662940807726405e-06	2.264011363787151e-06	2.2656002273607454e-06	2.2613568632270438e-06	2.2616953845059447e-06	2.2608024041070026e-06	2.2580210390731976e-06	2.2587290622517118e-06	2.254145298852607e-06	2.2543067121029437e-06	2.2526283914617422e-06	2.2501303568679414e-06	2.2496227846486782e-06	2.24500412196666e-06	2.244724826542637e-06	2.241126328797935e-06	2.2404813643824677e-06	2.2374824588490183e-06	2.2347410493169048e-06	2.2340367432183656e-06	2.23020972625392e-06	2.229731630008868e-06	2.2259298836094947e-06	2.2241452339646876e-06	2.2228650081979178e-06	2.2181965232172906e-06	2.2186978903158444e-06	2.2148502847661034e-06	2.213706019667375e-06	2.211382711578344e-06	2.208780008788141e-06	2.2072580930426904e-06	2.2045679757294872e-06	2.203927514682269e-06	2.2014092158529337e-06	2.1996818222797794e-06	2.198146186097805e-06	2.1948706090918475e-06	2.1953320830620286e-06	2.1928867954686704e-06	2.191870415215967e-06	2.1902806491446855e-06	2.1873931956819517e-06	2.187981688806411e-06	2.1845524770077877e-06	2.1854526236342268e-06	2.1839580127432717e-06	2.181618809175112e-06	2.1821049140452545e-06	2.1789284526422584e-06	2.1805783847850397e-06	2.1777763293815567e-06	2.178183626541665e-06	2.1771939954157666e-06	2.174416710173209e-06	2.176627748845118e-06	2.1737061525236187e-06	2.1747616701729226e-06	2.1731323741280315e-06	2.1708114336732136e-06	2.173273936708443e-06	2.170281008555556e-06	2.171671752047002e-06	2.1698243828183385e-06	2.1686269051965463e-06	2.1702690628937633e-06	2.166052455747259e-06	2.1684335781675888e-06	2.1664771311480966e-06	2.165622344150271e-06	2.164991637070658e-06	2.163022906458591e-06	2.164701884357449e-06	2.1612553175215487e-06	2.161618766897927e-06	2.160741804547344e-06	2.1590673870413417e-06	2.160024762765041e-06	2.156864509948479e-06	2.157275450499733e-06	2.15628212306346e-06	2.153868838667427e-06	2.154196358331074e-06	2.151126210738587e-06	2.150853265422628e-06	2.148998797545213e-06	2.1474261260558153e-06	2.147292379743138e-06	2.1439062340445445e-06	2.143184489840195e-06	2.1415186338326566e-06	2.1399376897291538e-06	2.137872524589865e-06	2.1352913940443456e-06
Pi	X	7	6	8.538727735233724e-12	8.555848828493046e-12	8.579395780253008e-12	8.62370199506462e-12	8.62805266029998e-12	8.661381470725104e-12	8.685937965776765e-12	8.694004436679545e-12	8.722355663877948e-12	8.74637820438632e-12	8.763797154120452e-12	8.796838381977013e-12	8.798467628243168e-12	8.822086870166243e-12	8.860683982144986e-12	8.854062992994157e-12	8.886012048866728e-12	8.907473747842036e-12	8.898955498944522e-12	8.927970126584155e-12	8.947606974846037e-12	8.956039605357481e-12	8.98602051045856e-12	8.974658990193336e-12	8.995030000050301e-12	9.030957357342309e-12	9.012816165189293e-12	9.045199952096788e-12	9.065952412404302e-12	9.046779894554128e-12	9.076680984450052e-12	9.09518624657953e-12	9.090589849311824e-12	9.116562812476885e-12	9.098182353416919e-12	9.120872477655497e-12	9.152887904966491e-12	9.129572730876514e-12	9.155625684993757e-12	9.177501306561115e-12	9.16332055611829e-12	9.18145362094189e-12	9.199018718390744e-12	9.190907244755348e-12	9.212167333401704e-12	9.190852112334853e-12	9.213341684093703e-12	9.236966608586146e-12	9.216754549430575e-12	9.241357739667284e-12	9.258090509613107e-12	9.244582016871784e-12	9.25901339453305e-12	9.271824259136319e-12	9.264067228116203e-12	9.279466945543686e-12	9.268302243651841e-12	9.284994868440643e-12	9.296448164508135e-12	9.283548057006088e-12	9.300110016333552e-12	9.307498187828701e-12	9.303510296514516e-12	9.314693515917656e-12	9.318780637341098e-12	9.316759791926465e-12	9.323571354333173e-12	9.317156302558495e-12	9.327501107600868e-12	9.3257504156299e-12	9.324992333269477e-12	9.331029642444576e-12	9.332769193141234e-12	9.33176615711424e-12	9.326018757321128e-12	9.333591061239386e-12	9.336593456916277e-12	9.327566125955592e-12	9.332726568979162e-12	9.328262640033288e-12	9.316212931640476e-12	9.329723208911233e-12	9.322380758779405e-12	9.314985797213673e-12	9.320478935085951e-12	9.300928498522582e-12	9.30649341747108e-12	9.314243548214237e-12	9.29230686305916e-12	9.30384121786161e-12	9.288882821397027e-12	9.268720524069229e-12	9.291510642409686e-12	9.273817478542572e-12	9.256035164526086e-12	9.269420764063464e-12	9.237223869893935e-12	9.246702513975346e-12	9.251884906413195e-12	9.211349081696454e-12	9.241071319029996e-12	9.214281713400813e-12	9.194383561065978e-12	9.218273190872618e-12	9.195305277272234e-12	9.175855270877731e-12	9.192163002996112e-12	9.158520757704137e-12	9.177042201637925e-12	9.170538427960824e-12	9.131520578524721e-12	9.160854632143981e-12	9.133911769244649e-12	9.116499814539273e-12	9.141991161076316e-12	9.114549280528699e-12	9.106512989665989e-12	9.114820962658103e-12	9.08854080657249e-12	9.10988868638981e-12	9.098391881902156e-12
Pi	X	3	3	9.585706347440923e-08	9.589707979105266e-08	9.627621890506581e-08	9.623647485859066e-08	9.632581107729467e-08	9.661185571637446e-08	9.663391335722329e-08	9.6994113878457e-08	9.694318959383731e-08	9.703370466147538e-08	9.728343337540329e-08	9.729475578101367e-08	9.761078549681524e-08	9.75682439522485e-08	9.766121643767981e-08	9.785979406309966e-08	9.787170581589357e-08	9.813444747232572e-08	9.809424582781955e-08	9.817660760903471e-08	9.833092025340507e-08	9.833097560973968e-08	9.854982493810563e-08	9.846189627480501e-08	9.85893246982476e-08	9.869122058953317e-08	9.867828174999055e-08	9.882270895251209e-08	9.878460812742827e-08	9.886060452735355e-08	9.893796525187918e-08	9.891486407725289e-08	9.902752597549186e-08	9.898557302690262e-08	9.903991654915152e-08	9.906891802887414e-08	9.904518507910318e-08	9.912091607849764e-08	9.907738316638744e-08	9.910952188567343e-08	9.909456498846526e-08	9.906668066112736e-08	9.911051579066858e-08	9.90716658649329e-08	9.907819546874834e-08	9.902661345501637e-08	9.899516232660256e-08	9.90094788622801e-08	9.897320129242513e-08	9.89616872518328e-08	9.887912379147521e-08	9.884689511219177e-08	9.8836038349551e-08	9.880073417556882e-08	9.87762933051107e-08	9.86707243699428e-08	9.864041933774871e-08	9.860978113729065e-08	9.857924588405352e-08	9.854361601760164e-08	9.843462900421465e-08	9.839658019929465e-08	9.835283734488676e-08	9.832761358420315e-08	9.828622402824805e-08	9.816575776885911e-08	9.813883032937559e-08	9.808672783834031e-08	9.806800871928784e-08	9.80276463193712e-08	9.790204452229753e-08	9.788996559318226e-08	9.783398955204327e-08	9.782357579065407e-08	9.778568115856594e-08	9.766360860732476e-08	9.76677734466059e-08	9.76104553015993e-08	9.761493083270363e-08	9.757987921685588e-08	9.746973327467534e-08	9.748832023629981e-08	9.74334028970959e-08	9.745068862410339e-08	9.742000290037686e-08	9.731192274123315e-08	9.736184364875384e-08	9.731497219982678e-08	9.734211619702267e-08	9.73167964332126e-08	9.723183171874258e-08	9.729063553624849e-08	9.72702376759678e-08	9.729136303707363e-08	9.728572844118112e-08	9.722668283148923e-08	9.727720764890417e-08	9.72585172840022e-08	9.72932807316046e-08	9.730291584783278e-08	9.726129297785783e-08	9.731942973477118e-08	9.729928380169981e-08	9.732681577533477e-08	9.736867515098537e-08	9.733971374460803e-08	9.739892367814337e-08	9.739256517236545e-08	9.742105751215228e-08	9.746881620781534e-08	9.74520257780924e-08	9.751269439139848e-08	9.750386872718472e-08	9.753101568996132e-08	9.759481949454654e-08	9.758666082266338e-08	9.764595373485708e-08	9.763670213140434e-08	9.767439976390431e-08	9.7723888836985e-08	9.773169337617923e-08
Pi	X	8	7	1.8817990951907186e-11	1.881681354417988e-11	1.8825154123173848e-11	1.884090473593137e-11	1.885215771809727e-11	1.884276439629654e-11	1.8860564332183264e-11	1.88723938792667e-11	1.8867220091312907e-11	1.8874431920275326e-11	1.888879425899073e-11	1.8886940177816745e-11	1.8875187661091936e-11	1.8900174928674e-11	1.8893079045203222e-11	1.8884237143191136e-11	1.8901790700572254e-11	1.8893538388773698e-11	1.8908668161507657e-11	1.8885786722066587e-11	1.8889483466209935e-11	1.8904961522677795e-11	1.8872734947044722e-11	1.8878398479208957e-11	1.8895564378506192e-11	1.8866338859542013e-11	1.884934742607678e-11	1.8882806614290817e-11	1.884706980355596e-11	1.8833224957435368e-11	1.8859877589500616e-11	1.8823693002581594e-11	1.8844115108094237e-11	1.8814556355021412e-11	1.8799329642984143e-11	1.8818657153003375e-11	1.877337592311984e-11	1.87690851344571e-11	1.878947938795963e-11	1.8739594954598825e-11	1.8694371392010662e-11	1.8761576557465375e-11	1.8706574174745962e-11	1.8718507736888044e-11	1.8725465288078026e-11	1.867246532650806e-11	1.8695997826496434e-11	1.8670975754125833e-11	1.8639083694669575e-11	1.8661772217465068e-11	1.8606529809268582e-11	1.8601998488067076e-11	1.8625910194821564e-11	1.8566681254293997e-11	1.853221661965356e-11	1.8589598221513363e-11	1.8531249089417342e-11	1.855153073445625e-11	1.8548026071501393e-11	1.849427010221607e-11	1.8508896074003618e-11	1.8496686554694046e-11	1.8456567695693856e-11	1.8467605863798133e-11	1.841669388809867e-11	1.841473078849461e-11	1.842239448820164e-11	1.8371617946618653e-11	1.8357270795704658e-11	1.837338166103487e-11	1.8327250418616552e-11	1.8316413102794098e-11	1.8318899938358975e-11	1.827818335533698e-11	1.826063933276335e-11	1.8260451974120752e-11	1.8224334842004743e-11	1.8198160980511687e-11	1.8162665844857833e-11	1.8166615535385415e-11	1.8129367061207403e-11	1.8100804636959286e-11	1.810410616383528e-11	1.8055054599239412e-11	1.8031077035842388e-11	1.79705462546942e-11	1.7976342534781294e-11	1.795537815364899e-11	1.7890372481507503e-11	1.7895524323343756e-11	1.7876197181911036e-11	1.7798858989596042e-11	1.77863181047251e-11	1.7796307405061832e-11	1.7703255469006712e-11	1.77035349121322e-11	1.7720905841913565e-11	1.7607376304511345e-11	1.760895386241798e-11	1.7505182217168603e-11	1.751110137689495e-11	1.751159391864938e-11	1.7411526605739784e-11	1.7416672149283435e-11	1.7420788281696893e-11	1.7308939037834273e-11	1.732023347355488e-11	1.7333313469007003e-11	1.7208637279095524e-11	1.7237030363626485e-11	1.725120331967708e-11	1.7119354742324677e-11	1.7144625025989142e-11	1.7032764992946503e-11	1.703362414456837e-11	1.7056595922796658e-11	1.6952131181160854e-11	1.6977343100134184e-11	1.698212161297975e-11	1.6874133900839444e-11	1.6910952774533575e-11
Pi	X	4	4	2.1664817765904946e-10	2.1807391676977512e-10	2.191431742499795e-10	2.1975494782017704e-10	2.213840972017503e-10	2.2191075929843347e-10	2.228722417544705e-10	2.2426237490830076e-10	2.2500799389520976e-10	2.2635592529074465e-10	2.2704392959672384e-10	2.2757299927297423e-10	2.2943701358349402e-10	2.2972576316027173e-10	2.3116073604225377e-10	2.3218839598073197e-10	2.3270252529810562e-10	2.343702969857344e-10	2.347753781741361e-10	2.3616572456424095e-10	2.371926138047228e-10	2.376732370170759e-10	2.3936078430017663e-10	2.397106993097996e-10	2.4055141771109e-10	2.418897268928134e-10	2.424787015729988e-10	2.438622313711178e-10	2.443246856737115e-10	2.4482772373028807e-10	2.465577626042173e-10	2.4667269572171084e-10	2.480444900203707e-10	2.488830203401129e-10	2.493401122067932e-10	2.5090905629846164e-10	2.5114392300646157e-10	2.524161970006298e-10	2.5316614224445397e-10	2.5362220878181377e-10	2.5509746617275517e-10	2.553059083238657e-10	2.5608427457443034e-10	2.5720189302218393e-10	2.5766596799048556e-10	2.588469653213905e-10	2.5921789304440115e-10	2.595415298674017e-10	2.609810421949815e-10	2.6110494295527587e-10	2.6223824032231034e-10	2.6287312443014344e-10	2.631836865985522e-10	2.6447615097801014e-10	2.645507901297493e-10	2.656163609750481e-10	2.662389854314973e-10	2.6655486639125956e-10	2.6766971166866046e-10	2.677698422928128e-10	2.683569736935262e-10	2.691708530031644e-10	2.695240086086408e-10	2.7043609331867576e-10	2.707450417355045e-10	2.7086765229523666e-10	2.7189708793954823e-10	2.719430952835712e-10	2.7273076419396294e-10	2.7320181366629515e-10	2.734081042111374e-10	2.7430722176165656e-10	2.7426968501409497e-10	2.7499128442891976e-10	2.7532559407628435e-10	2.7555216216775465e-10	2.762848228062741e-10	2.7632290330094176e-10	2.766912079780051e-10	2.770846076706048e-10	2.773597216647833e-10	2.7783472929553043e-10	2.7799350677185054e-10	2.781000981591784e-10	2.7859230987091854e-10	2.786809618432186e-10	2.7897862258064573e-10	2.792262208870348e-10	2.7931702775810953e-10	2.7976967664068804e-10	2.7975252602980225e-10	2.8001154393745073e-10	2.8013391813324964e-10	2.8017632377053723e-10	2.80515587891307e-10	2.8045377491228945e-10	2.8058036275062155e-10	2.806557820675128e-10	2.807615830874869e-10	2.808977974648785e-10	2.808118097331867e-10	2.8088839769543175e-10	2.808131925815264e-10	2.809145157094185e-10	2.8088337494266274e-10	2.808072483759573e-10	2.807920860726129e-10	2.8075641166533683e-10	2.8068197586726777e-10	2.8056045218455225e-10	2.8044967717153176e-10	2.803259428353335e-10	2.802349106229369e-10	2.800316988453555e-10	2.798681881392263e-10	2.7965067057779967e-10	2.7948475751841345e-10	2.7937225832628815e-10	2.791443708629574e-10	2.78848781156938e-10	2.784495441749217e-10
Pi	X	5	5	8.115944710708811e-13	8.149154929754361e-13	8.180674450875352e-13	8.197731752388214e-13	8.214559169908207e-13	8.246585738528296e-13	8.280997787150034e-13	8.29529833344271e-13	8.312943985481202e-13	8.34683005671381e-13	8.375880403446667e-13	8.389867188174868e-13	8.430018896532497e-13	8.438573535595334e-13	8.473347272675393e-13	8.484620070353045e-13	8.514605957512871e-13	8.530402396314811e-13	8.555939031405324e-13	8.593399857773079e-13	8.599330927047485e-13	8.61202245060347e-13	8.641430165935965e-13	8.667451649625076e-13	8.671902188455514e-13	8.690598044971216e-13	8.708360816959409e-13	8.736314589216407e-13	8.743657510369158e-13	8.75248761658783e-13	8.775964473689139e-13	8.786170819844722e-13	8.796948191425485e-13	8.808632111968489e-13	8.820375562144997e-13	8.837387033558917e-13	8.842951186797696e-13	8.853421574603837e-13	8.857496133921606e-13	8.862656425117908e-13	8.872087766560577e-13	8.875942073356607e-13	8.8740478786122e-13	8.883535808652806e-13	8.897934743142625e-13	8.880197574417341e-13	8.884169337985257e-13	8.872409548642084e-13	8.877609581431085e-13	8.872116862186493e-13	8.864028740086358e-13	8.862997806703831e-13	8.842316779430532e-13	8.842789514659684e-13	8.841104879356989e-13	8.816731544394523e-13	8.812492802345367e-13	8.802758429898298e-13	8.78179675526285e-13	8.777257798599381e-13	8.741454813317915e-13	8.739477776076294e-13	8.73121135743225e-13	8.695821756528505e-13	8.687265548976377e-13	8.674007955931203e-13	8.639699821370927e-13	8.632347525168459e-13	8.584096981801164e-13	8.581497119391002e-13	8.553677500552011e-13	8.522951513319077e-13	8.509846495475031e-13	8.45495763206747e-13	8.450152487026713e-13	8.44431708170054e-13	8.3860701792993e-13	8.374022877885152e-13	8.351657488897061e-13	8.3146364567742e-13	8.302300564492999e-13	8.239718367309983e-13	8.234779590068202e-13	8.215957960258207e-13	8.166131712458402e-13	8.15406536638084e-13	8.130647289261214e-13	8.083565444610182e-13	8.079249477082644e-13	8.015517475265476e-13	8.006620535495913e-13	7.981580120322543e-13	7.940998954709005e-13	7.930009973158234e-13	7.866212735823902e-13	7.859955626867496e-13	7.857406827560905e-13	7.794737483278623e-13	7.784339778808601e-13	7.764201023851632e-13	7.724384048452652e-13	7.714290783920518e-13	7.65547140384273e-13	7.64683298825278e-13	7.645296637901391e-13	7.588040070079387e-13	7.5782916548571e-13	7.560811219613763e-13	7.51341337820083e-13	7.513196702215229e-13	7.459729182818597e-13	7.457357406264052e-13	7.434173060668253e-13	7.401000806984199e-13	7.389248283308979e-13	7.35412061524347e-13	7.333369667904641e-13	7.327849396505416e-13	7.286962740059583e-13	7.266561273353519e-13	7.26108720137258e-13
Pi	X	0	1	7.327341349604058e-05	7.322357191461753e-05	7.307357743711106e-05	7.287689461491418e-05	7.279851101912112e-05	7.254198029883986e-05	7.248564847199539e-05	7.21280961715951e-05	7.20758026561695e-05	7.183174506050572e-05	7.162316472767053e-05	7.14850190878489e-05	7.115044160665457e-05	7.109630855094713e-05	7.062313273990855e-05	7.055871938455908e-05	7.02346409510818e-05	7.002534320207061e-05	6.982556580249033e-05	6.943560794260853e-05	6.925379385165815e-05	6.879568515590754e-05	6.873781338066025e-05	6.833975436487917e-05	6.815752245670376e-05	6.790461747829584e-05	6.748351090592419e-05	6.727911362567781e-05	6.681431686356406e-05	6.670851141517608e-05	6.628597553259308e-05	6.611400957656503e-05	6.582352277698022e-05	6.539768129380213e-05	6.511268276687507e-05	6.47119479760763e-05	6.457942604807465e-05	6.416286673140794e-05	6.400331636343616e-05	6.369470383475929e-05	6.32852256794938e-05	6.298516501307678e-05	6.261417682060423e-05	6.245783093979615e-05	6.207315474804039e-05	6.184580785405728e-05	6.160669973108982e-05	6.124249248900926e-05	6.0936555243004624e-05	6.061190308934722e-05	6.0451117621247046e-05	6.0032422525744295e-05	5.988645953669857e-05	5.9650880263771684e-05	5.935138444931339e-05	5.90423338181157e-05	5.877450996231483e-05	5.859561108368109e-05	5.826679893706738e-05	5.81122287870796e-05	5.7887632463789345e-05	5.7641916941092444e-05	5.7354731805790655e-05	5.714788594718912e-05	5.695313342879764e-05	5.672608797008629e-05	5.6561223749087146e-05	5.635367740440925e-05	5.615881014340561e-05	5.5903070680454426e-05	5.575371521582651e-05	5.55181742531387e-05	5.543136611804479e-05	5.52464976212235e-05	5.506708575182841e-05	5.490757355596463e-05	5.468966558372949e-05	5.458828259614962e-05	5.4346308933405324e-05	5.433931242000039e-05	5.415523884823059e-05	5.401210874672427e-05	5.386815308050738e-05	5.369244848955877e-05	5.362216635086364e-05	5.3384832632051044e-05	5.3442559338469877e-05	5.3248788342956076e-05	5.314868269687028e-05	5.299434574488561e-05	5.286280038401966e-05	5.280689417542516e-05	5.258017105558683e-05	5.266600623367492e-05	5.2465820133141466e-05	5.2398786177386716e-05	5.221930961255403e-05	5.213070016203336e-05	5.2060913504810146e-05	5.1859749112905834e-05	5.19312273214266e-05	5.168067275626205e-05	5.169777206709616e-05	5.1466466810013216e-05	5.141542384565295e-05	5.130926557378007e-05	5.1143535470302675e-05	5.116007890890165e-05	5.093889022617862e-05	5.0933317811394e-05	5.0663412817440096e-05	5.0642447275507146e-05	5.048532431861342e-05	5.0361469922328936e-05	5.028902797775583e-05	5.0108872197937594e-05	5.0061049030664044e-05	4.975858525539569e-05	4.9757555887601756e-05	4.954231366198525e-05	4.946299418075914e-05
Pi	X	6	6	2.056521443730329e-11	2.0492953543237888e-11	2.0457862172389015e-11	2.0386333785682337e-11	2.0341511538850322e-11	2.0326205536192434e-11	2.0236988595869773e-11	2.0186845772009383e-11	2.0139941646703906e-11	2.0079028143060536e-11	2.006191675504958e-11	2.003325619294493e-11	1.9983428152109467e-11	1.9987893982717637e-11	1.9905240249051217e-11	1.9883423070844768e-11	1.986399246619543e-11	1.9852095925096737e-11	1.9820838899820022e-11	1.9811318470286638e-11	1.9779875866078184e-11	1.9789477667991593e-11	1.974728244308851e-11	1.9740762392045927e-11	1.9751027013006033e-11	1.9699595551276134e-11	1.9744777218284882e-11	1.973566389673788e-11	1.9728587818440804e-11	1.9754064791363805e-11	1.9720483465363966e-11	1.974810873464438e-11	1.9738452463390543e-11	1.9742670624354832e-11	1.9785250238919415e-11	1.980450574718332e-11	1.9792018045135807e-11	1.9819744047388686e-11	1.9842750693059768e-11	1.9872135093394006e-11	1.9900675877296273e-11	1.9890192243287476e-11	1.995707627927229e-11	1.9992826401219552e-11	1.9996860890740252e-11	2.0036608301156527e-11	2.0070386667288188e-11	2.012281122280276e-11	2.0159585544236712e-11	2.015759086282995e-11	2.023120305132849e-11	2.0295458354748647e-11	2.030605801158198e-11	2.0354519393849073e-11	2.0417359163560122e-11	2.046387847489459e-11	2.050890422610603e-11	2.0517483410702898e-11	2.0588588159027902e-11	2.068686675387764e-11	2.0702009681081847e-11	2.0763947470476284e-11	2.08339176448275e-11	2.0898064424663247e-11	2.0940188998428234e-11	2.097705211789226e-11	2.1058922875747567e-11	2.116570082819006e-11	2.1141941779185513e-11	2.123424272912556e-11	2.1341454289081584e-11	2.141229630298192e-11	2.1472083351304303e-11	2.1514544371819932e-11	2.160510268896451e-11	2.1682922271497227e-11	2.1710459479148394e-11	2.1805848591235732e-11	2.1933573176149158e-11	2.197375599940425e-11	2.2080578064613838e-11	2.2141533225296692e-11	2.2238791596616944e-11	2.2322218350980134e-11	2.237196895306912e-11	2.2467675413135218e-11	2.262110713367206e-11	2.2671922754251105e-11	2.275928685245912e-11	2.2869468913875578e-11	2.2965153806449673e-11	2.3053724941963837e-11	2.312730838068171e-11	2.3227064054199712e-11	2.3406900998422115e-11	2.3466812017496123e-11	2.356922412724218e-11	2.3683246444566966e-11	2.379010172176834e-11	2.38897701991094e-11	2.397446315455731e-11	2.408216409134967e-11	2.42747461541921e-11	2.4361575766938863e-11	2.4457238348563865e-11	2.4588309216925336e-11	2.469620124662868e-11	2.4802069035672755e-11	2.4909013538765396e-11	2.5011236888357077e-11	2.5226622459478847e-11	2.5238281805026226e-11	2.5414979551573688e-11	2.5545446165128754e-11	2.5657758111457347e-11	2.5775721094381384e-11	2.5868008211866737e-11	2.5996342542266647e-11	2.6188155665957554e-11	2.6208624609062568e-11	2.6323721969829885e-11
Pi	X	1	2	1.6796775370376516e-05	1.6794873264074946e-05	1.6793542389580874e-05	1.680209318084363e-05	1.6809072154504754e-05	1.6818574473567082e-05	1.6823268046765175e-05	1.683119370551518e-05	1.6840298715661342e-05	1.6839186362894615e-05	1.6852309779919118e-05	1.6857416729422337e-05	1.687795363224567e-05	1.687991354642945e-05	1.6879845618928923e-05	1.6896568171865214e-05	1.6902716126446017e-05	1.6915546977069286e-05	1.6922112429969545e-05	1.6936297330819083e-05	1.69484396819436e-05	1.694897973069227e-05	1.696483877226523e-05	1.6968718804468466e-05	1.698922538920803e-05	1.6997389386711287e-05	1.7004482587982083e-05	1.7016252112140603e-05	1.702412749279249e-05	1.7038559693716183e-05	1.704268680317762e-05	1.706024712794784e-05	1.707156454053426e-05	1.7075691791273184e-05	1.7089703883596136e-05	1.7099153623378958e-05	1.7112498196647617e-05	1.711950035775204e-05	1.7133954474843685e-05	1.7137564748675107e-05	1.7146898333149267e-05	1.715934230523971e-05	1.716295227999647e-05	1.7185053625395813e-05	1.7190018022086942e-05	1.7197887660338244e-05	1.720805919542155e-05	1.7216205968990415e-05	1.7229351866769395e-05	1.7236186056847753e-05	1.7249747060263037e-05	1.725579710810494e-05	1.7262073839976893e-05	1.7277592552978677e-05	1.7280353149211985e-05	1.7301803834875835e-05	1.730859293825873e-05	1.731591803732749e-05	1.7333138213489758e-05	1.7335949827099276e-05	1.7353030939767805e-05	1.7359699886522575e-05	1.737778565673463e-05	1.7390824794445766e-05	1.7392188547520606e-05	1.741676911289705e-05	1.741843414580223e-05	1.744092736458013e-05	1.7454293148855077e-05	1.7468852679810365e-05	1.7493121210204834e-05	1.7490691203057007e-05	1.7521664877200097e-05	1.7523149772765646e-05	1.7544571689027478e-05	1.7564314205415084e-05	1.7568489070910633e-05	1.7612366624902956e-05	1.7606760357413683e-05	1.7634657592653244e-05	1.764651696846109e-05	1.766843097872219e-05	1.7699221852777998e-05	1.7691720810682186e-05	1.7730592436516645e-05	1.7730381724529e-05	1.7757203641290387e-05	1.77746849195515e-05	1.778443195795247e-05	1.7830330512081747e-05	1.7820186117096966e-05	1.7850116647106925e-05	1.785799544285904e-05	1.7874297934493135e-05	1.791167539297309e-05	1.7900248092874903e-05	1.7936529472128666e-05	1.7930635800587535e-05	1.7951919293798364e-05	1.7965018217357027e-05	1.7976136691070964e-05	1.8012929984952077e-05	1.7997545243289673e-05	1.8020858050263556e-05	1.8017984579917867e-05	1.803134793741792e-05	1.803909850445187e-05	1.804416885059585e-05	1.8066142622659704e-05	1.8053074501082236e-05	1.8063986789534186e-05	1.806560116540375e-05	1.8088927966587575e-05	1.8091339914658913e-05	1.807674087992475e-05	1.8086372117699785e-05	1.807129518127668e-05	1.8079290347761666e-05	1.8069045885141053e-05	1.8078321402601384e-05	1.8080983113102597e-05
Pi	X	2	3	1.496492032907206e-06	1.4983860962197935e-06	1.5013586591506029e-06	1.5033770315029422e-06	1.5044455886428886e-06	1.506668191279739e-06	1.5077532178835646e-06	1.5107604429792542e-06	1.5115079251707586e-06	1.5133225724878797e-06	1.5145266048065113e-06	1.514688986273022e-06	1.517348203276443e-06	1.5170431121031474e-06	1.5186950310235543e-06	1.5197051970622708e-06	1.5193314091022872e-06	1.5210687122348434e-06	1.5199053703226154e-06	1.5212413057840164e-06	1.5214691260697595e-06	1.5211375706526176e-06	1.5214248440211e-06	1.5202728284088774e-06	1.5215420342961405e-06	1.5203099345989024e-06	1.520161760582665e-06	1.5197596169961898e-06	1.518228845876697e-06	1.5192943077602218e-06	1.5164487315522795e-06	1.5166757492542236e-06	1.5160768983706568e-06	1.514211738610161e-06	1.5146865022928274e-06	1.5116126628515542e-06	1.511720879241068e-06	1.5105953946781272e-06	1.5089202478380164e-06	1.5085798337225691e-06	1.5054825948841952e-06	1.5052952638937564e-06	1.5028821252698369e-06	1.5024495926632043e-06	1.5004385327866764e-06	1.4986001557792525e-06	1.4981278272917316e-06	1.4955614480777987e-06	1.4952408060547415e-06	1.4926913576446859e-06	1.491494558585658e-06	1.4906360366461149e-06	1.4875053646510674e-06	1.4878415549103247e-06	1.4852613570782395e-06	1.4844939897357197e-06	1.4829359685753006e-06	1.4811905775871015e-06	1.4801699851568623e-06	1.478365978481279e-06	1.4779364751574578e-06	1.4762476952720226e-06	1.4750892792535236e-06	1.4740594666831943e-06	1.4718628456024997e-06	1.472172310791905e-06	1.470532477430671e-06	1.4698508785233791e-06	1.468784762984218e-06	1.4668484209244676e-06	1.4672430368251966e-06	1.464943389496916e-06	1.4655470225134823e-06	1.4645447038823944e-06	1.4629760296601633e-06	1.4633019766680733e-06	1.4611718312924986e-06	1.4622782403647178e-06	1.4603991705735963e-06	1.4606722937771828e-06	1.4600086099497151e-06	1.4581461677694948e-06	1.4596288387969705e-06	1.4576696198247404e-06	1.4583774102534218e-06	1.4572847896358695e-06	1.4557283828509828e-06	1.4573796725988084e-06	1.4553726344982372e-06	1.4563052116313867e-06	1.4550663703032448e-06	1.4542633235122733e-06	1.4553645190665103e-06	1.4525368995365443e-06	1.4541336170082264e-06	1.45282163717278e-06	1.4522483837734486e-06	1.4518254311173562e-06	1.4505051968929556e-06	1.4516310873906764e-06	1.4493198569198956e-06	1.4495635340680287e-06	1.4489754624103529e-06	1.4478525753495296e-06	1.4484945856388383e-06	1.446375334998239e-06	1.446650895078573e-06	1.4459847841101861e-06	1.444366422272406e-06	1.4445860666911515e-06	1.4425272207929027e-06	1.442344196440921e-06	1.4411005998854753e-06	1.440045977178515e-06	1.4399562888854393e-06	1.437685550051283e-06	1.4372015692441526e-06	1.4360844325790488e-06	1.4350242852086754e-06	1.4336393977082932e-06	1.4319085223633812e-06
Pi	X	7	7	3.9592618198766005e-12	3.967200520810356e-12	3.978118821168693e-12	3.998662780031644e-12	4.000680085887912e-12	4.016134051709355e-12	4.02752041591293e-12	4.031260633819143e-12	4.044406601460799e-12	4.055545358972045e-12	4.063622234826025e-12	4.078942850352834e-12	4.079698241202841e-12	4.0906500547294885e-12	4.108546764465607e-12	4.105476724375298e-12	4.120290927226809e-12	4.130242310523543e-12	4.126292508959476e-12	4.139746067889074e-12	4.148851252641969e-12	4.152761314487255e-12	4.16666290463729e-12	4.161394696126104e-12	4.170840413494339e-12	4.187499217281297e-12	4.179087449404575e-12	4.194103213484427e-12	4.203725721247772e-12	4.194835721918633e-12	4.2087003034720246e-12	4.217280877609619e-12	4.215149568672001e-12	4.227192758372e-12	4.218669993943718e-12	4.229190997917593e-12	4.2440359232174935e-12	4.233225064229355e-12	4.245305398928067e-12	4.255448657185834e-12	4.248873307496325e-12	4.257281220724904e-12	4.265425827405047e-12	4.261664646116028e-12	4.271522554067135e-12	4.261639046655282e-12	4.272067037076552e-12	4.283021484871161e-12	4.273649453292925e-12	4.285057499528352e-12	4.292816129190407e-12	4.286552510848093e-12	4.293244043946928e-12	4.2991842118901525e-12	4.2955874081900546e-12	4.302727913139538e-12	4.29755103470414e-12	4.305291041095617e-12	4.31060176421294e-12	4.304620180340622e-12	4.312299642509756e-12	4.315725397164773e-12	4.3138762461798885e-12	4.319061679218955e-12	4.320956768130141e-12	4.320019772913238e-12	4.323178105901837e-12	4.320203585952202e-12	4.325000239182943e-12	4.324188445472677e-12	4.323836928139027e-12	4.326636248796446e-12	4.3274429217123166e-12	4.326977763174126e-12	4.3243127912869215e-12	4.327823928262471e-12	4.3292160337310466e-12	4.32503019330676e-12	4.327422988312986e-12	4.3253531631569205e-12	4.319765872651797e-12	4.326030362476127e-12	4.322625731268329e-12	4.3191968333479296e-12	4.321743872396243e-12	4.3126786389805335e-12	4.315259075768283e-12	4.318852562578562e-12	4.3086809181522365e-12	4.314029168939302e-12	4.3070931952386925e-12	4.297744298136252e-12	4.30831163678356e-12	4.300107649310197e-12	4.2918622718569305e-12	4.298068922399967e-12	4.28313973398586e-12	4.287534846355418e-12	4.2899377748171754e-12	4.271142028032389e-12	4.284923735637496e-12	4.272501750683073e-12	4.2632754107051475e-12	4.2743525116271355e-12	4.263702705291419e-12	4.2546840859063725e-12	4.262245647716529e-12	4.246646366091518e-12	4.255234354557302e-12	4.252218696013513e-12	4.234126745844495e-12	4.24772844238602e-12	4.2352354848550725e-12	4.227161883706214e-12	4.238981750861134e-12	4.226257373304038e-12	4.222531132873734e-12	4.22638328283657e-12	4.214197687860808e-12	4.22409629195186e-12	4.218765421989098e-12
Pi	X	3	4	1.0936779264734419e-07	1.0941344900520919e-07	1.098460258946613e-07	1.0980067975803634e-07	1.0990260818587823e-07	1.1022896837296464e-07	1.1025413486041699e-07	1.1066510299612208e-07	1.1060700194678897e-07	1.1071027428593963e-07	1.1099520095190933e-07	1.1100811940819502e-07	1.1136869202098243e-07	1.113201543167092e-07	1.1142622969320865e-07	1.1165279643782322e-07	1.1166638669397564e-07	1.1196616157721574e-07	1.1192029352579078e-07	1.120142638167143e-07	1.1219032541237364e-07	1.1219038808129664e-07	1.1244008350616445e-07	1.1233976058630464e-07	1.1248515138425632e-07	1.1260140796913702e-07	1.1258664556904085e-07	1.1275142847778976e-07	1.1270795705432316e-07	1.1279466476764531e-07	1.1288292811542975e-07	1.1285657238725011e-07	1.1298511236817812e-07	1.129372461105121e-07	1.1299924823473179e-07	1.1303233681007562e-07	1.1300525789104232e-07	1.130916623872352e-07	1.1304199468599971e-07	1.130786615984867e-07	1.1306159646475898e-07	1.1302978021133783e-07	1.1307979327031838e-07	1.1303546600525093e-07	1.1304291581112158e-07	1.1298406282245606e-07	1.1294817787679622e-07	1.1296451208902558e-07	1.1292311897336195e-07	1.1290998141938651e-07	1.128157788403995e-07	1.1277900769284344e-07	1.1276661958832839e-07	1.1272633819157219e-07	1.1269845198976908e-07	1.1257800111063053e-07	1.1254342353851381e-07	1.125084645940848e-07	1.1247362561880647e-07	1.1243297211467332e-07	1.1230862275401049e-07	1.1226520987254343e-07	1.1221529923458419e-07	1.1218651881561987e-07	1.1213929292651394e-07	1.1200184797661252e-07	1.1197112266660953e-07	1.1191167557056185e-07	1.1189031617046054e-07	1.1184426262167054e-07	1.117009564373725e-07	1.116871724305235e-07	1.1162330718894742e-07	1.1161142255807111e-07	1.1156818584556935e-07	1.1142890565070913e-07	1.114336554479135e-07	1.1136825709964202e-07	1.1137336097239592e-07	1.1133336930005585e-07	1.112076956398297e-07	1.112289014619523e-07	1.1116624136201576e-07	1.1118596184860121e-07	1.1115094949686785e-07	1.1102763388017255e-07	1.110845911607236e-07	1.1103111005556234e-07	1.1106207930005267e-07	1.1103318814388676e-07	1.1093624719503868e-07	1.1100333736001207e-07	1.1098006259090836e-07	1.1100416588681849e-07	1.1099773413803698e-07	1.1093036581448702e-07	1.109880090847979e-07	1.109666838309224e-07	1.1100634554293264e-07	1.1101733729349981e-07	1.1096984814921656e-07	1.1103617531444256e-07	1.1101319077571976e-07	1.1104460023015336e-07	1.1109235957104279e-07	1.110593146707218e-07	1.1112686900577105e-07	1.111196144224556e-07	1.1115211970010695e-07	1.1120661053671966e-07	1.111874504539125e-07	1.1125667068077597e-07	1.1124660003049403e-07	1.1127757259147491e-07	1.1135036898631425e-07	1.1134105819154093e-07	1.114087088788789e-07	1.1139815052506285e-07	1.1144116227852502e-07	1.1149762582060517e-07	1.1150652998190454e-07
Pi	X	8	8	3.471497016110778e-11	3.471279776760347e-11	3.4728183951757254e-11	3.475723994354556e-11	3.477799884605575e-11	3.476066986476645e-11	3.479350656420528e-11	3.4815328511189644e-11	3.4805783932873224e-11	3.4819087796028595e-11	3.4845582560342025e-11	3.48421618890586e-11	3.482048073521625e-11	3.4866576080883665e-11	3.485348504783759e-11	3.4837173425704866e-11	3.486955524970965e-11	3.485433150122333e-11	3.488224173397979e-11	3.4840030206903776e-11	3.484684956855825e-11	3.487540221672034e-11	3.481595106563306e-11	3.482639854143862e-11	3.485806547080522e-11	3.480415029172272e-11	3.477280452656003e-11	3.483452848572526e-11	3.476860165129516e-11	3.4743060404973504e-11	3.479222780824655e-11	3.472547547843583e-11	3.476314861890185e-11	3.4708618957156917e-11	3.468052867915882e-11	3.4716182838104686e-11	3.4632648524416253e-11	3.462473268359888e-11	3.466235523623823e-11	3.457032883766997e-11	3.448690114609143e-11	3.461087882868385e-11	3.450941137691199e-11	3.453142535938037e-11	3.454426006562661e-11	3.4446486771645356e-11	3.448989824385844e-11	3.4443737742963905e-11	3.438490358094256e-11	3.442675819242315e-11	3.4324847682757525e-11	3.4316488344527465e-11	3.436059947613032e-11	3.425133502693693e-11	3.418775511639826e-11	3.4293610605660586e-11	3.418596923391794e-11	3.422338354752764e-11	3.4216918203788245e-11	3.4117750081277585e-11	3.4144731374464084e-11	3.412220706829661e-11	3.404819635207957e-11	3.406855897167017e-11	3.397463721818983e-11	3.397101581404059e-11	3.398515310315535e-11	3.389148164562284e-11	3.38650138751255e-11	3.3894734476096524e-11	3.3809632464926096e-11	3.3789639752078635e-11	3.3794227449272685e-11	3.3719113902340465e-11	3.3686749254933174e-11	3.3686403057668687e-11	3.3619774783057857e-11	3.3571489970668144e-11	3.350600905326531e-11	3.3513295435556034e-11	3.344458005737642e-11	3.339188883004478e-11	3.339797890915976e-11	3.3307489917283074e-11	3.326325654507853e-11	3.315159101893243e-11	3.316228395612962e-11	3.312360876444738e-11	3.300368848949816e-11	3.301319195241532e-11	3.2977537624508915e-11	3.2834866405784935e-11	3.281173113218048e-11	3.283015928503044e-11	3.265849938578545e-11	3.265901499802911e-11	3.269106003469072e-11	3.2481624077026155e-11	3.248453417135643e-11	3.229309936579467e-11	3.23040190217198e-11	3.230492694332835e-11	3.2120326338226374e-11	3.212981815128801e-11	3.2137411596878204e-11	3.193107539249537e-11	3.1951911109586653e-11	3.197604092121358e-11	3.1746041424843145e-11	3.179842066016826e-11	3.1824566081748966e-11	3.158133589843782e-11	3.162795383405862e-11	3.142159788429794e-11	3.142318288482052e-11	3.1465560283771474e-11	3.127284719790563e-11	3.1319357029372025e-11	3.132817261003272e-11	3.112896006009636e-11	3.119688268675558e-11
Pi	X	4	5	9.882781907478307e-10	9.947819297408316e-10	9.99659512482863e-10	1.0024502101940139e-09	1.0098818481350363e-09	1.0122842960605348e-09	1.0166702518628333e-09	1.0230115529368062e-09	1.0264128185023774e-09	1.032561629858991e-09	1.0357000625953434e-09	1.0381134988582713e-09	1.0466165000766507e-09	1.0479336768305489e-09	1.0544795254915723e-09	1.0591673637283332e-09	1.0615126404407392e-09	1.0691204627694105e-09	1.0709683004165032e-09	1.0773105896711841e-09	1.0819948995246522e-09	1.0841873312995213e-09	1.0918853573352545e-09	1.0934815403647088e-09	1.097316625529701e-09	1.1034215253427081e-09	1.106108226307001e-09	1.1124194219173344e-09	1.11452896806877e-09	1.1168236480480523e-09	1.124715496194796e-09	1.125239794297793e-09	1.1314974433765778e-09	1.1353225299889022e-09	1.1374076112328376e-09	1.1445646089451895e-09	1.1456359763456495e-09	1.1514396558148282e-09	1.1548606573108258e-09	1.1569410547587461e-09	1.1636706890009928e-09	1.164621508550518e-09	1.1681721479440483e-09	1.173270328165814e-09	1.1753872732459114e-09	1.1807745880574375e-09	1.1824666146760058e-09	1.183942928914515e-09	1.1905094811721766e-09	1.1910746642064804e-09	1.1962443645070524e-09	1.1991404887345315e-09	1.2005571511124646e-09	1.2064529349538605e-09	1.206793400538704e-09	1.2116541533102667e-09	1.2144943409069294e-09	1.2159352532841494e-09	1.2210208127075355e-09	1.2214775496492062e-09	1.2241558360000572e-09	1.227868464440399e-09	1.2294794122445106e-09	1.2336400297845706e-09	1.2350493138909464e-09	1.2356086229418657e-09	1.240304539792846e-09	1.24051439708643e-09	1.244107459981376e-09	1.2462562045386253e-09	1.2471972132454778e-09	1.251298665733276e-09	1.2511274352353369e-09	1.2544190985183723e-09	1.2559440948162892e-09	1.2569775950868576e-09	1.2603197329064967e-09	1.2604934233180078e-09	1.26217348217591e-09	1.2639680428179583e-09	1.2652229816460619e-09	1.2673898043424958e-09	1.2681140633831023e-09	1.268600278823892e-09	1.2708455693906087e-09	1.271249945025276e-09	1.2726077781829057e-09	1.2737372007239333e-09	1.2741514232456598e-09	1.2762162302924238e-09	1.2761379820749784e-09	1.2773195176101185e-09	1.2778777264630046e-09	1.2780711669715017e-09	1.279618746753971e-09	1.2793367690485344e-09	1.2799141905164753e-09	1.2802582229048776e-09	1.2807408318340288e-09	1.2813621827062012e-09	1.2809699365550026e-09	1.2813192611534129e-09	1.2809762128603988e-09	1.281438378125417e-09	1.2812963260448687e-09	1.2809490443898834e-09	1.2808798650420755e-09	1.2807171348178514e-09	1.2803775469971285e-09	1.279823206598514e-09	1.2793178520794775e-09	1.2787534204846233e-09	1.278338153530624e-09	1.2774111577695925e-09	1.2766652748537404e-09	1.2756730087899522e-09	1.274916173266398e-09	1.2744029585585392e-09	1.273363422796479e-09	1.2720150276192771e-09	1.2701938401666608e-09
Pi	X	5	6	8.866811402375435e-11	8.903093909687605e-11	8.937529425513687e-11	8.956164638406111e-11	8.974548818192113e-11	9.009538276877277e-11	9.047133799660557e-11	9.062757270261215e-11	9.08203544586257e-11	9.119056301702195e-11	9.150794279378315e-11	9.16607496249041e-11	9.209941280641612e-11	9.219287306602391e-11	9.257277896841875e-11	9.269593670480637e-11	9.302353649118607e-11	9.31961143571019e-11	9.347510644123705e-11	9.388437073321976e-11	9.394916779118896e-11	9.408782460207643e-11	9.440910675728349e-11	9.469339632465739e-11	9.474201869908985e-11	9.494627225981512e-11	9.514033438427312e-11	9.544573158018751e-11	9.55259542200228e-11	9.562242454765203e-11	9.587891074480949e-11	9.599041876238487e-11	9.610816135964567e-11	9.6235809151318e-11	9.636410837601217e-11	9.654995961880007e-11	9.661074848484686e-11	9.67251391200055e-11	9.676965382518236e-11	9.682603050851716e-11	9.692906868253397e-11	9.697117590482182e-11	9.695048175899962e-11	9.705413637616116e-11	9.721144824361605e-11	9.701766549304007e-11	9.706105588228298e-11	9.693257918087074e-11	9.69893875764859e-11	9.69293781882748e-11	9.6841013173432e-11	9.682974889393847e-11	9.660380535830878e-11	9.66089688832574e-11	9.659056249707403e-11	9.632427894014184e-11	9.627796804718882e-11	9.617161666845416e-11	9.594260796353465e-11	9.589301652519919e-11	9.550186302492317e-11	9.548026246535657e-11	9.538994822604015e-11	9.500331033135359e-11	9.490982949324062e-11	9.476498894037534e-11	9.439016541661356e-11	9.430983868647368e-11	9.378269281107274e-11	9.37542871827411e-11	9.34503515487531e-11	9.311466380353982e-11	9.297148912950226e-11	9.237181752192431e-11	9.231931999083902e-11	9.225556498453846e-11	9.161920707664167e-11	9.148758697083096e-11	9.124323950259331e-11	9.083877953078462e-11	9.070400528713952e-11	9.002028441858768e-11	8.996632603326636e-11	8.976069525597508e-11	8.921633451452739e-11	8.908450620778195e-11	8.882866006718395e-11	8.831428174139927e-11	8.826712851927042e-11	8.757084456333398e-11	8.747364376424399e-11	8.720007178159239e-11	8.675671519907562e-11	8.663665953818104e-11	8.593966261081856e-11	8.587130301131743e-11	8.584345510073246e-11	8.515878250834473e-11	8.504518547829778e-11	8.482516542501078e-11	8.439015938681808e-11	8.427988716483099e-11	8.363727722145568e-11	8.354289975580454e-11	8.352611522420704e-11	8.2900577701046e-11	8.279407515664809e-11	8.260309888107732e-11	8.208526908335004e-11	8.208290311597525e-11	8.149876062317096e-11	8.147284988416158e-11	8.121955725866061e-11	8.085714543387244e-11	8.072874858763269e-11	8.034497204995127e-11	8.011826671292236e-11	8.005795574036211e-11	7.961126410511579e-11	7.938837550505593e-11	7.932857121180546e-11
Pi	X	0	2	2.1247049615761207e-06	2.1232597125625184e-06	2.118910322948825e-06	2.113207127132625e-06	2.1109342465003363e-06	2.10349564074375e-06	2.10186218352036e-06	2.0914942500077303e-06	2.089977906343658e-06	2.0829009677230093e-06	2.0768527907420496e-06	2.0728469797400312e-06	2.063145260952959e-06	2.0615755498820535e-06	2.0478548840252345e-06	2.0459870989873986e-06	2.0365897961225643e-06	2.0305208216996762e-06	2.0247278631008145e-06	2.013420281011623e-06	2.0081482073064078e-06	1.9948644431468844e-06	1.9931863223960434e-06	1.981643789857388e-06	1.976359657456443e-06	1.9690261468923732e-06	1.9568153430346804e-06	1.9508884148967685e-06	1.937410715211493e-06	1.934342651227621e-06	1.9220903634701826e-06	1.917103904640165e-06	1.9086806273732177e-06	1.8963325193853274e-06	1.8880683835714603e-06	1.8764482860887915e-06	1.8726055168127457e-06	1.8605265337994145e-06	1.855900081086257e-06	1.8469512040497925e-06	1.8350775775197992e-06	1.826376678855096e-06	1.815619134668146e-06	1.811085536706618e-06	1.7999310730179203e-06	1.7933386843965507e-06	1.7864052540872575e-06	1.7758443389888152e-06	1.7669730347248512e-06	1.757559089123129e-06	1.7528967461403936e-06	1.7407558600714295e-06	1.7365233376310193e-06	1.7296922349730248e-06	1.7210077479076762e-06	1.7120461670735493e-06	1.7042800660487032e-06	1.6990924888913421e-06	1.6895579389938542e-06	1.685075830104115e-06	1.678563202642306e-06	1.6714381757363934e-06	1.663110633076798e-06	1.6571127072973103e-06	1.6514654262117622e-06	1.6448818041373667e-06	1.6401011964864414e-06	1.6340829712178856e-06	1.628432386547034e-06	1.6210166817163416e-06	1.616685803043558e-06	1.609855796765776e-06	1.6073386228194182e-06	1.6019779547893355e-06	1.5967755462894006e-06	1.5921501525648704e-06	1.5858314554814306e-06	1.5828916360594412e-06	1.575875109746615e-06	1.5756722294597618e-06	1.5703346186383577e-06	1.5661842748453978e-06	1.5620099785245923e-06	1.5569150606632072e-06	1.5548770753326287e-06	1.5479951025824602e-06	1.5496690033960737e-06	1.544050202616547e-06	1.541147440931361e-06	1.536672124839144e-06	1.532857701507e-06	1.5312365792431201e-06	1.5246622926651741e-06	1.5271512585919678e-06	1.5213464499267684e-06	1.5194026691848678e-06	1.514198387306171e-06	1.511628985439067e-06	1.509605381107145e-06	1.5037722298088477e-06	1.505844895972481e-06	1.4985795492206957e-06	1.4990754058068448e-06	1.4923682470456538e-06	1.4908881696391871e-06	1.4878099096692655e-06	1.4830042534370708e-06	1.4834839874468693e-06	1.4770701756666998e-06	1.476908622753462e-06	1.469082197100983e-06	1.4684742825556929e-06	1.4639182175727476e-06	1.4603268368478437e-06	1.458226271506001e-06	1.4530023031143824e-06	1.4516156081090272e-06	1.4428450868027861e-06	1.4428152667976413e-06	1.4365739332506232e-06	1.4342739346333194e-06
Pi	X	6	7	3.690094120857921e-11	3.677128095281497e-11	3.6708315102012765e-11	3.657996944775162e-11	3.6499543355011124e-11	3.647207947512205e-11	3.631199436793368e-11	3.6222020578023493e-11	3.613785962438971e-11	3.60285600615148e-11	3.599785658281382e-11	3.594643033053873e-11	3.585702182525422e-11	3.586503558058561e-11	3.571672643620118e-11	3.5677579090874984e-11	3.5642714461107266e-11	3.5621368189223637e-11	3.556528255542551e-11	3.5548199930027503e-11	3.549178104500753e-11	3.5509010032147004e-11	3.543329768924981e-11	3.542159795788704e-11	3.544001721124254e-11	3.534773135168267e-11	3.542880244249727e-11	3.541245013570116e-11	3.5399752969785556e-11	3.544546753528186e-11	3.538521090830016e-11	3.543478019826243e-11	3.541745366420259e-11	3.542502229009098e-11	3.5501423893165806e-11	3.5535974823123986e-11	3.5513567329353315e-11	3.556331674856216e-11	3.56045990391432e-11	3.565732362291325e-11	3.570853574229369e-11	3.5689723844908176e-11	3.580973597693066e-11	3.587388334162026e-11	3.588112237427228e-11	3.595244225737073e-11	3.6013051817473826e-11	3.6107118697818524e-11	3.617310375516865e-11	3.616952411047804e-11	3.630160831897644e-11	3.6416903840015894e-11	3.6435922800118776e-11	3.652287828968685e-11	3.663563360390512e-11	3.6719103847323613e-11	3.679989493611747e-11	3.681528782000632e-11	3.694287342309718e-11	3.7119217526052164e-11	3.7146388731114665e-11	3.725752524446493e-11	3.738307416104006e-11	3.7498174389199315e-11	3.7573758999545236e-11	3.7639903813138486e-11	3.778680635129642e-11	3.797840120961156e-11	3.793576886059085e-11	3.810138685834929e-11	3.829375944213199e-11	3.842087273712825e-11	3.8528150702996414e-11	3.8604338719517625e-11	3.8766830214860925e-11	3.890646349194722e-11	3.895587373710897e-11	3.9127033145108797e-11	3.935621246563272e-11	3.942831413240414e-11	3.961998693606377e-11	3.972936050165435e-11	3.990387359193346e-11	4.005356829300936e-11	4.014283672148317e-11	4.031456525626994e-11	4.0589872682501285e-11	4.068105175511908e-11	4.0837811612252853e-11	4.1035513775386475e-11	4.120720400968947e-11	4.136612926848106e-11	4.1498161685089954e-11	4.167715678693499e-11	4.19998426562087e-11	4.21073429810268e-11	4.2291103108402356e-11	4.2495696781589124e-11	4.268743020203596e-11	4.286626786921409e-11	4.3018235216427445e-11	4.3211485226302815e-11	4.3557041666957105e-11	4.3712841857807e-11	4.3884492219031186e-11	4.4119676289243036e-11	4.431327025863766e-11	4.450323215066634e-11	4.469512493899406e-11	4.4878548203510865e-11	4.5265020140416e-11	4.5285941282689506e-11	4.560299537696287e-11	4.583709561485671e-11	4.6038620732933154e-11	4.6250284593405766e-11	4.6415878668441356e-11	4.664615227855306e-11	4.69903291800301e-11	4.7027056935244035e-11	4.723358020586051e-11
Pi	X	1	3	4.271375554935925e-06	4.270891858958107e-06	4.270553389190883e-06	4.272727799822399e-06	4.274502554474623e-06	4.276918922652553e-06	4.278112480231682e-06	4.28012788289601e-06	4.28244328064852e-06	4.282160372031701e-06	4.285497616081379e-06	4.286796295876174e-06	4.292018738742388e-06	4.292517119191873e-06	4.292499765480418e-06	4.296752283247158e-06	4.2983156524133525e-06	4.301578523369617e-06	4.303248070826481e-06	4.306855223228446e-06	4.309942956293226e-06	4.31008023548238e-06	4.314113131260864e-06	4.315099759129578e-06	4.320314564212094e-06	4.322390597799677e-06	4.324194347327182e-06	4.327187246697532e-06	4.32918990537246e-06	4.332859931644892e-06	4.333909395868557e-06	4.338374971127138e-06	4.341252889074241e-06	4.3423024094670765e-06	4.345865564076945e-06	4.348268573548585e-06	4.351661995478078e-06	4.353442590142225e-06	4.357118253672662e-06	4.35803622921723e-06	4.360409716542293e-06	4.363574084717924e-06	4.36449205500687e-06	4.370112272704914e-06	4.371374679020913e-06	4.3733758489610436e-06	4.3759623811309995e-06	4.378034053336477e-06	4.381376900416304e-06	4.383114770065799e-06	4.386563171390871e-06	4.388101665454009e-06	4.389697751226687e-06	4.393644046075068e-06	4.394346017705175e-06	4.39980072494996e-06	4.40152711718743e-06	4.403389736141481e-06	4.407768765701736e-06	4.408483652980121e-06	4.412827262167795e-06	4.4145230835588374e-06	4.419122109628933e-06	4.422437843984201e-06	4.422784509863361e-06	4.429035270226957e-06	4.429458555499941e-06	4.435178442854298e-06	4.438577221402026e-06	4.442279552558734e-06	4.448450877713287e-06	4.447832804633455e-06	4.455709307827783e-06	4.456086754474605e-06	4.4615342231327586e-06	4.466554552598073e-06	4.4676161212605e-06	4.4787739493538095e-06	4.4773481638253606e-06	4.484442345916146e-06	4.48745796569712e-06	4.493030592481781e-06	4.500860479823463e-06	4.498952891526687e-06	4.50883773766988e-06	4.508784021935093e-06	4.51560475283036e-06	4.520049995781375e-06	4.522528611104359e-06	4.5342003250600664e-06	4.531620560085083e-06	4.539231718966266e-06	4.541235144119902e-06	4.545380810706463e-06	4.554885636887447e-06	4.551979650327572e-06	4.561205752965374e-06	4.559706947992038e-06	4.565119182627211e-06	4.568450094650324e-06	4.5712774968497065e-06	4.580633729095739e-06	4.576721435806817e-06	4.582649663419783e-06	4.581918902146179e-06	4.585317077773627e-06	4.587287932572752e-06	4.588577306665796e-06	4.594165024243338e-06	4.590841831251865e-06	4.593616634758203e-06	4.594027150642543e-06	4.599959034744182e-06	4.6005723374958365e-06	4.596859792160756e-06	4.599308878279523e-06	4.5954748443439175e-06	4.59750784843352e-06	4.5949027119373004e-06	4.59726141800728e-06	4.597938243007092e-06
Pi	X	7	8	7.308653343591708e-13	7.323307784223004e-13	7.343462534127598e-13	7.381385788072984e-13	7.3851096155195e-13	7.41363700943397e-13	7.434655700769379e-13	7.441559875162711e-13	7.465826831818805e-13	7.48638840834435e-13	7.501298041679412e-13	7.529579269490117e-13	7.530973569145834e-13	7.551190170170859e-13	7.584226627292054e-13	7.578559443320551e-13	7.605905869132951e-13	7.624275683559535e-13	7.616984423264051e-13	7.641819150263475e-13	7.658626820725753e-13	7.665844643765692e-13	7.691506390190325e-13	7.681781337737944e-13	7.699217845931788e-13	7.729969200604644e-13	7.714441367619286e-13	7.742159836197118e-13	7.759922531169564e-13	7.743511853946475e-13	7.769105284534835e-13	7.784944714352691e-13	7.781010319745974e-13	7.803241553455244e-13	7.787508720625076e-13	7.806930075580668e-13	7.834333109140559e-13	7.814376632690408e-13	7.83667654288874e-13	7.855400444747269e-13	7.843262630826013e-13	7.858783177490641e-13	7.873817769355001e-13	7.866874706235283e-13	7.885071984256325e-13	7.866827380180019e-13	7.886076994260378e-13	7.906298456775143e-13	7.888997936309982e-13	7.910056711904976e-13	7.924378722930765e-13	7.912816387370709e-13	7.92516861585374e-13	7.936133928893058e-13	7.929494357559949e-13	7.942675310859904e-13	7.933118986734489e-13	7.947406602733979e-13	7.957210055784789e-13	7.946168220018062e-13	7.960344159057874e-13	7.966667949939411e-13	7.96325441690604e-13	7.972826469774881e-13	7.976324657082867e-13	7.974595069738286e-13	7.980425095149546e-13	7.974934298361259e-13	7.983788635362106e-13	7.982290038530691e-13	7.981641135395715e-13	7.986808428440741e-13	7.988297662126162e-13	7.987438861749957e-13	7.982519418512462e-13	7.989000828534097e-13	7.991570497574317e-13	7.983843545433563e-13	7.988260530152195e-13	7.984439752289435e-13	7.974125723856458e-13	7.98568975542042e-13	7.979404805468728e-13	7.9730752224904e-13	7.977776894744963e-13	7.961042742461565e-13	7.965806291895829e-13	7.972439507728922e-13	7.953663063240203e-13	7.963535676264791e-13	7.950732078547834e-13	7.933474383956249e-13	7.952981209817413e-13	7.937837005966986e-13	7.92261629347511e-13	7.934073499623225e-13	7.906514681443942e-13	7.914627953444495e-13	7.919063556704032e-13	7.884367333138167e-13	7.909807894279125e-13	7.886877156362227e-13	7.869845851634642e-13	7.890293556486856e-13	7.870634444603641e-13	7.85398643187737e-13	7.86794469237316e-13	7.83914908759655e-13	7.855002027758292e-13	7.849435291082836e-13	7.816038126521935e-13	7.841146360235472e-13	7.818084788332343e-13	7.80318126189639e-13	7.825000240074659e-13	7.801511407638908e-13	7.794633002462703e-13	7.801743703557826e-13	7.779249663918179e-13	7.797522043484596e-13	7.787681454139743e-13
Pi	X	2	4	2.4810430559158227e-07	2.484183228897088e-07	2.489111466679089e-07	2.4924577142559906e-07	2.494229296222732e-07	2.497914147668599e-07	2.499713016153734e-07	2.504698692952236e-07	2.5059379569274804e-07	2.5089464603821e-07	2.510942637212012e-07	2.5112118513843583e-07	2.5156205783779643e-07	2.515114758043214e-07	2.51785344909854e-07	2.5195282278646236e-07	2.518908504776317e-07	2.5217888057123043e-07	2.519860091635359e-07	2.522074934316747e-07	2.522452625378982e-07	2.521902916199196e-07	2.52237918237734e-07	2.520469235137494e-07	2.5225734778766665e-07	2.520530752498241e-07	2.520285082774212e-07	2.519618332435521e-07	2.5170804608695066e-07	2.518846864330064e-07	2.5141291519571637e-07	2.514505539998712e-07	2.513512657100513e-07	2.510420402360882e-07	2.511207460118256e-07	2.506111319362683e-07	2.50629068544574e-07	2.5044247104684667e-07	2.5016475036140665e-07	2.501083057769465e-07	2.4959481297792626e-07	2.4956374856820374e-07	2.4916367053328995e-07	2.490919563615892e-07	2.487585386196092e-07	2.4845375149661995e-07	2.4837543922235793e-07	2.4794995581525983e-07	2.4789679027753304e-07	2.474741110877357e-07	2.4727568834623526e-07	2.471333513111211e-07	2.466143115668808e-07	2.4667004470118015e-07	2.462422681480355e-07	2.461150401971129e-07	2.458567299059213e-07	2.455673537056552e-07	2.453981477954024e-07	2.450990543479424e-07	2.450278440693501e-07	2.447478553172579e-07	2.44555793905876e-07	2.4438505594277434e-07	2.4402086901865004e-07	2.4407217618901963e-07	2.4380029977084797e-07	2.4368729316897376e-07	2.435105358253043e-07	2.4318950183687616e-07	2.4325492131925373e-07	2.4287365362748764e-07	2.4297373056766945e-07	2.4280754775824546e-07	2.425474724162579e-07	2.4260150579926963e-07	2.4224834161885445e-07	2.4243176974518443e-07	2.4212023184607304e-07	2.421655118223038e-07	2.420554713327672e-07	2.4174669314971077e-07	2.419924998590026e-07	2.416676764827505e-07	2.417850158256705e-07	2.416038647989896e-07	2.4134582690339883e-07	2.416195869831743e-07	2.412868383983083e-07	2.414414429090179e-07	2.412360529840282e-07	2.4110291051185855e-07	2.4128547427997865e-07	2.408166825208553e-07	2.4108139519975447e-07	2.4086388106490776e-07	2.407688339754653e-07	2.4069871146882603e-07	2.4047982578795377e-07	2.4066648438547395e-07	2.402833061147879e-07	2.4032369672140614e-07	2.402262022295285e-07	2.400400318275026e-07	2.401464713357258e-07	2.3979511791952455e-07	2.3984080077549434e-07	2.397303670737844e-07	2.394620522880327e-07	2.394984694399624e-07	2.391571271532085e-07	2.3912678534573157e-07	2.3892060795222565e-07	2.3874576123602575e-07	2.387308919342746e-07	2.3835442210857656e-07	2.382741853873338e-07	2.3808896997084206e-07	2.3791321139356408e-07	2.3768360947716445e-07	2.373966486418018e-07
Pi	X	3	5	6.465609137234922e-08	6.468308243655257e-08	6.493881301879752e-08	6.491200508288204e-08	6.497226352893118e-08	6.516520032871402e-08	6.518007819656212e-08	6.542303358288236e-08	6.53886859153091e-08	6.544973816456664e-08	6.561818091956331e-08	6.562581818109227e-08	6.583898136144343e-08	6.581028677779713e-08	6.587299565648746e-08	6.60069376400574e-08	6.60149716683372e-08	6.619219312151687e-08	6.616507675371854e-08	6.622063007800815e-08	6.63247136704502e-08	6.632475040942431e-08	6.647236545604633e-08	6.641305587807258e-08	6.649900918130028e-08	6.656773704017753e-08	6.655900987826157e-08	6.665642577962929e-08	6.663072606476056e-08	6.668198588483277e-08	6.673416474127802e-08	6.671858468751198e-08	6.679457422160582e-08	6.676627651445597e-08	6.680293036225548e-08	6.682249132100173e-08	6.680648223291137e-08	6.685756253815684e-08	6.682820061837381e-08	6.684987633322514e-08	6.68397876901902e-08	6.682097745555115e-08	6.685054388790248e-08	6.682433748420766e-08	6.682874158502419e-08	6.67939484336826e-08	6.677273339760699e-08	6.678238974248772e-08	6.675791746255177e-08	6.675015038869236e-08	6.66944583599101e-08	6.667272001442125e-08	6.666539570342575e-08	6.664158136200166e-08	6.662509528783981e-08	6.655388560149675e-08	6.65334432939046e-08	6.651277473916568e-08	6.649217869617414e-08	6.646814404990223e-08	6.639463051988382e-08	6.636896490156364e-08	6.633945721003168e-08	6.632244187179556e-08	6.6294521199898e-08	6.621326683760397e-08	6.619510103222831e-08	6.615995648518527e-08	6.614732803565669e-08	6.612010068765518e-08	6.603538010252213e-08	6.602722962838599e-08	6.598947402573696e-08	6.598244611457785e-08	6.595688481208825e-08	6.587454387548768e-08	6.587735055838052e-08	6.583868745104e-08	6.58417031989363e-08	6.581806112907601e-08	6.574376341952247e-08	6.575629931039289e-08	6.571925440544916e-08	6.573091175482142e-08	6.571021214159087e-08	6.563730915369788e-08	6.567098129952198e-08	6.563936224382825e-08	6.565767026895977e-08	6.564058870452344e-08	6.55832786480956e-08	6.562293986516947e-08	6.56091790776941e-08	6.562342871735098e-08	6.561962451217126e-08	6.557979740731281e-08	6.561387317502628e-08	6.560126575894482e-08	6.56247120192765e-08	6.563120923936921e-08	6.560313479757172e-08	6.564234373058705e-08	6.562875628891821e-08	6.564732300801445e-08	6.567555741001425e-08	6.56560209769897e-08	6.569595711661401e-08	6.569166843311795e-08	6.57108830425286e-08	6.57430974067083e-08	6.573176838254879e-08	6.577269038659076e-08	6.576673615921055e-08	6.578504610257305e-08	6.582808168646793e-08	6.582257594536643e-08	6.586257010767353e-08	6.585632646585426e-08	6.588175465491718e-08	6.59151342556217e-08	6.592039796716469e-08
Pi	X	4	6	2.1961889555504305e-10	2.2106417684697012e-10	2.221480867366056e-10	2.2276824287585283e-10	2.2441972721396977e-10	2.2495360525133618e-10	2.259282657447677e-10	2.2733744584804268e-10	2.280932867726561e-10	2.294596960795578e-10	2.3015712608619707e-10	2.306934473649523e-10	2.3258301078944154e-10	2.3287571769604886e-10	2.3433035394482803e-10	2.353721004572577e-10	2.3589327350903043e-10	2.375839106932075e-10	2.3799454164931794e-10	2.3940394504195736e-10	2.4044490442945706e-10	2.4093211145731006e-10	2.426427925929161e-10	2.429974988305438e-10	2.438497464839385e-10	2.4520639327014716e-10	2.4580343989710053e-10	2.4720593388234117e-10	2.4767472056307474e-10	2.4818464933499797e-10	2.4993839980866726e-10	2.5005491387755174e-10	2.5144550544361224e-10	2.522955270655924e-10	2.5275887629220766e-10	2.543493282415726e-10	2.545874072911565e-10	2.5587711829106335e-10	2.5663734523753155e-10	2.570996520429275e-10	2.5859513478363737e-10	2.588064234085598e-10	2.595954567206724e-10	2.60728386355603e-10	2.61198818681933e-10	2.6239600586639836e-10	2.62772008548748e-10	2.631000779784285e-10	2.645593141342814e-10	2.6468490842925925e-10	2.658337310410446e-10	2.664773163632283e-10	2.6679212745029816e-10	2.6810230681076817e-10	2.6817796305054006e-10	2.6925812987797737e-10	2.698892818614969e-10	2.7020947886941445e-10	2.7133961090491174e-10	2.7144110244023433e-10	2.7203627766612267e-10	2.7286130642432566e-10	2.7321928950496467e-10	2.7414387403198604e-10	2.744570414660234e-10	2.7458133316519635e-10	2.7562486978718143e-10	2.7567150191876796e-10	2.7646995983025836e-10	2.769474549529226e-10	2.771565643499733e-10	2.7806799786751663e-10	2.7802994635336843e-10	2.7876142320625203e-10	2.791003100205515e-10	2.793299713362392e-10	2.8007266885249473e-10	2.8011126212823295e-10	2.804846047449971e-10	2.8088339871047223e-10	2.8116226607355155e-10	2.816437839150231e-10	2.8180472386209205e-10	2.819127677979471e-10	2.824117203133242e-10	2.825015760538437e-10	2.828033193551041e-10	2.830542943246507e-10	2.831463423220367e-10	2.836051845276898e-10	2.8358779287450394e-10	2.838503534844285e-10	2.839743954457208e-10	2.840173824866926e-10	2.843612837809371e-10	2.842986199414467e-10	2.844269293385524e-10	2.8450338010344593e-10	2.8461062232081877e-10	2.8474869776131345e-10	2.846615317721108e-10	2.8473914933717984e-10	2.846629189258284e-10	2.8476561402097343e-10	2.847340471321416e-10	2.846568688067615e-10	2.8464149219984815e-10	2.8460533081485024e-10	2.8452985773054236e-10	2.84406672732157e-10	2.842943625697766e-10	2.841689334164998e-10	2.840766493829004e-10	2.8387064650337125e-10	2.837048934764257e-10	2.83484383122172e-10	2.8331619763195627e-10	2.832021419311887e-10	2.82971135340053e-10	2.8267148714121157e-10	2.822667763036012e-10
Pi	X	5	7	1.1298105328846463e-10	1.1344336234581204e-10	1.1388213871885961e-10	1.1411958635168012e-10	1.1435383694075936e-10	1.1479967145282822e-10	1.1527871091524828e-10	1.1547778371011397e-10	1.157234264301366e-10	1.1619514310293844e-10	1.1659954846474495e-10	1.1679425349004566e-10	1.1735319711981814e-10	1.1747228342387063e-10	1.1795635570411255e-10	1.181132841057716e-10	1.1853071054869388e-10	1.187506081960517e-10	1.1910610019944941e-10	1.196275829897249e-10	1.1971014626462964e-10	1.1988682258484448e-10	1.2029619772512414e-10	1.2065844037289763e-10	1.207203943446667e-10	1.2098065191808523e-10	1.2122792719297666e-10	1.2161706117861328e-10	1.2171928091776448e-10	1.2184220339291028e-10	1.2216901501650935e-10	1.2231110130442777e-10	1.2246112628938363e-10	1.226237738362753e-10	1.2278725288666745e-10	1.2302406203838235e-10	1.231015186545625e-10	1.2324727513881776e-10	1.2330399507449407e-10	1.2337582979030985e-10	1.235071199989771e-10	1.235607707002846e-10	1.2353440254448635e-10	1.2366647577672013e-10	1.2386692416321317e-10	1.23620004395075e-10	1.2367529001601994e-10	1.2351158623031298e-10	1.2358396766624236e-10	1.2350750296584267e-10	1.2339490693946643e-10	1.233805524062132e-10	1.230926552002306e-10	1.2309923295017696e-10	1.230757775256339e-10	1.227364777531769e-10	1.22677465755781e-10	1.2254195039735226e-10	1.222501488454076e-10	1.221869558883308e-10	1.2168854797381163e-10	1.2166102303115382e-10	1.2154594152324376e-10	1.2105328645893734e-10	1.2093416924212785e-10	1.2074961449573246e-10	1.2027201217998224e-10	1.201696575379318e-10	1.1949796706457853e-10	1.194617702815086e-10	1.1907449304963418e-10	1.1864675786893515e-10	1.184643243816882e-10	1.1770022024211893e-10	1.1763332714688988e-10	1.175520874396714e-10	1.1674123873266244e-10	1.165735265022145e-10	1.1626217626835211e-10	1.1574681445713438e-10	1.1557508153990641e-10	1.147038840884688e-10	1.1463512834511026e-10	1.1437311166619054e-10	1.1367948595588415e-10	1.1351150825194568e-10	1.1318550929336176e-10	1.1253008631450888e-10	1.1247000289067453e-10	1.1158279580113982e-10	1.1145894214480732e-10	1.1111035482461851e-10	1.1054542880403135e-10	1.1039245489096879e-10	1.0950433897502359e-10	1.0941723562112224e-10	1.093817492708875e-10	1.0850933964036348e-10	1.0836459372433768e-10	1.0808424295145829e-10	1.075299594329996e-10	1.0738944828719968e-10	1.0657063647443839e-10	1.0645037883080165e-10	1.0642899245035011e-10	1.0563193219398797e-10	1.0549622729204556e-10	1.0525288574241488e-10	1.0459306604802237e-10	1.0459005303982972e-10	1.0384573705422219e-10	1.0381272336735435e-10	1.0348997804370016e-10	1.0302819346305727e-10	1.0286459207832484e-10	1.0237558254401816e-10	1.0208671749446636e-10	1.0200986773493994e-10	1.0144069557556275e-10	1.0115669191039477e-10	1.0108049040991279e-10
Pi	X	0	3	1.1972185294551256e-07	1.1964041701925473e-07	1.1939533919972725e-07	1.1907397854896925e-07	1.1894590760619609e-07	1.1852676067647315e-07	1.1843471902288282e-07	1.1785051108858075e-07	1.1776506939349505e-07	1.173663005812332e-07	1.1702550171904801e-07	1.167997836137898e-07	1.1625311614679956e-07	1.16164665735648e-07	1.1539153940729072e-07	1.1528629467689868e-07	1.1475677881778072e-07	1.1441480840012115e-07	1.140883880542966e-07	1.1345123407515673e-07	1.1315416453458108e-07	1.1240565661883688e-07	1.123110976974103e-07	1.116607023204157e-07	1.1136295673456354e-07	1.1094972922352716e-07	1.1026168067600895e-07	1.09927711047944e-07	1.091682752224744e-07	1.0899539564574391e-07	1.0830500726756932e-07	1.0802403438577993e-07	1.0754940069280776e-07	1.0685361502345555e-07	1.0638794845523672e-07	1.0573318395944739e-07	1.0551665111298066e-07	1.0483602818478047e-07	1.045753402718156e-07	1.040710897886548e-07	1.0340203966835385e-07	1.0291176218222859e-07	1.0230559999451532e-07	1.0205014024847513e-07	1.0142161206448708e-07	1.0105014588226152e-07	1.0065946272560429e-07	1.0006438023586652e-07	9.956450065010269e-08	9.903404661433478e-08	9.877133176660839e-08	9.808722244900004e-08	9.784872776762268e-08	9.746381062849488e-08	9.697445986901195e-08	9.646949354844208e-08	9.603189132621471e-08	9.573958079657859e-08	9.520233238634656e-08	9.494977381933386e-08	9.458280216316814e-08	9.418132288021825e-08	9.371208337929365e-08	9.33741134307765e-08	9.305589991614184e-08	9.268492927090871e-08	9.241555090767321e-08	9.207643788751366e-08	9.17580396519857e-08	9.13401805235978e-08	9.109614463145475e-08	9.071128839333891e-08	9.056945167869597e-08	9.026738850098209e-08	8.997424491343612e-08	8.971361377440439e-08	8.935756892699612e-08	8.919191601969906e-08	8.879655036067716e-08	8.878511839107641e-08	8.848435484206026e-08	8.825049275474688e-08	8.801528017444802e-08	8.772819286700813e-08	8.761335634928518e-08	8.722557301692682e-08	8.731989334547732e-08	8.700328578372104e-08	8.683972212178817e-08	8.65875481736795e-08	8.637261427421387e-08	8.62812672614102e-08	8.591082196174555e-08	8.605106951237045e-08	8.572398150585631e-08	8.561445422461288e-08	8.532120523355406e-08	8.517642589071284e-08	8.506240052648882e-08	8.473371698505817e-08	8.485050758871001e-08	8.444112148473739e-08	8.44690635188317e-08	8.409113094635811e-08	8.400773301299628e-08	8.383428102429625e-08	8.356349482750333e-08	8.359052815350847e-08	8.322912478954103e-08	8.322002350362339e-08	8.277902347031272e-08	8.274477032934656e-08	8.248804860421849e-08	8.228568430546035e-08	8.216732444892443e-08	8.187296669481761e-08	8.17948317250323e-08	8.130063481629059e-08	8.129895625824137e-08	8.094727458915733e-08	8.081767681504921e-08
Pi	X	6	8	6.592624770834258e-11	6.569460049435835e-11	6.558210721663408e-11	6.535280908779568e-11	6.520912225655283e-11	6.516005651059746e-11	6.487405310408602e-11	6.47133071025221e-11	6.456294907313484e-11	6.436767704763602e-11	6.43128232748679e-11	6.422094740558869e-11	6.406121220494847e-11	6.407553041830311e-11	6.381056439442404e-11	6.374062486059194e-11	6.367833747440713e-11	6.364020105956394e-11	6.353999999922639e-11	6.35094810941292e-11	6.340868415697443e-11	6.343946522418962e-11	6.330419982550898e-11	6.328329632410702e-11	6.331620570352129e-11	6.315132936864473e-11	6.3296168683978e-11	6.326695421926183e-11	6.324426923853402e-11	6.332594219400314e-11	6.321828855530131e-11	6.330684817367354e-11	6.327589319541859e-11	6.328941475773638e-11	6.342591067837127e-11	6.348763854248929e-11	6.344760525623484e-11	6.353648549909925e-11	6.361024049613417e-11	6.370443501109419e-11	6.379592983204906e-11	6.376231961661122e-11	6.397672931704234e-11	6.409133248092932e-11	6.410426515339654e-11	6.42316826121378e-11	6.433996559507044e-11	6.45080220791724e-11	6.462590828731926e-11	6.461951200479538e-11	6.485548839525862e-11	6.506147195139518e-11	6.509544994688692e-11	6.525080117891383e-11	6.545224596715851e-11	6.560136956195825e-11	6.57457081792496e-11	6.577320664314674e-11	6.600114707501148e-11	6.63161970817787e-11	6.636473982285817e-11	6.656329184478116e-11	6.678759190165382e-11	6.699322546825746e-11	6.712826081943565e-11	6.724643325507553e-11	6.75088830423454e-11	6.785117971704944e-11	6.777501275522678e-11	6.8070899418671e-11	6.841458495656608e-11	6.864167989789538e-11	6.883333950877667e-11	6.896945232716543e-11	6.925975397311057e-11	6.950921652888788e-11	6.95974900200046e-11	6.990327721279922e-11	7.031271962227771e-11	7.044153476637116e-11	7.078396837752535e-11	7.097937118594408e-11	7.129114921079075e-11	7.155858774740866e-11	7.171807052988189e-11	7.202487392853398e-11	7.251672917043281e-11	7.267962477059932e-11	7.295968617248431e-11	7.331289242938999e-11	7.361962816711521e-11	7.390355739113535e-11	7.413944085791994e-11	7.445922826111738e-11	7.503572580052472e-11	7.522778250607182e-11	7.555608006345447e-11	7.592160003413283e-11	7.626414390591572e-11	7.658364816832825e-11	7.685514820942175e-11	7.720040002586118e-11	7.781776044914788e-11	7.809610614865694e-11	7.840277095791541e-11	7.882294203738676e-11	7.916881042506671e-11	7.950819001987307e-11	7.985101720604527e-11	8.017871645875628e-11	8.08691721641631e-11	8.090654997379441e-11	8.147298786373635e-11	8.189122337426816e-11	8.225126196732868e-11	8.262941200836718e-11	8.29252576547441e-11	8.333665547748673e-11	8.395155163140922e-11	8.401716761976296e-11	8.438613612228812e-11
Pi	X	1	4	3.251657803136818e-07	3.2512895850740654e-07	3.251031893051093e-07	3.2526871733980464e-07	3.2540382522347725e-07	3.255877715892885e-07	3.256786327400545e-07	3.258320528757147e-07	3.260083179486554e-07	3.259867777508404e-07	3.262408306633653e-07	3.263396945631903e-07	3.267372589257703e-07	3.2677519730944285e-07	3.267738696857486e-07	3.2709760125822195e-07	3.272166121865985e-07	3.2746500542933627e-07	3.2759210014552675e-07	3.278666983145757e-07	3.281017544413469e-07	3.281122006524926e-07	3.2841921039645294e-07	3.2849431470772364e-07	3.288913035267028e-07	3.290493410968244e-07	3.291866519344691e-07	3.294144866551528e-07	3.29566940037865e-07	3.2984632345149737e-07	3.299262117186223e-07	3.3026616383061317e-07	3.3048524452204366e-07	3.305651387221504e-07	3.3083638314217694e-07	3.310193135412253e-07	3.312776380512808e-07	3.314131858914455e-07	3.3169300369267137e-07	3.317628773501951e-07	3.319435616219877e-07	3.321844463004533e-07	3.322543253532073e-07	3.3268216619483463e-07	3.3277826685777206e-07	3.329306045785868e-07	3.331275036705198e-07	3.3328521074703555e-07	3.335396808872513e-07	3.336719753589942e-07	3.3393448050414594e-07	3.3405159959988317e-07	3.341730985887603e-07	3.3447351108212385e-07	3.3452694654395895e-07	3.3494218357482656e-07	3.3507360332790926e-07	3.3521538738730386e-07	3.355487472282741e-07	3.356031611735384e-07	3.359338199208382e-07	3.3606291116071866e-07	3.3641300864529197e-07	3.3666541773620145e-07	3.366917973895177e-07	3.371676462133449e-07	3.3719985903642585e-07	3.3763528881687344e-07	3.3789401805670566e-07	3.381758546115989e-07	3.3864564929219923e-07	3.3859858688626654e-07	3.3919819752753036e-07	3.3922691833648923e-07	3.3964161065298533e-07	3.4002378035298446e-07	3.401045868338281e-07	3.409539859625477e-07	3.408454352394779e-07	3.4138549109765535e-07	3.416150449196282e-07	3.420392667437993e-07	3.4263531800966233e-07	3.424900919598641e-07	3.4324258416745254e-07	3.432384841409052e-07	3.4375772301341144e-07	3.4409610838562883e-07	3.4428479470425155e-07	3.4517331025304866e-07	3.449769153188892e-07	3.455563199881154e-07	3.45708823373264e-07	3.460244182034808e-07	3.467479760619802e-07	3.4652674840735543e-07	3.4722908849123066e-07	3.471149844932345e-07	3.4752699182481324e-07	3.477805542367523e-07	3.4799579537811835e-07	3.487080377962377e-07	3.484102082455719e-07	3.48861491830536e-07	3.488058576635442e-07	3.49064542167606e-07	3.492145691786047e-07	3.493127248653677e-07	3.4973808678628787e-07	3.494851026810412e-07	3.496963260418845e-07	3.497275759873197e-07	3.501791459341899e-07	3.5022583062406687e-07	3.499432027067688e-07	3.5012963440011504e-07	3.4983776127306653e-07	3.4999251527304275e-07	3.497941950615324e-07	3.4997375285987763e-07	3.5002527397098465e-07
Pi	X	2	5	3.0455352421858754e-08	3.0493898662807876e-08	3.0554393976965386e-08	3.059546959120263e-08	3.061721634528563e-08	3.066244851870276e-08	3.068452998021708e-08	3.074573000827458e-08	3.0760942363394434e-08	3.07978722624285e-08	3.082237583349904e-08	3.0825680509798365e-08	3.0879798547022934e-08	3.0873589387163435e-08	3.090720696352517e-08	3.0927765486251815e-08	3.0920158014197806e-08	3.095551455212577e-08	3.0931839126061254e-08	3.0959026643321267e-08	3.0963662706587774e-08	3.0956914622428056e-08	3.096276081559043e-08	3.093931561064049e-08	3.096514590213747e-08	3.094007073390894e-08	3.0937054937247646e-08	3.092886998116762e-08	3.0897717085536996e-08	3.0919399656268765e-08	3.086148850085115e-08	3.086610893191657e-08	3.085392049032528e-08	3.081596244154196e-08	3.082562301636275e-08	3.0763066708060116e-08	3.076526785494904e-08	3.07423622388621e-08	3.0708271792447924e-08	3.0701342158120174e-08	3.0638309816866155e-08	3.063449571196216e-08	3.058538493976964e-08	3.057658129689594e-08	3.053565314661728e-08	3.049823965526342e-08	3.048862603866814e-08	3.043639676347588e-08	3.042986977344498e-08	3.0377984360519514e-08	3.0353626910497415e-08	3.0336154439085036e-08	3.0272440666645796e-08	3.027928149990362e-08	3.022677045344233e-08	3.02111521966538e-08	3.017944337503944e-08	3.0143920913814146e-08	3.01231503452767e-08	3.008643516018535e-08	3.007769359038277e-08	3.004332370366772e-08	3.001974682954247e-08	2.999878774586936e-08	2.99540819689504e-08	2.99603801365169e-08	2.992700572290221e-08	2.991313339810548e-08	2.989143533147897e-08	2.9852026820353993e-08	2.98600566645649e-08	2.981325418764159e-08	2.982553888800538e-08	2.980513855425329e-08	2.9773213216858937e-08	2.9779845202525068e-08	2.973649271486243e-08	2.9759008385151845e-08	2.9720765656444687e-08	2.9726323705124357e-08	2.9712814946165845e-08	2.9674911374997176e-08	2.9705083876879523e-08	2.9665210655544886e-08	2.967961357624363e-08	2.9657376255459174e-08	2.9625701495084852e-08	2.9659305068491546e-08	2.9618459372192717e-08	2.9637436365251773e-08	2.9612224076276044e-08	2.959587990353422e-08	2.9618289471156595e-08	2.9560744372704198e-08	2.9593237379892475e-08	2.956653701016159e-08	2.9554868840651692e-08	2.9546261025060415e-08	2.9519391894606758e-08	2.9542304195732527e-08	2.9495268478944917e-08	2.950022536199545e-08	2.9488257994326105e-08	2.946540433907494e-08	2.947847005573586e-08	2.943534043753247e-08	2.944094779184618e-08	2.9427391972666156e-08	2.9394455001268952e-08	2.9398925572884712e-08	2.9357024394859126e-08	2.9353300121798945e-08	2.9327991288091367e-08	2.9306528441951104e-08	2.9304703225110985e-08	2.9258490368568282e-08	2.9248641494382464e-08	2.92259052792067e-08	2.9204331035945704e-08	2.9176146814814547e-08	2.9140922002833518e-08
Pi	X	3	6	1.1151378297128912e-08	1.1156033490872553e-08	1.1200139836357861e-08	1.1195516177371223e-08	1.1205909151071035e-08	1.1239185212065397e-08	1.1241751218539979e-08	1.128365410050763e-08	1.1277730181372945e-08	1.1288259935944464e-08	1.1317311573720614e-08	1.1318628811985054e-08	1.1355393484904678e-08	1.135044445841322e-08	1.1361259848114643e-08	1.1384361148765628e-08	1.138574674627761e-08	1.141631259966096e-08	1.1411635765872599e-08	1.1421217157588294e-08	1.143916857881781e-08	1.1439174857836462e-08	1.146463435234422e-08	1.1454404980685966e-08	1.1469229743399208e-08	1.1481083249074206e-08	1.1479578070937197e-08	1.1496379509565448e-08	1.1491946974441784e-08	1.1500787854010303e-08	1.1509787126040169e-08	1.1507100173341553e-08	1.1520206111047483e-08	1.1515325521817607e-08	1.1521647182051814e-08	1.1525020837376147e-08	1.1522259610340264e-08	1.153106948058991e-08	1.1526005486227863e-08	1.1529743750859748e-08	1.1528003727220289e-08	1.152475928244747e-08	1.1529858613313106e-08	1.1525338552679548e-08	1.1526098123144303e-08	1.152009719388102e-08	1.1516438085922484e-08	1.1518103514589619e-08	1.1513882451634264e-08	1.1512542771292795e-08	1.1502937200900401e-08	1.1499187947105115e-08	1.1497924575977398e-08	1.1493817121198908e-08	1.149097367622368e-08	1.1478691708296083e-08	1.1475165843901529e-08	1.1471600812143369e-08	1.1468048581226345e-08	1.1463903070215681e-08	1.1451223913181945e-08	1.1446797163746689e-08	1.1441707628629122e-08	1.1438772785244153e-08	1.1433956938857705e-08	1.1419942893170804e-08	1.1416809499005465e-08	1.1410747932023218e-08	1.1408569654552098e-08	1.1403873435357854e-08	1.138926134445822e-08	1.1387855310100616e-08	1.1381343569092127e-08	1.1380131087998728e-08	1.1375722361338997e-08	1.1361520612540616e-08	1.1362004445476712e-08	1.1355335969606637e-08	1.1355855812685324e-08	1.1351778253976604e-08	1.133896361044648e-08	1.1341125596522388e-08	1.1334736104996602e-08	1.1336746485428219e-08	1.1333176192432604e-08	1.1320602228072726e-08	1.1326409759389194e-08	1.1320955966183103e-08	1.1324113520315952e-08	1.1321167113700402e-08	1.1311282634838518e-08	1.1318122875004915e-08	1.131574929897301e-08	1.1318207011001514e-08	1.1317550542397058e-08	1.1310681423037556e-08	1.1316558211486861e-08	1.1314383718764324e-08	1.1318427367888109e-08	1.1319547793221905e-08	1.1314705771026106e-08	1.1321467779687891e-08	1.1319124428760946e-08	1.1322326313033195e-08	1.132719596569784e-08	1.1323826300369403e-08	1.133071405241961e-08	1.132997438926824e-08	1.1333288027948369e-08	1.1338844193953798e-08	1.1336889888830452e-08	1.134394786460926e-08	1.1342920804124335e-08	1.1346078681233245e-08	1.1353501083129931e-08	1.135255123952811e-08	1.1359449195674549e-08	1.135837201640472e-08	1.1362757762060449e-08	1.1368514715695411e-08	1.1369422512538958e-08
Pi	X	4	7	5.361906460871801e-11	5.397192313088156e-11	5.423655406645988e-11	5.4387961841863196e-11	5.479116448770597e-11	5.492150787258413e-11	5.515946647836563e-11	5.550351009414832e-11	5.5688045310053944e-11	5.6021647914092374e-11	5.619192149939795e-11	5.6322861750373574e-11	5.678418958175582e-11	5.685565251025414e-11	5.7210794272177203e-11	5.746513180684521e-11	5.759237327289343e-11	5.800513505548591e-11	5.810538829498739e-11	5.844948739116053e-11	5.870363195922607e-11	5.882258069336395e-11	5.92402357450813e-11	5.932683490772697e-11	5.953490788236537e-11	5.98661258739226e-11	6.001189182619854e-11	6.035430410717886e-11	6.04687552764409e-11	6.059325137065624e-11	6.102142096289898e-11	6.104986807395629e-11	6.138937361507457e-11	6.159690203728533e-11	6.171002547273608e-11	6.209832709753837e-11	6.215645202495448e-11	6.24713285768398e-11	6.265693468214417e-11	6.27698032041239e-11	6.313491877075901e-11	6.318650244654168e-11	6.337914091983707e-11	6.365573923806495e-11	6.377059255830881e-11	6.406288039747669e-11	6.415467840540479e-11	6.423477453067139e-11	6.459103909973758e-11	6.462170170557404e-11	6.490218010326608e-11	6.505930825572919e-11	6.51361668137799e-11	6.545604078486452e-11	6.547451108625861e-11	6.573822737287917e-11	6.589231922045983e-11	6.597049194367785e-11	6.624640908020028e-11	6.627118618998571e-11	6.641649486192982e-11	6.661792085842742e-11	6.670531894042754e-11	6.693105158388539e-11	6.700750779828085e-11	6.703785309766416e-11	6.729262633389984e-11	6.730401055788137e-11	6.749894924808794e-11	6.761552592728409e-11	6.766657780815418e-11	6.788909886785792e-11	6.787980873706855e-11	6.805839351382359e-11	6.814113041778289e-11	6.819719946856698e-11	6.837852477631734e-11	6.838794589775974e-11	6.847909431901377e-11	6.85764582392933e-11	6.864453999937398e-11	6.876210020160449e-11	6.880139104633208e-11	6.882776831060918e-11	6.894958439868908e-11	6.897152071069544e-11	6.904519025031369e-11	6.910646227583344e-11	6.912893487581906e-11	6.924095751877675e-11	6.923671062229064e-11	6.930081251464315e-11	6.933109546967262e-11	6.934159057231372e-11	6.942555066763878e-11	6.941025110208839e-11	6.944157539480779e-11	6.94602401721074e-11	6.948642163055833e-11	6.952013127911912e-11	6.949885016680415e-11	6.951779739431117e-11	6.949918685047648e-11	6.952425708756064e-11	6.951655027928864e-11	6.949770643421377e-11	6.949395143200789e-11	6.948512307351474e-11	6.946669437669907e-11	6.943661993997836e-11	6.94091976773746e-11	6.937857490763105e-11	6.935604365074895e-11	6.930574825501238e-11	6.92652802926655e-11	6.921144220733684e-11	6.917038075226969e-11	6.914253263261551e-11	6.908613408061585e-11	6.901297546591916e-11	6.891416702742564e-11
Pi	X	5	8	3.7541428067402655e-11	3.7695043307949924e-11	3.7840839702079085e-11	3.7919738066491874e-11	3.799757469519446e-11	3.8145716298021834e-11	3.8304890708822465e-11	3.8371038150486375e-11	3.845266045859442e-11	3.860940151372144e-11	3.8743777462691976e-11	3.880847359084544e-11	3.899419918644667e-11	3.903376894700317e-11	3.9194615259569325e-11	3.924675976527739e-11	3.938546191435639e-11	3.945852918631874e-11	3.957665227595044e-11	3.9749930096192035e-11	3.977736383908094e-11	3.98360698307863e-11	3.997209619863628e-11	4.0092462605605034e-11	4.011304845429817e-11	4.019952608959023e-11	4.028169125992234e-11	4.041099169824624e-11	4.0444957321229416e-11	4.0485802031119776e-11	4.0594393988532183e-11	4.064160745202554e-11	4.0691456856902644e-11	4.074550097744371e-11	4.0799821907466534e-11	4.087850802714099e-11	4.090424513503491e-11	4.0952677119394615e-11	4.097152378535624e-11	4.099539288331444e-11	4.103901766295181e-11	4.1056843904062525e-11	4.104808240166034e-11	4.1091966489741265e-11	4.115857211130121e-11	4.1076524900382974e-11	4.1094894360302043e-11	4.1040499257394565e-11	4.106454881628985e-11	4.103914083975037e-11	4.1001726926144277e-11	4.099695663010278e-11	4.090129407976221e-11	4.090347915984901e-11	4.089568466730776e-11	4.07829415886749e-11	4.076333211540059e-11	4.071830216385628e-11	4.062134273824534e-11	4.060034369689431e-11	4.043473252590251e-11	4.042558599051321e-11	4.0387345564433116e-11	4.022364561827769e-11	4.018406390954654e-11	4.012274039292845e-11	3.9964041777190246e-11	3.993003051710908e-11	3.9706840583232464e-11	3.969481227254009e-11	3.956612680710478e-11	3.9423998173976044e-11	3.9363379008391275e-11	3.910948134217517e-11	3.90872538202457e-11	3.906025836681237e-11	3.879082880109204e-11	3.873510065653689e-11	3.863164414928374e-11	3.846039996470872e-11	3.840333522330869e-11	3.81138533666461e-11	3.809100648477508e-11	3.800394281252736e-11	3.777346421222681e-11	3.771764779036222e-11	3.7609324831013965e-11	3.739153993717772e-11	3.7371575118017e-11	3.7076772948062474e-11	3.703561867691662e-11	3.6919789302085275e-11	3.673207514007984e-11	3.6681245284768536e-11	3.6386141001705186e-11	3.635719843399238e-11	3.634540611069755e-11	3.6055521652134954e-11	3.600742522976899e-11	3.591426975728061e-11	3.573009268888278e-11	3.568340278965792e-11	3.5411328397840084e-11	3.537136848242667e-11	3.5364262377565795e-11	3.509941484116514e-11	3.505432300569592e-11	3.497346555528e-11	3.475422013046494e-11	3.4753219577354154e-11	3.4505897466262107e-11	3.449492830370696e-11	3.43876864438206e-11	3.4234244731748516e-11	3.4179883886765194e-11	3.401739513147932e-11	3.392141200197265e-11	3.389587579903813e-11	3.3706751938517066e-11	3.361238347162899e-11	3.358706361870901e-11
Pi	X	0	4	1.110077717220606e-08	1.1093226346506327e-08	1.1070502338724638e-08	1.1040705359298937e-08	1.102883046700662e-08	1.0989966583985421e-08	1.0981432314355375e-08	1.0927263679504783e-08	1.0919341457141845e-08	1.0882366968854697e-08	1.0850767713420297e-08	1.082983875655085e-08	1.0779151018139257e-08	1.0770949664077844e-08	1.0699264227787144e-08	1.0689505821805483e-08	1.0640408257140264e-08	1.0608700406292794e-08	1.0578434106567877e-08	1.0519356322624262e-08	1.0491811493858548e-08	1.0422408719707502e-08	1.0413640986665042e-08	1.0353335189804709e-08	1.0325728020061201e-08	1.0287412750578088e-08	1.0223615925030175e-08	1.019264960226046e-08	1.0122233564689428e-08	1.01062037510674e-08	1.004218974180964e-08	1.001613771431573e-08	9.97212872485241e-09	9.907614465139335e-09	9.864436909871236e-09	9.803726149409017e-09	9.783648688927146e-09	9.720540161557754e-09	9.696368936447708e-09	9.64961378222433e-09	9.587578449550632e-09	9.54211889420127e-09	9.485914564565438e-09	9.462227705991693e-09	9.40394951333149e-09	9.369506507015984e-09	9.333281663895625e-09	9.278104672964233e-09	9.231754780870394e-09	9.18257018722674e-09	9.158210561654154e-09	9.094778940644077e-09	9.072665127109854e-09	9.036974927991877e-09	8.991601497202466e-09	8.944779968544203e-09	8.904204710572654e-09	8.877100928168954e-09	8.827286488346932e-09	8.803868620907243e-09	8.769842371559988e-09	8.732616483221538e-09	8.68910762923494e-09	8.657770413201425e-09	8.62826488896204e-09	8.593867985751347e-09	8.568890550198036e-09	8.537447422311812e-09	8.507924913142934e-09	8.469180176221577e-09	8.44655266569398e-09	8.41086802576209e-09	8.397716706976004e-09	8.369708704695265e-09	8.342527944876379e-09	8.318361694473959e-09	8.28534852545282e-09	8.269988819314464e-09	8.23332978319583e-09	8.232269778167827e-09	8.20438232045043e-09	8.182698250410674e-09	8.160888878114945e-09	8.134269610021308e-09	8.123621697974095e-09	8.08766576242578e-09	8.096411291897988e-09	8.067054789561629e-09	8.051888914436041e-09	8.028506895371447e-09	8.00857786364997e-09	8.000107961766706e-09	7.9657597007503e-09	7.97876369879338e-09	7.948435498747497e-09	7.938279970568925e-09	7.91108945324724e-09	7.89766531839692e-09	7.887092699540954e-09	7.856616709333607e-09	7.867445797667184e-09	7.82948676328631e-09	7.8320777620536e-09	7.797035245191401e-09	7.789302548049517e-09	7.773219870033301e-09	7.748112257010107e-09	7.750618975029474e-09	7.717109052844035e-09	7.71626535072774e-09	7.67537517604107e-09	7.672199310440558e-09	7.648395837185524e-09	7.629632446517559e-09	7.618658134244083e-09	7.591364863123941e-09	7.584120264890362e-09	7.538297658890715e-09	7.538142192998035e-09	7.505533977057222e-09	7.493517634697212e-09
Pi	X	1	5	2.9630736136697788e-08	2.9627380786095114e-08	2.9625032311967157e-08	2.9640115792600208e-08	2.965242766117718e-08	2.9669189404829636e-08	2.9677469083046596e-08	2.9691448923844004e-08	2.9707511223012396e-08	2.9705548050201674e-08	2.9728698575755294e-08	2.9737707518301933e-08	2.9773935278563575e-08	2.9777392249942024e-08	2.9777270630813056e-08	2.9806770808976025e-08	2.981761536604764e-08	2.984025036025365e-08	2.985183162917743e-08	2.987685414809452e-08	2.989827336312946e-08	2.9899224844036364e-08	2.9927200978703026e-08	2.9934044427621e-08	2.997022031764315e-08	2.9984621098282995e-08	2.9997133287853506e-08	3.001789425390522e-08	3.00317863320937e-08	3.0057244795424825e-08	3.0064524224476746e-08	3.009550261415837e-08	3.011546578401005e-08	3.012274591563958e-08	3.0147462399828496e-08	3.01641316600141e-08	3.01876709424254e-08	3.020002245011042e-08	3.0225521009270635e-08	3.023188738695044e-08	3.024835209548439e-08	3.0270301906968237e-08	3.027666934264745e-08	3.031565557727591e-08	3.032441253842232e-08	3.033829384927593e-08	3.035623578330343e-08	3.037060659665183e-08	3.0393794231992386e-08	3.040584919302768e-08	3.042976897014557e-08	3.0440441312507987e-08	3.045151234519814e-08	3.0478886855139464e-08	3.048375583680515e-08	3.052159315379705e-08	3.053356831021269e-08	3.054648730966028e-08	3.057686460411244e-08	3.0581822286632606e-08	3.061195298876149e-08	3.062371583671869e-08	3.065561737507571e-08	3.0678617485889234e-08	3.068102026883421e-08	3.0724381900115294e-08	3.0727316268572465e-08	3.07669941836879e-08	3.0790570048850444e-08	3.081625145629225e-08	3.085906071942025e-08	3.085477112757837e-08	3.090941049358704e-08	3.0912026410806904e-08	3.0949814709839116e-08	3.0984638807066405e-08	3.099200159002185e-08	3.106940215441309e-08	3.105950945608835e-08	3.110872196506597e-08	3.112963855529537e-08	3.116829539022909e-08	3.122260936597272e-08	3.12093748952131e-08	3.127794491383151e-08	3.127757024103802e-08	3.132488579751504e-08	3.1355719570192874e-08	3.1372913367425695e-08	3.145387802312965e-08	3.143598095484807e-08	3.148877844726488e-08	3.1502674266199066e-08	3.153143273801358e-08	3.159736565646093e-08	3.1577205848525215e-08	3.164120534901375e-08	3.163080714157441e-08	3.166835050408289e-08	3.169145550558456e-08	3.171106938741851e-08	3.177597084684487e-08	3.1748831171630346e-08	3.178995313412259e-08	3.178488310700649e-08	3.180845500923814e-08	3.1822125471486036e-08	3.183106989760127e-08	3.1869829772112064e-08	3.184677655821576e-08	3.186602298920308e-08	3.186887051587137e-08	3.191001935544325e-08	3.1914273104351066e-08	3.188851823628846e-08	3.1905505929512263e-08	3.1878908915847076e-08	3.1893009711432415e-08	3.187493780551137e-08	3.189129974442011e-08	3.189599427885887e-08
Pi	X	2	6	2.809265633461824e-09	2.8128212119765353e-09	2.818401437165805e-09	2.8221903067515456e-09	2.8241962922086467e-09	2.828368583629685e-09	2.8304054193093305e-09	2.836050612768064e-09	2.83745384381896e-09	2.840860320676254e-09	2.8431205873482736e-09	2.8434254188947873e-09	2.848417374083846e-09	2.8478446178833448e-09	2.850945527787802e-09	2.8528419131908784e-09	2.85214016076014e-09	2.855401542557061e-09	2.853217668179819e-09	2.855725485287865e-09	2.856153107810728e-09	2.8555306223246437e-09	2.856069879554113e-09	2.8539072267612686e-09	2.856289891527344e-09	2.853976879332935e-09	2.853698681376088e-09	2.8529436393441388e-09	2.8500700347656094e-09	2.8520700386423516e-09	2.8467281730161094e-09	2.8471543896050584e-09	2.8460300441425686e-09	2.8425287202327403e-09	2.843419759116369e-09	2.837649428664128e-09	2.83785240635455e-09	2.8357395084582913e-09	2.83259497207339e-09	2.831955675041919e-09	2.8261414431424266e-09	2.8257895347271116e-09	2.8212594234047157e-09	2.8204473003418043e-09	2.816671963641192e-09	2.8132208450365244e-09	2.812334004123476e-09	2.8075162417591936e-09	2.8069140987946265e-09	2.8021280190993955e-09	2.799881175265142e-09	2.798269449482268e-09	2.792392308173043e-09	2.7930232681357134e-09	2.7881794865439523e-09	2.786738751842154e-09	2.783813797854191e-09	2.7805370428506654e-09	2.778621105258997e-09	2.7752343398123864e-09	2.774427964254456e-09	2.77125754941999e-09	2.7690826786036998e-09	2.767149307070818e-09	2.7630254504627822e-09	2.7636064164787673e-09	2.7605277930224882e-09	2.7592481295849064e-09	2.7572465837096427e-09	2.7536113726607316e-09	2.754352008525986e-09	2.750034748108481e-09	2.751167918085948e-09	2.7492860465750687e-09	2.7463411354245583e-09	2.746952811050588e-09	2.7429538068359665e-09	2.745030646096742e-09	2.7415029808281945e-09	2.7420156501646485e-09	2.7407694700733897e-09	2.737273128759674e-09	2.7400562226852403e-09	2.7363781900325305e-09	2.737706671864866e-09	2.7356553920132426e-09	2.7327336418770345e-09	2.7358331985734905e-09	2.7320654987285265e-09	2.7338158718697553e-09	2.7314902154409765e-09	2.729982531116842e-09	2.7320495831668627e-09	2.7267415151236406e-09	2.7297386330710917e-09	2.727275732098009e-09	2.7261993434013744e-09	2.7254053282330468e-09	2.722926820655793e-09	2.7250402542541068e-09	2.7207016071940415e-09	2.7211587259708306e-09	2.720054860340486e-09	2.7179467091370874e-09	2.719151921398557e-09	2.7151735341301873e-09	2.715690736751438e-09	2.714440335626491e-09	2.7114020869841e-09	2.7118144902585327e-09	2.7079493723931223e-09	2.7076058625468896e-09	2.7052713124238844e-09	2.7032915319736216e-09	2.7031231724100097e-09	2.698860366515343e-09	2.6979519215215884e-09	2.695854624436702e-09	2.6938646216916393e-09	2.6912648422385903e-09	2.6880156580026464e-09
Pi	X	3	7	1.2223719009835816e-09	1.222882184009634e-09	1.2277169464472306e-09	1.2272101142909986e-09	1.22834936061979e-09	1.2319969361730964e-09	1.2322782106707751e-09	1.2368714263287975e-09	1.236222080318489e-09	1.2373763049912785e-09	1.2405608291884672e-09	1.2407052225632666e-09	1.2447352210822366e-09	1.2441927265184737e-09	1.2453782511620582e-09	1.2479105321181068e-09	1.2480624103140947e-09	1.251412932873073e-09	1.2509002743788932e-09	1.2519505488422426e-09	1.253918303393939e-09	1.2539189849257453e-09	1.2567097587150066e-09	1.2555884397908076e-09	1.257213498575588e-09	1.2585128186486207e-09	1.258347828440253e-09	1.2601895272776282e-09	1.259703643814174e-09	1.2606727458988691e-09	1.2616591967597498e-09	1.2613646835556491e-09	1.2628012898942503e-09	1.2622662956477947e-09	1.2629592392542163e-09	1.2633290388000642e-09	1.2630263512682492e-09	1.263992048586804e-09	1.2634369668489333e-09	1.2638467185223264e-09	1.2636559821641237e-09	1.2633003146337646e-09	1.263859277320538e-09	1.263363783684066e-09	1.2634470432215542e-09	1.262789234900203e-09	1.2623881251029021e-09	1.2625706804628806e-09	1.2621079511885465e-09	1.2619610915618338e-09	1.2609081366338757e-09	1.2604971583769748e-09	1.2603586570049591e-09	1.2599083965523602e-09	1.2595967023481553e-09	1.2582503669687835e-09	1.2578638592283094e-09	1.2574730409474168e-09	1.2570836604691811e-09	1.2566292214113623e-09	1.2552393664561033e-09	1.2547541060302797e-09	1.254196177694359e-09	1.2538744512177132e-09	1.253346520309944e-09	1.2518103622085606e-09	1.2514668563984125e-09	1.2508023974705187e-09	1.2505635969598447e-09	1.2500487847849964e-09	1.2484470455919004e-09	1.2482928856765514e-09	1.2475790992364092e-09	1.2474461491229279e-09	1.2469628679519953e-09	1.2454060993739305e-09	1.2454591068861385e-09	1.2447281144314631e-09	1.2447850636261196e-09	1.2443381018953676e-09	1.2429333675292457e-09	1.2431703437349951e-09	1.2424699194916448e-09	1.2426902676624777e-09	1.2422988838878578e-09	1.2409205469597705e-09	1.2415571491879873e-09	1.240959279745192e-09	1.241305390511407e-09	1.2409823799390455e-09	1.2398988704923064e-09	1.2406486462154167e-09	1.240388437610313e-09	1.2406578480330607e-09	1.2405858474128688e-09	1.2398328745440433e-09	1.2404770265858991e-09	1.240238659405145e-09	1.2406818878895715e-09	1.2408046853408687e-09	1.2402739257152156e-09	1.241015099542638e-09	1.2407582426232635e-09	1.2411091789154518e-09	1.2416429721992502e-09	1.2412735818125794e-09	1.2420285768196653e-09	1.2419474995680515e-09	1.2423106872884604e-09	1.2429197430299822e-09	1.2427054767836944e-09	1.2434791533471906e-09	1.243366556547986e-09	1.2437127017932437e-09	1.2445263127169311e-09	1.244422164328371e-09	1.2451783009999318e-09	1.2450601865287594e-09	1.2455409459481262e-09	1.246171989728997e-09	1.246271493453043e-09
Pi	X	4	8	7.55817197729027e-12	7.607910942663193e-12	7.645213266773262e-12	7.666555660729594e-12	7.723391234158084e-12	7.741764389315739e-12	7.775307038616697e-12	7.823803306344545e-12	7.849815445341428e-12	7.896840140509585e-12	7.920841824779386e-12	7.939299168913575e-12	8.004327969045614e-12	8.01440137938527e-12	8.064462079911584e-12	8.1003135343563e-12	8.11824943409429e-12	8.176432487938731e-12	8.190564139979215e-12	8.239068374706958e-12	8.274892508113741e-12	8.291659450128015e-12	8.350532204065102e-12	8.362739127176434e-12	8.392069228891462e-12	8.438757615962098e-12	8.459304776604143e-12	8.507571250414792e-12	8.523704165991698e-12	8.541253057469893e-12	8.601607845889436e-12	8.605617867917123e-12	8.653474482857522e-12	8.682727660923279e-12	8.698673387875004e-12	8.753408473508903e-12	8.761601626023914e-12	8.805986615433133e-12	8.832149716661916e-12	8.848059448579826e-12	8.899526259048975e-12	8.906797280731381e-12	8.933951578841757e-12	8.972940742107311e-12	8.989130401739696e-12	9.030331365548948e-12	9.043271030307557e-12	9.054561316923324e-12	9.104780252292103e-12	9.109102358355222e-12	9.14863844049647e-12	9.170787217796357e-12	9.181621044695652e-12	9.226710496017524e-12	9.229313948557846e-12	9.266487222561389e-12	9.28820788605872e-12	9.299226839176388e-12	9.33812026203113e-12	9.341612608135672e-12	9.362095251829751e-12	9.390488149933973e-12	9.402807520929897e-12	9.434626774183259e-12	9.445403726816819e-12	9.449681213993741e-12	9.485593880861708e-12	9.48719848239017e-12	9.514676904851834e-12	9.531109339228178e-12	9.538305437471916e-12	9.56967186004343e-12	9.568362317094586e-12	9.593535368009484e-12	9.605197863482121e-12	9.61310110913421e-12	9.638660626301443e-12	9.639988439807999e-12	9.652836516870842e-12	9.666560985152875e-12	9.676157435215944e-12	9.692728718818767e-12	9.698266875004698e-12	9.701984842318744e-12	9.719155928731497e-12	9.72224783968931e-12	9.732632357616045e-12	9.741268916065882e-12	9.744436582898944e-12	9.760227077588665e-12	9.75962831220166e-12	9.768663964355017e-12	9.77293245527869e-12	9.774411849116774e-12	9.786246603392121e-12	9.784089901285828e-12	9.788505097867283e-12	9.791136039067027e-12	9.794826394942821e-12	9.799577986699158e-12	9.796578206619419e-12	9.799248595054e-12	9.796625364642263e-12	9.800158921340388e-12	9.799072583722837e-12	9.796416183016436e-12	9.79588674452006e-12	9.794642339507237e-12	9.792044279357188e-12	9.787805074202985e-12	9.78393928498044e-12	9.779622721008148e-12	9.776446629639823e-12	9.769356868764037e-12	9.763652478392594e-12	9.756063224549704e-12	9.750275233294087e-12	9.74634946193313e-12	9.738399609129672e-12	9.728087022558714e-12	9.714158943652028e-12
Pi	X	0	5	9.235011603222886e-11	9.228729908317073e-11	9.20982519794009e-11	9.18503637768988e-11	9.175157382112127e-11	9.14282555913226e-11	9.135725653750346e-11	9.09066137010426e-11	9.084070722398798e-11	9.053310650801466e-11	9.027022527970746e-11	9.009611157066314e-11	8.967442799639871e-11	8.960619792884177e-11	8.900982826178222e-11	8.89286459521933e-11	8.852019011076418e-11	8.825640574396597e-11	8.80046115552841e-11	8.75131290244224e-11	8.72839756359118e-11	8.670659607761958e-11	8.66336542578456e-11	8.613195332974689e-11	8.590228437689768e-11	8.558352802447893e-11	8.505278638248939e-11	8.479516814357536e-11	8.420935888503231e-11	8.407600130040578e-11	8.354345078484562e-11	8.332671903209648e-11	8.296059473704451e-11	8.242388424772438e-11	8.206467676930719e-11	8.155960816464099e-11	8.139257671274055e-11	8.086755926618651e-11	8.066647394343302e-11	8.027750313445488e-11	7.976141518204843e-11	7.938322280888113e-11	7.891564393483408e-11	7.871858463319625e-11	7.823375227218386e-11	7.794721108167857e-11	7.764584624076841e-11	7.718681417407648e-11	7.680121471982264e-11	7.639203450573766e-11	7.61893777178268e-11	7.56616738884522e-11	7.547770132233289e-11	7.518078441406426e-11	7.480331029536487e-11	7.441378729214715e-11	7.407623014995675e-11	7.385074400624131e-11	7.343632517687629e-11	7.324150358765795e-11	7.295842966476783e-11	7.264873676142871e-11	7.228677302481737e-11	7.202606942988321e-11	7.17806027710934e-11	7.149444652053307e-11	7.128665038014436e-11	7.102506635191667e-11	7.077945966671e-11	7.045713031252201e-11	7.026888499457646e-11	6.997201355095967e-11	6.986260428519522e-11	6.962959624204749e-11	6.940347207238743e-11	6.920242554749937e-11	6.892777907734239e-11	6.879999664606744e-11	6.849501942383943e-11	6.848620082857374e-11	6.82541959936912e-11	6.807380038442529e-11	6.789236161555948e-11	6.767090814283061e-11	6.758232454076101e-11	6.728319709306593e-11	6.735595347246212e-11	6.711172759839199e-11	6.698555870807343e-11	6.679103701316451e-11	6.662524191621777e-11	6.655477799318471e-11	6.626902579592902e-11	6.63772097210836e-11	6.612490062292468e-11	6.604041421464048e-11	6.581420900989953e-11	6.570253037474371e-11	6.561457388772308e-11	6.536103662827593e-11	6.545112739775092e-11	6.513533514055163e-11	6.51568918606183e-11	6.486536374923652e-11	6.480103420104989e-11	6.466723870598905e-11	6.445836279517533e-11	6.447921814764132e-11	6.420043992283345e-11	6.41934225813902e-11	6.385324675877074e-11	6.38268271385964e-11	6.362880124706703e-11	6.34727049281576e-11	6.338140850263847e-11	6.315434893081551e-11	6.309408097819868e-11	6.271287154837005e-11	6.271157973006524e-11	6.244030567963462e-11	6.234034003739274e-11
Pi	X	1	6	3.559568199300796e-09	3.559165122667758e-09	3.5588829652116576e-09	3.560694923768344e-09	3.5621739809483815e-09	3.5641875368789045e-09	3.5651821765336435e-09	3.5668615139949512e-09	3.5687911114898547e-09	3.5685552319963814e-09	3.571336319988036e-09	3.5724185686282136e-09	3.5767706049928713e-09	3.57718587293323e-09	3.5771711799121144e-09	3.5807150814419946e-09	3.5820178074398636e-09	3.58473699085992e-09	3.5861282286623146e-09	3.589134175930205e-09	3.591707250415131e-09	3.591821496998086e-09	3.5951822792196653e-09	3.5960043331711297e-09	3.6003502129285864e-09	3.602080141089007e-09	3.603583208212956e-09	3.6060771809550506e-09	3.607746018503458e-09	3.6108043218019722e-09	3.611678755907757e-09	3.6154002512224284e-09	3.6177983729280147e-09	3.6186729124050597e-09	3.6216420404878884e-09	3.6236444987912285e-09	3.626472224729537e-09	3.6279559852688955e-09	3.6310191716520707e-09	3.631783859183112e-09	3.6337617609146252e-09	3.6363985077645987e-09	3.6371633957353406e-09	3.6418467493316397e-09	3.642898703718139e-09	3.64456621829808e-09	3.64672153516668e-09	3.6484478826156475e-09	3.65123331078721e-09	3.6526814360978495e-09	3.6555548109138807e-09	3.656836871720354e-09	3.6581667722123747e-09	3.6614552223938997e-09	3.662040095586995e-09	3.6665853774487164e-09	3.668023903340739e-09	3.6695757357007996e-09	3.6732249723908695e-09	3.673820441284724e-09	3.6774399956703217e-09	3.6788530008635564e-09	3.6826852202660176e-09	3.685448158315208e-09	3.685736669194126e-09	3.690945729889456e-09	3.691298105535972e-09	3.696064569273463e-09	3.6988966513097225e-09	3.7019816596008833e-09	3.7071242751806323e-09	3.7066088291666696e-09	3.713172686639814e-09	3.7134867751790904e-09	3.718026248644343e-09	3.722209554919022e-09	3.7230939611850864e-09	3.73239204170052e-09	3.731203491468979e-09	3.737115425006146e-09	3.739627959782735e-09	3.74427179192259e-09	3.750796425005591e-09	3.749206459111107e-09	3.757443730642889e-09	3.7573985838644416e-09	3.7630826341442184e-09	3.766786517197177e-09	3.768851992359071e-09	3.7785781796247025e-09	3.776428113228986e-09	3.782770626465054e-09	3.784439807760228e-09	3.787894575604935e-09	3.795814990605349e-09	3.79339311759875e-09	3.80108127602068e-09	3.799832067543121e-09	3.804342081947887e-09	3.807117593976258e-09	3.80947383192111e-09	3.817270292833087e-09	3.814009984162935e-09	3.818949840987958e-09	3.818340726868722e-09	3.8211723475476695e-09	3.822814495761983e-09	3.823888996507529e-09	3.82854509659048e-09	3.825775687936935e-09	3.828087611366364e-09	3.828429671231792e-09	3.833372858136491e-09	3.833883813960609e-09	3.830789806252752e-09	3.832830437612544e-09	3.829635304151675e-09	3.831329095155859e-09	3.8291581034733304e-09	3.831123643891208e-09	3.8316875603177965e-09
Pi	X	2	7	3.3212624304307874e-10	3.325466013702625e-10	3.332063264334214e-10	3.336542626651014e-10	3.3389142331590133e-10	3.343846912401314e-10	3.346254961341054e-10	3.3529289751692e-10	3.3545879637215905e-10	3.3586152623840046e-10	3.3612874766203864e-10	3.361647866208676e-10	3.367549611867578e-10	3.3668724561629917e-10	3.370538457602007e-10	3.372780495349972e-10	3.3719508170019053e-10	3.375806621132162e-10	3.373224725031598e-10	3.37618957805756e-10	3.376695113573059e-10	3.37595914270782e-10	3.3765966711006336e-10	3.374039845878258e-10	3.376856789250815e-10	3.374122190822003e-10	3.373793272019136e-10	3.372900564892508e-10	3.3695032425145026e-10	3.3718676996207913e-10	3.365552239273329e-10	3.3660561583391567e-10	3.364726823993774e-10	3.3605873815125727e-10	3.361640722371729e-10	3.354818725795915e-10	3.3550586196739964e-10	3.3525605945814843e-10	3.3488430055108314e-10	3.348087076658023e-10	3.341213188680818e-10	3.3407970330151135e-10	3.335441256923279e-10	3.334481050269099e-10	3.330017599012485e-10	3.3259374791259757e-10	3.324888931778373e-10	3.319193087306558e-10	3.3184811008565936e-10	3.312822667725616e-10	3.310166251997628e-10	3.308260748538583e-10	3.3013124187409516e-10	3.302058305881936e-10	3.296331664487674e-10	3.294628257879948e-10	3.291170139117646e-10	3.287296073522584e-10	3.2850309294890097e-10	3.281026815040394e-10	3.280073431008772e-10	3.2763251172069444e-10	3.273753755046141e-10	3.271467942671719e-10	3.266592371880956e-10	3.2672792331019215e-10	3.2636393978379776e-10	3.262126447185477e-10	3.259760024067141e-10	3.255462174493595e-10	3.2563377250650246e-10	3.2512335023142186e-10	3.2525732001562397e-10	3.25034822274194e-10	3.246866528237951e-10	3.2475895912843566e-10	3.242861655719511e-10	3.245316937122648e-10	3.241146248539239e-10	3.2417523320948757e-10	3.2402789002841683e-10	3.236145294494936e-10	3.2394355125415875e-10	3.235087093168505e-10	3.236657600965194e-10	3.234232389813372e-10	3.2307781374886954e-10	3.2344424609603174e-10	3.229988077915973e-10	3.2320573289263025e-10	3.229307786983407e-10	3.227525242180471e-10	3.2299689525261035e-10	3.223693489739597e-10	3.227236707509384e-10	3.2243249321155067e-10	3.22305225134954e-10	3.222113509141453e-10	3.2191832323177715e-10	3.2216817879897397e-10	3.2165524431814873e-10	3.217092727793147e-10	3.215787716884566e-10	3.2132952448263856e-10	3.21472011448815e-10	3.210016628269704e-10	3.2106280525632203e-10	3.2091497826392924e-10	3.205557711371389e-10	3.206045312346657e-10	3.201475682717281e-10	3.2010695988409747e-10	3.198309557276337e-10	3.19596895296848e-10	3.195769912267444e-10	3.1907301532135957e-10	3.189656186981205e-10	3.187176574149211e-10	3.1848239520541644e-10	3.181750345445299e-10	3.1779090214362e-10
Pi	X	3	8	1.7477916687926622e-10	1.7485212873461102e-10	1.7554341932160352e-10	1.7547094998244336e-10	1.7563384476654071e-10	1.7615538520754391e-10	1.761956026356529e-10	1.7685235422441407e-10	1.7675951016400516e-10	1.769245442854459e-10	1.773798781120731e-10	1.774005244164298e-10	1.7797674731819198e-10	1.7789917932373978e-10	1.780686872455225e-10	1.7843076254085446e-10	1.784524777481382e-10	1.7893154905367208e-10	1.7885824702618026e-10	1.7900841885417686e-10	1.792897736351473e-10	1.792898700426738e-10	1.7968890504804108e-10	1.7952857265958343e-10	1.7976093321476007e-10	1.7994671218671795e-10	1.7992312155420408e-10	1.8018645259044883e-10	1.8011697832750422e-10	1.8025554379770532e-10	1.803965877619211e-10	1.8035448033770176e-10	1.8055988890596595e-10	1.8048339310035988e-10	1.8058247070610518e-10	1.8063534478591718e-10	1.8059206353399596e-10	1.8073014130887746e-10	1.8065077589235087e-10	1.8070936016589346e-10	1.8068208775090997e-10	1.80631229454639e-10	1.8071115093837209e-10	1.806403001187739e-10	1.806522046068365e-10	1.8055814737633812e-10	1.8050079335885128e-10	1.8052689538088011e-10	1.8046072769003017e-10	1.804397277909068e-10	1.80289168063156e-10	1.8023040501881616e-10	1.8021059921575833e-10	1.8014621675458422e-10	1.8010164858167935e-10	1.7990913965534767e-10	1.7985387293830534e-10	1.7979798723965963e-10	1.797423124590599e-10	1.7967733144311219e-10	1.7947860282599836e-10	1.7940921592618369e-10	1.7932943626222864e-10	1.792834315543413e-10	1.7920794052362114e-10	1.789882963885356e-10	1.7893917528887678e-10	1.7884416655583418e-10	1.7881001798980324e-10	1.787364035942293e-10	1.785073784857205e-10	1.7848533063273509e-10	1.7838327177990428e-10	1.7836425553724892e-10	1.7829515220351821e-10	1.7807255568736046e-10	1.7808013051318953e-10	1.7797560757804919e-10	1.7798374513487764e-10	1.7791983767003115e-10	1.777189772420411e-10	1.7775285902841664e-10	1.776527048439779e-10	1.7768420761448669e-10	1.7762824278915576e-10	1.774311590893424e-10	1.7752218318755702e-10	1.7743669067088442e-10	1.7748617755302055e-10	1.7743998668560174e-10	1.7728506099338897e-10	1.773922627112184e-10	1.773550531066126e-10	1.7739357520692727e-10	1.7738327397621062e-10	1.7727561026161453e-10	1.7736770740361648e-10	1.7733362364158954e-10	1.7739699481582338e-10	1.77414549860925e-10	1.7733866062305212e-10	1.7744462833373423e-10	1.7740790390234687e-10	1.774580755503796e-10	1.775343993085006e-10	1.7748157938436822e-10	1.775895291020908e-10	1.7757793666388923e-10	1.7762986027095243e-10	1.7771694678648802e-10	1.7768630363917585e-10	1.7779692794646402e-10	1.777808262418114e-10	1.7783031791144218e-10	1.779466502285189e-10	1.7793175407143241e-10	1.7803987059310442e-10	1.7802297627760996e-10	1.7809171863207388e-10	1.7818194575749267e-10	1.7819617230829683e-10
Pi	X	0	6	7.328293310557447e-11	7.323308594357468e-11	7.308307030039781e-11	7.28863628644229e-11	7.280796988615811e-11	7.255140599875575e-11	7.249506555387127e-11	7.213746479452448e-11	7.208516617031324e-11	7.184107394962923e-11	7.163246951751646e-11	7.14943039595348e-11	7.115968405671719e-11	7.110554036360523e-11	7.06323002595439e-11	7.056787960446562e-11	7.024375522525274e-11	7.003443437402996e-11	6.983462603941688e-11	6.944461823329555e-11	6.926277631663697e-11	6.880460557047118e-11	6.87467230243311e-11	6.834860464329488e-11	6.816635623718126e-11	6.79134104891304e-11	6.749224905249357e-11	6.728781880739734e-11	6.682295871468312e-11	6.671713360593325e-11	6.629453499377627e-11	6.612255233785245e-11	6.583201812163793e-11	6.540611991627957e-11	6.512107434989517e-11	6.472028473207369e-11	6.458773785330931e-11	6.417111710629802e-11	6.401155005093249e-11	6.370288593599441e-11	6.329335217684551e-11	6.299324113817937e-11	6.262220055727284e-11	6.246582524711269e-11	6.208109300785961e-11	6.185371180227268e-11	6.161456743691297e-11	6.125030914070566e-11	6.094432020545876e-11	6.061962070603097e-11	6.045880311221089e-11	6.004005192709853e-11	5.989406154091486e-11	5.965844684309065e-11	5.935890727492862e-11	5.904980496762706e-11	5.878194068532166e-11	5.86030071972542e-11	5.827415173531866e-11	5.811955204704024e-11	5.7894922375152436e-11	5.76491693090545e-11	5.736193647129735e-11	5.7155058060939504e-11	5.6960269506073225e-11	5.67331949607992e-11	5.656829942758762e-11	5.6360722941235426e-11	5.616582436410577e-11	5.5910043185088114e-11	5.5760662929801063e-11	5.5525083637929217e-11	5.543826353451306e-11	5.5253361619634946e-11	5.5073923866764074e-11	5.491438538014771e-11	5.469644265036671e-11	5.459504192524515e-11	5.4353030822949496e-11	5.434603284079774e-11	5.416192732116503e-11	5.401877692629321e-11	5.387479811546397e-11	5.369906629652154e-11	5.3628771376410723e-11	5.339140270195155e-11	5.3449137474743904e-11	5.325533441137166e-11	5.315521495365945e-11	5.3000854667164306e-11	5.286929019743562e-11	5.2813374087881535e-11	5.2586619646873556e-11	5.267246762163743e-11	5.2472250735824324e-11	5.24052078748344e-11	5.222570593792295e-11	5.213708523197725e-11	5.206728857665213e-11	5.186609825364857e-11	5.1937589090790066e-11	5.1686995869936055e-11	5.170410319144542e-11	5.147276517247859e-11	5.142171808450274e-11	5.131554709212588e-11	5.1149797475060274e-11	5.116634805324692e-11	5.0945127372325226e-11	5.0939560268689536e-11	5.066961899510215e-11	5.064865515758566e-11	5.0491515874777703e-11	5.036764901686888e-11	5.029520359244392e-11	5.0115024086979793e-11	5.006720085212417e-11	4.97646984648681e-11	4.976367468454625e-11	4.954841109678743e-11	4.946908609042548e-11
Pi	X	1	7	1.0293985071643811e-10	1.0292819421327254e-10	1.0292003341835729e-10	1.0297243274060202e-10	1.0301520653311966e-10	1.0307343545566856e-10	1.0310219945207263e-10	1.0315076224065508e-10	1.0320656522100728e-10	1.031997424785824e-10	1.0328016910794608e-10	1.0331146674100867e-10	1.0343732293487459e-10	1.0344933148782455e-10	1.0344890400175312e-10	1.0355139132570515e-10	1.0358906384377397e-10	1.0366770107306342e-10	1.0370793358985722e-10	1.037948621895616e-10	1.0386927231644918e-10	1.0387257450268351e-10	1.0396976508933103e-10	1.0399353648662187e-10	1.0411921695737949e-10	1.041692434975581e-10	1.0421270993349974e-10	1.0428483170294914e-10	1.0433309218294866e-10	1.0442153442960679e-10	1.0444682078841129e-10	1.04554444443627e-10	1.0462379393508581e-10	1.0464908399345773e-10	1.0473494610274958e-10	1.0479285447963721e-10	1.0487462785690121e-10	1.0491753584626587e-10	1.0500612137129895e-10	1.0502823205438595e-10	1.0508543078544175e-10	1.0516168012933082e-10	1.05183798890402e-10	1.0531923461820612e-10	1.0534965543505734e-10	1.0539787673890107e-10	1.0546020476237302e-10	1.0551012835122863e-10	1.0559067682901261e-10	1.0563255394023777e-10	1.0571564557030811e-10	1.0575272118696255e-10	1.0579117856683413e-10	1.0588627555561455e-10	1.0590318830688422e-10	1.0603462951910873e-10	1.0607622863668837e-10	1.061211020510805e-10	1.0622663453658789e-10	1.0624385184007767e-10	1.0634852410386103e-10	1.06389384689249e-10	1.0650020496380947e-10	1.0658010420798747e-10	1.0658844342734232e-10	1.0673908487520106e-10	1.0674927116472431e-10	1.0688711092824404e-10	1.0696900907894785e-10	1.0705822120194359e-10	1.072069383540958e-10	1.071920279228076e-10	1.0738184875232303e-10	1.0739092683706447e-10	1.0752220256921732e-10	1.0764317590451314e-10	1.076687493678785e-10	1.079376385839612e-10	1.079032625893137e-10	1.0807423059830696e-10	1.0814688502205594e-10	1.0828117936523307e-10	1.0846986165899206e-10	1.0842387812245706e-10	1.0866208999324507e-10	1.0866078012355618e-10	1.0882515791423993e-10	1.0893226479356789e-10	1.089919956833832e-10	1.0927326381945578e-10	1.092110833024788e-10	1.0939450060110271e-10	1.0944276773609398e-10	1.0954267639620834e-10	1.0977172318906994e-10	1.0970168281677862e-10	1.0992401314574791e-10	1.0988788511100126e-10	1.1001830783435026e-10	1.1009856987928356e-10	1.1016671050692879e-10	1.103921712801656e-10	1.1029788596226842e-10	1.1044073757362941e-10	1.1042312102115025e-10	1.1050500628747057e-10	1.1055249286782165e-10	1.1058356651656422e-10	1.1071821220776211e-10	1.1063812299941829e-10	1.1070497672717895e-10	1.1071486831983442e-10	1.1085781938590238e-10	1.108725942300999e-10	1.1078311642230487e-10	1.1084212622598542e-10	1.1074972524889325e-10	1.1079870363117563e-10	1.1073592040191656e-10	1.1079276117153238e-10	1.1080906786198911e-10
Pi	X	2	8	1.6146994988528283e-13	1.6167431515295063e-13	1.6199505464851678e-13	1.6221282590295083e-13	1.623281276724186e-13	1.6256793865962417e-13	1.6268501056055372e-13	1.630094796559787e-13	1.6309013553453745e-13	1.6328592990738903e-13	1.63415845444221e-13	1.6343336660386141e-13	1.6372029160085532e-13	1.6368736961094151e-13	1.638655966931277e-13	1.6397459953940922e-13	1.639342614853365e-13	1.641217206379342e-13	1.639961962654768e-13	1.6414033754228263e-13	1.641649140047858e-13	1.641291314115099e-13	1.641601256289113e-13	1.6403581916272451e-13	1.6417277224207024e-13	1.6403982242464685e-13	1.6402383039704886e-13	1.639804266538434e-13	1.6381525915447507e-13	1.6393020926595606e-13	1.6362316900276136e-13	1.6364766927740838e-13	1.63583037110141e-13	1.6338179007957087e-13	1.6343299554386763e-13	1.6310132990946738e-13	1.6311298879486035e-13	1.629915398236505e-13	1.6281080417352107e-13	1.6277404695337272e-13	1.6243985910095107e-13	1.6241962102347816e-13	1.6215923700133424e-13	1.6211255082731588e-13	1.618955484915369e-13	1.6169718383022952e-13	1.6164620251510707e-13	1.6136928578919568e-13	1.6133466580542665e-13	1.6105956551605174e-13	1.609304143469891e-13	1.608377725199519e-13	1.6049996201134674e-13	1.6053622131547924e-13	1.6025780546544106e-13	1.6017498595356796e-13	1.6000685807538485e-13	1.5981850656811606e-13	1.5970838085301827e-13	1.5951370734894182e-13	1.5946735431990113e-13	1.5928511810995277e-13	1.5916010006558598e-13	1.5904896652518084e-13	1.5881192391403735e-13	1.588453177279373e-13	1.586683532150693e-13	1.5859479462914827e-13	1.5847974143315674e-13	1.582707868932849e-13	1.58313349985492e-13	1.58065191006076e-13	1.5813032337873957e-13	1.580221447731252e-13	1.5785287169193976e-13	1.5788802003738032e-13	1.5765815648968747e-13	1.5777752144574874e-13	1.5757474986720572e-13	1.5760421474074874e-13	1.575325739312488e-13	1.5733160782993652e-13	1.5749156309904955e-13	1.5728015295246128e-13	1.5735650147683296e-13	1.5723859071084075e-13	1.570706549358539e-13	1.572487963402618e-13	1.5703223694782364e-13	1.5713283084425774e-13	1.5699915478863583e-13	1.5691248850409132e-13	1.570312909043638e-13	1.5672619731744874e-13	1.5689845106829266e-13	1.5675688897803335e-13	1.5669500886037782e-13	1.566493691803849e-13	1.5650690495664244e-13	1.5662837433094153e-13	1.563790025113988e-13	1.5640526192115568e-13	1.5634181811714666e-13	1.5622063603484592e-13	1.562899091894151e-13	1.5606123822708015e-13	1.560909617675378e-13	1.5601909373079247e-13	1.558444529759589e-13	1.5586816058189127e-13	1.5564599436644237e-13	1.5562625343019832e-13	1.5549206769983495e-13	1.5537827428094084e-13	1.5536859766229961e-13	1.5512357716062145e-13	1.550713664880638e-13	1.549508109955362e-13	1.548364368520696e-13	1.5468700667989941e-13	1.5450025463120239e-13
Pi	X	0	7	2.819711273210891e-10	2.817793309907766e-10	2.812021134030485e-10	2.8044524206616207e-10	2.801436097585577e-10	2.7915642769322273e-10	2.789396450220779e-10	2.7756370077674055e-10	2.7736247269952275e-10	2.764232749827735e-10	2.756206294849152e-10	2.750890072527776e-10	2.738014894942696e-10	2.735931570682773e-10	2.71772265929534e-10	2.715243952599069e-10	2.7027725650001935e-10	2.6947185547705506e-10	2.687030471256118e-10	2.6720241272430916e-10	2.665027345967458e-10	2.647398261787981e-10	2.645171080857988e-10	2.6298525856764394e-10	2.622840272924139e-10	2.613107590265336e-10	2.596902538025527e-10	2.5890366033227677e-10	2.571150128864195e-10	2.567078233928443e-10	2.5508178098404175e-10	2.5442004781864066e-10	2.5330214851574946e-10	2.516634164112865e-10	2.50566635493476e-10	2.490245125241267e-10	2.485145037924627e-10	2.4691146294765394e-10	2.462974998205624e-10	2.45109840272434e-10	2.4353407276849195e-10	2.423793230355766e-10	2.409516642259617e-10	2.4034996938813975e-10	2.388696273109526e-10	2.37994726875385e-10	2.370745648822439e-10	2.3567300273946006e-10	2.3449563606268205e-10	2.332462831399167e-10	2.3262749367334021e-10	2.3101626091287924e-10	2.304545248562526e-10	2.2954794432741398e-10	2.283953997147621e-10	2.2720605410003345e-10	2.2617538589694495e-10	2.254868916837946e-10	2.242215522211497e-10	2.2362668912760642e-10	2.2276237636299414e-10	2.2181678561322284e-10	2.2071158835685284e-10	2.1991557576871935e-10	2.1916607653769644e-10	2.1829236100868226e-10	2.1765788212023107e-10	2.1685918593747928e-10	2.161092679095566e-10	2.1512508918716467e-10	2.1455031283259864e-10	2.1364386574835004e-10	2.1330980691830354e-10	2.1259834984222873e-10	2.119079237900199e-10	2.112940613823709e-10	2.1045547581786115e-10	2.100653113401052e-10	2.0913411819793387e-10	2.091071914889445e-10	2.083988000165555e-10	2.0784799786226396e-10	2.072940055788221e-10	2.066178371186164e-10	2.0634735948756605e-10	2.0543403084148166e-10	2.0565617777334754e-10	2.049104741028912e-10	2.0452524316650238e-10	2.039313071346777e-10	2.03425083898395e-10	2.03209932662599e-10	2.0233744661961332e-10	2.026677658998155e-10	2.0189738575815097e-10	2.0163942440114369e-10	2.0094875188566678e-10	2.0060776577493202e-10	2.003392079246587e-10	1.9956508705561229e-10	1.9984016592774012e-10	1.9887595122580633e-10	1.9894178070277483e-10	1.9805165759290093e-10	1.978552458463839e-10	1.9744673218686447e-10	1.9680897844627077e-10	1.968726649737386e-10	1.9602146987116816e-10	1.9600005507882836e-10	1.9496139945722326e-10	1.9488074103153278e-10	1.942761193019168e-10	1.9379951961794135e-10	1.9352077665977053e-10	1.9282749872199497e-10	1.9264349489701981e-10	1.9147955552495113e-10	1.9147562180091018e-10	1.9064735728622657e-10	1.9034214262105164e-10
Pi	X	1	8	3.001641702246985e-11	3.001301812863474e-11	3.0010638183583866e-11	3.002591706164227e-11	3.003838975332232e-11	3.005536835834202e-11	3.006375564638376e-11	3.007791543231236e-11	3.009418730449225e-11	3.0092197439785596e-11	3.0115649123004294e-11	3.0124775216145686e-11	3.0161473473035e-11	3.0164974859970845e-11	3.016484939653213e-11	3.0194734030918273e-11	3.0205718627980976e-11	3.0228648798573175e-11	3.024037996754496e-11	3.0265727326404233e-11	3.0287424357053745e-11	3.0288386701134e-11	3.031672651170326e-11	3.03236575071673e-11	3.0360305256347576e-11	3.037489208384234e-11	3.038756620720874e-11	3.040859571981064e-11	3.042266777761193e-11	3.044845636249471e-11	3.0455829161777807e-11	3.048721165385145e-11	3.050743268475232e-11	3.0514806768442306e-11	3.053984260861844e-11	3.055672786771699e-11	3.0580571626122053e-11	3.0593082874577444e-11	3.061891388877908e-11	3.062536009027555e-11	3.064203858339526e-11	3.0664271241083105e-11	3.067072051727481e-11	3.071021149067325e-11	3.0719081681019076e-11	3.073314202630385e-11	3.0751315734337176e-11	3.076587273121091e-11	3.078935878868891e-11	3.0801569335612656e-11	3.082579689431361e-11	3.083660766657696e-11	3.084782080680568e-11	3.0875549569709606e-11	3.088048077601791e-11	3.091880647951742e-11	3.093093584403159e-11	3.09440191989853e-11	3.0974791447585533e-11	3.0979810870277045e-11	3.101033170731231e-11	3.102224556612735e-11	3.1054558453683666e-11	3.1077855566493156e-11	3.1080285864207285e-11	3.112421155007209e-11	3.1127180486369024e-11	3.116737263255711e-11	3.1191252395135244e-11	3.121726470971309e-11	3.126062841777051e-11	3.125627935084918e-11	3.131162934394098e-11	3.131427483024957e-11	3.1352553067380886e-11	3.138782647609344e-11	3.1395282588474234e-11	3.147368728354937e-11	3.146366223975351e-11	3.151351499804513e-11	3.1534698521629585e-11	3.157385716341049e-11	3.162887384541284e-11	3.161546447683746e-11	3.168492403476052e-11	3.1684540744161985e-11	3.173247184321308e-11	3.1763701301130326e-11	3.178111802665281e-11	3.186313181431229e-11	3.184499975199156e-11	3.18984817607867e-11	3.191255472326122e-11	3.194168712852077e-11	3.200847364420098e-11	3.198804989322405e-11	3.2052878009156065e-11	3.2042342761858484e-11	3.208037192926469e-11	3.2103774570584435e-11	3.2123643857282734e-11	3.2189384288063923e-11	3.216189152110925e-11	3.220354428006667e-11	3.219840697686397e-11	3.222228312675531e-11	3.2236128870601233e-11	3.224518967652452e-11	3.228444968688276e-11	3.2261096286927144e-11	3.228058863451183e-11	3.228347278310204e-11	3.232515553574205e-11	3.232946325880451e-11	3.2303371761252193e-11	3.232057739696122e-11	3.229363393896455e-11	3.230791415481813e-11	3.228960711265483e-11	3.2306181075152895e-11	3.2310935556588553e-11
Pi	X	0	8	1.2900276606896541e-11	1.2891501900950577e-11	1.2865093916911418e-11	1.2830466836058584e-11	1.2816667091703491e-11	1.277150317840032e-11	1.276158523447913e-11	1.2698635214018045e-11	1.2689429039933753e-11	1.2646460280938977e-11	1.2609739114258069e-11	1.2585417119647016e-11	1.252651278655051e-11	1.2516981334768513e-11	1.2433674801437838e-11	1.242233468333808e-11	1.2365277471188517e-11	1.232843029007377e-11	1.2293256805487802e-11	1.2224602296607779e-11	1.2192591580518745e-11	1.2111937790263974e-11	1.2101748205975178e-11	1.203166519725389e-11	1.1999583964822824e-11	1.195505622913144e-11	1.1880917547264939e-11	1.184493031942846e-11	1.1763098940206781e-11	1.1744469599078456e-11	1.1670077224275243e-11	1.1639802971077876e-11	1.1588658231600312e-11	1.1513685604611201e-11	1.1463507022600886e-11	1.139295423203595e-11	1.136962078876964e-11	1.12962807683102e-11	1.126819193485667e-11	1.1213855553821061e-11	1.1141763531220145e-11	1.1088932790504849e-11	1.1023616707097148e-11	1.0996088527042427e-11	1.0928362076579047e-11	1.0888334852197162e-11	1.0846236876770454e-11	1.0782114746433695e-11	1.0728249246419452e-11	1.0671090672586714e-11	1.0642780306664107e-11	1.0569065770123284e-11	1.0543365750587674e-11	1.0501889148906517e-11	1.0449159604128983e-11	1.039474608339948e-11	1.0347592389102066e-11	1.0316093000717353e-11	1.0258203254297008e-11	1.0230987612771124e-11	1.0191444806773345e-11	1.0148183435907474e-11	1.0097619785497501e-11	1.0061201664497432e-11	1.0026911305497929e-11	9.98693853735501e-12	9.95791043877286e-12	9.921369661206711e-12	9.88706036705025e-12	9.842033446735866e-12	9.815736973818282e-12	9.7742663390679e-12	9.75898299925312e-12	9.726433145385816e-12	9.694845792386678e-12	9.666761110445469e-12	9.628395224539028e-12	9.610544847824235e-12	9.567942154327226e-12	9.566710221486769e-12	9.534300684984242e-12	9.509101215243618e-12	9.483755665639986e-12	9.452820515653655e-12	9.44044589706772e-12	9.398660599806374e-12	9.408823925695043e-12	9.374707397375116e-12	9.357082910499229e-12	9.329909975641633e-12	9.306749991588889e-12	9.296906622833764e-12	9.256989995960032e-12	9.2721022954343e-12	9.23685691054286e-12	9.225055079910363e-12	9.193456475827588e-12	9.177856255507773e-12	9.165569596719583e-12	9.130153308888739e-12	9.142738421211059e-12	9.098624975122919e-12	9.10163697147629e-12	9.060913402534432e-12	9.051927616327768e-12	9.033238026006862e-12	9.004060667641003e-12	9.006974585365574e-12	8.968031960063481e-12	8.96705251260341e-12	8.919533600991897e-12	8.915843660479641e-12	8.88818220138721e-12	8.866377773408556e-12	8.853625468444029e-12	8.821907747793004e-12	8.813489801098376e-12	8.760239204715136e-12	8.760059507264106e-12	8.722166432851569e-12	8.708202983420817e-12
