Upper State	Lower State	Upper Vib	Lower Vib	v = -30.0 km/s	v = -29.5 km/s	v = -29.0 km/s	v = -28.5 km/s	v = -28.0 km/s	v = -27.5 km/s	v = -27.0 km/s	v = -26.5 km/s	v = -26.0 km/s	v = -25.5 km/s	v = -25.0 km/s	v = -24.5 km/s	v = -24.0 km/s	v = -23.5 km/s	v = -23.0 km/s	v = -22.5 km/s	v = -22.0 km/s	v = -21.5 km/s	v = -21.0 km/s	v = -20.5 km/s	v = -20.0 km/s	v = -19.5 km/s	v = -19.0 km/s	v = -18.5 km/s	v = -18.0 km/s	v = -17.5 km/s	v = -17.0 km/s	v = -16.5 km/s	v = -16.0 km/s	v = -15.5 km/s	v = -15.0 km/s	v = -14.5 km/s	v = -14.0 km/s	v = -13.5 km/s	v = -13.0 km/s	v = -12.5 km/s	v = -12.0 km/s	v = -11.5 km/s	v = -11.0 km/s	v = -10.5 km/s	v = -10.0 km/s	v = -9.5 km/s	v = -9.0 km/s	v = -8.5 km/s	v = -8.0 km/s	v = -7.5 km/s	v = -7.0 km/s	v = -6.5 km/s	v = -6.0 km/s	v = -5.5 km/s	v = -5.0 km/s	v = -4.5 km/s	v = -4.0 km/s	v = -3.5 km/s	v = -3.0 km/s	v = -2.5 km/s	v = -2.0 km/s	v = -1.5 km/s	v = -1.0 km/s	v = -0.5 km/s	v = 0.0 km/s	v = 0.5 km/s	v = 1.0 km/s	v = 1.5 km/s	v = 2.0 km/s	v = 2.5 km/s	v = 3.0 km/s	v = 3.5 km/s	v = 4.0 km/s	v = 4.5 km/s	v = 5.0 km/s	v = 5.5 km/s	v = 6.0 km/s	v = 6.5 km/s	v = 7.0 km/s	v = 7.5 km/s	v = 8.0 km/s	v = 8.5 km/s	v = 9.0 km/s	v = 9.5 km/s	v = 10.0 km/s	v = 10.5 km/s	v = 11.0 km/s	v = 11.5 km/s	v = 12.0 km/s	v = 12.5 km/s	v = 13.0 km/s	v = 13.5 km/s	v = 14.0 km/s	v = 14.5 km/s	v = 15.0 km/s	v = 15.5 km/s	v = 16.0 km/s	v = 16.5 km/s	v = 17.0 km/s	v = 17.5 km/s	v = 18.0 km/s	v = 18.5 km/s	v = 19.0 km/s	v = 19.5 km/s	v = 20.0 km/s	v = 20.5 km/s	v = 21.0 km/s	v = 21.5 km/s	v = 22.0 km/s	v = 22.5 km/s	v = 23.0 km/s	v = 23.5 km/s	v = 24.0 km/s	v = 24.5 km/s	v = 25.0 km/s	v = 25.5 km/s	v = 26.0 km/s	v = 26.5 km/s	v = 27.0 km/s	v = 27.5 km/s	v = 28.0 km/s	v = 28.5 km/s	v = 29.0 km/s	v = 29.5 km/s	v = 30.0 km/s
X	X	7	0	5.534332243930522e-19	5.537549769054727e-19	5.551412090933626e-19	5.550003470034388e-19	5.554098119620489e-19	5.563650741220326e-19	5.565656759749139e-19	5.576597660036145e-19	5.57571783406898e-19	5.57894849908985e-19	5.587409416451012e-19	5.587330233677727e-19	5.598295731373587e-19	5.597081217335251e-19	5.598087653556545e-19	5.605446624744156e-19	5.604325741254289e-19	5.613454686355569e-19	5.610961537967401e-19	5.613189974622893e-19	5.617416793799526e-19	5.614194732317281e-19	5.622719685848368e-19	5.617078958832564e-19	5.621436448311688e-19	5.622891581036664e-19	5.620201869284432e-19	5.625120001446317e-19	5.619468978634262e-19	5.622553584467724e-19	5.621790190189933e-19	5.620510446414974e-19	5.622720333072636e-19	5.617629893490813e-19	5.618387832042994e-19	5.616387694952766e-19	5.614744605552028e-19	5.614463423106763e-19	5.612090912105553e-19	5.61079222444534e-19	5.606606418532941e-19	5.603759224599825e-19	5.60152525262642e-19	5.600561807518964e-19	5.597413121785648e-19	5.593063936518019e-19	5.590776832552515e-19	5.587019088506299e-19	5.584474005972097e-19	5.580075613586628e-19	5.576483816076304e-19	5.572381886910041e-19	5.568930164268588e-19	5.567125810360016e-19	5.562871045660961e-19	5.557257570094983e-19	5.553578994662973e-19	5.550306638314443e-19	5.546775052826003e-19	5.543984928576661e-19	5.537776033497668e-19	5.534657672001056e-19	5.5308143073614e-19	5.527771084061444e-19	5.523645566375752e-19	5.518262208723508e-19	5.515316591918395e-19	5.512386822317588e-19	5.50799378132641e-19	5.5049583433005895e-19	5.500076878959763e-19	5.496420138178787e-19	5.494774831952228e-19	5.49077314751937e-19	5.488400705538884e-19	5.484300571164692e-19	5.47970974608069e-19	5.47863807908363e-19	5.476054876762004e-19	5.474678512478326e-19	5.469945493590331e-19	5.466986429707124e-19	5.466128208868683e-19	5.463898758515166e-19	5.461996676639865e-19	5.456070977274195e-19	5.458744794989796e-19	5.455315497942197e-19	5.454847328415679e-19	5.452821866809362e-19	5.448642242159381e-19	5.44973485447196e-19	5.446907665253495e-19	5.447885867926604e-19	5.446297744353246e-19	5.44331944767869e-19	5.444776025602225e-19	5.441137419383504e-19	5.442110522420136e-19	5.441057618422226e-19	5.43871069498226e-19	5.439818401232168e-19	5.437746642408303e-19	5.43708812568661e-19	5.439143718173465e-19	5.434789418459479e-19	5.436277019254283e-19	5.436387806590189e-19	5.433357755979584e-19	5.4358501686063415e-19	5.432135620608092e-19	5.433033362172397e-19	5.432097757367226e-19	5.430598757918693e-19	5.432322212097936e-19	5.429282430050351e-19	5.429648977305414e-19	5.42744304192408e-19	5.428138695587064e-19	5.425881840495753e-19	5.425543425081329e-19
X	X	8	1	6.305713931245002e-19	6.306268103212441e-19	6.319264051586738e-19	6.316013960140559e-19	6.319022087592696e-19	6.329348164901262e-19	6.329010370050364e-19	6.339131739898703e-19	6.336785386084173e-19	6.339280667383125e-19	6.349210658609496e-19	6.349144070200079e-19	6.359941222231022e-19	6.360433511497178e-19	6.360822796091448e-19	6.367432883321401e-19	6.369251600983481e-19	6.378685535487449e-19	6.378034404610374e-19	6.382509510274416e-19	6.38669913817033e-19	6.387666906514141e-19	6.394936064266369e-19	6.393163308708657e-19	6.399277256725108e-19	6.40054455682697e-19	6.4027872363477725e-19	6.4107699086457805e-19	6.407756424171966e-19	6.4122345990823585e-19	6.415467495824947e-19	6.416048891510534e-19	6.42086944786859e-19	6.419142504227995e-19	6.4234889679528885e-19	6.427498190507077e-19	6.425254958135457e-19	6.429563514892207e-19	6.430892279329322e-19	6.431836536516669e-19	6.432164047545703e-19	6.43278048844566e-19	6.43543976542715e-19	6.438207759852054e-19	6.439301934412251e-19	6.436995185495298e-19	6.438788931552524e-19	6.439776911022639e-19	6.440384291947344e-19	6.439523943672828e-19	6.439228403790409e-19	6.440822226256263e-19	6.440128251474094e-19	6.440412357853955e-19	6.441094099468335e-19	6.440611813582854e-19	6.439702064496323e-19	6.4389728924657e-19	6.440383078649903e-19	6.442286265709553e-19	6.437510304936277e-19	6.439155128156941e-19	6.439604596531785e-19	6.440225667459636e-19	6.438584539951025e-19	6.435843882955146e-19	6.437213271165356e-19	6.439364161721394e-19	6.433443765822614e-19	6.437547291741807e-19	6.43625216190658e-19	6.436750991744577e-19	6.4380063871045355e-19	6.434255452888257e-19	6.437445688145858e-19	6.437711851350542e-19	6.433463626107287e-19	6.436207450902423e-19	6.43982807772868e-19	6.439186434070029e-19	6.439414561841369e-19	6.4380073400403315e-19	6.441982435421328e-19	6.443366613771772e-19	6.441699435504354e-19	6.439993474951476e-19	6.449582324214174e-19	6.446599573572515e-19	6.449897379283676e-19	6.451516436633427e-19	6.45206525903627e-19	6.455242310701797e-19	6.45469520375568e-19	6.461096075897822e-19	6.463545853175541e-19	6.463936741771224e-19	6.472167841893524e-19	6.468868943425581e-19	6.475627649267653e-19	6.476353085345433e-19	6.477289032854277e-19	6.4846898525356e-19	6.486334746431972e-19	6.491605585331185e-19	6.497946478869059e-19	6.4961613418941e-19	6.503347123137817e-19	6.508172878725045e-19	6.5072164586501375e-19	6.514780021386565e-19	6.521759851011743e-19	6.519875774311521e-19	6.528497331082172e-19	6.529912194314264e-19	6.536509984490121e-19	6.540291958569393e-19	6.541561171569618e-19	6.548021327129292e-19	6.556233620089049e-19	6.553331632210564e-19	6.56028005651477e-19
X	X	6	0	1.0493335173234547e-16	1.0498909091344892e-16	1.0528001084800086e-16	1.05285581874253e-16	1.0537504436358874e-16	1.0560172306984406e-16	1.0564177485482735e-16	1.059251630033673e-16	1.0591420288690748e-16	1.0599942821556973e-16	1.0619786444055151e-16	1.0621440857901038e-16	1.0648491731199948e-16	1.0645888020538159e-16	1.0653915038930699e-16	1.0670705564625369e-16	1.0671843062488002e-16	1.06934452330464e-16	1.0690391523480458e-16	1.0699309883650234e-16	1.0711490820845756e-16	1.0710712614899965e-16	1.0728542092608556e-16	1.0721526170329343e-16	1.0734015379237977e-16	1.074068665140023e-16	1.0740122817714105e-16	1.0751648593690167e-16	1.0747459971067521e-16	1.0755491890522303e-16	1.0758593903917384e-16	1.0758992274293646e-16	1.0767578701248264e-16	1.0762821411746675e-16	1.0768352759861491e-16	1.076854412845816e-16	1.0768254108114726e-16	1.0772917132192268e-16	1.0770205384295919e-16	1.0771871220159151e-16	1.0768565479159966e-16	1.076771149643576e-16	1.076797529590628e-16	1.0768064820252033e-16	1.0766558698519813e-16	1.0761834146012734e-16	1.0760339667975623e-16	1.0758676094471367e-16	1.0757605569154703e-16	1.0754233109213823e-16	1.0749152670571837e-16	1.0746311934553534e-16	1.0742665956360973e-16	1.0742553608139374e-16	1.0737774325137297e-16	1.0732376736578145e-16	1.0728977259225034e-16	1.0725671805917839e-16	1.0724319794217947e-16	1.0719953399843792e-16	1.0713611973423686e-16	1.0710052664239541e-16	1.0707350444219385e-16	1.0705880112885049e-16	1.0700395294288805e-16	1.069489968471766e-16	1.0691602306804706e-16	1.0689400966183076e-16	1.0687742985876558e-16	1.0684624058407874e-16	1.067885060484682e-16	1.0675045736191402e-16	1.0675216792880472e-16	1.0672772265850444e-16	1.0670866018771231e-16	1.0665206958912022e-16	1.0662694456006402e-16	1.0664748149208772e-16	1.0661931149725346e-16	1.0662875243456998e-16	1.0655820302482597e-16	1.0656649978607013e-16	1.0658027121356282e-16	1.0655597443888577e-16	1.0658159562576134e-16	1.0649016324421881e-16	1.0654180969573874e-16	1.0653863080678075e-16	1.0654282400992347e-16	1.065813833231438e-16	1.0649705030165175e-16	1.0655666580524934e-16	1.0655494264890973e-16	1.065611581589484e-16	1.0660521648093388e-16	1.0653778693546688e-16	1.0660608619904814e-16	1.0656932027672116e-16	1.0660313389001235e-16	1.0662680007549515e-16	1.065852236517924e-16	1.066641475386005e-16	1.0661873668542902e-16	1.0664823980098467e-16	1.0668094078301555e-16	1.0664060923847118e-16	1.0669017127128057e-16	1.0668562346261988e-16	1.0669634142376982e-16	1.0671919619610279e-16	1.0669002163365494e-16	1.0672249438123537e-16	1.0672809050166162e-16	1.0672643550848846e-16	1.0675055168424845e-16	1.0672524762413942e-16	1.0673461224199744e-16	1.0672177204956404e-16	1.0672217591270221e-16	1.0673602209090323e-16	1.0672549732288222e-16
X	X	7	1	1.0029403132453177e-17	1.0035233984591695e-17	1.0060355505742974e-17	1.0057802785513586e-17	1.006522316980569e-17	1.0082534590020082e-17	1.0086169931331967e-17	1.0105997214613843e-17	1.010440277388318e-17	1.0110257442764544e-17	1.0125590451506785e-17	1.012544695547583e-17	1.0145318805971005e-17	1.0143117847048297e-17	1.0144941740949279e-17	1.0158277780428102e-17	1.015624650365212e-17	1.0172790115188088e-17	1.0168271996178456e-17	1.0172310406817911e-17	1.0179970323259527e-17	1.0174131259201358e-17	1.0189580316286038e-17	1.0179358112757841e-17	1.0187254809425835e-17	1.0189891836996016e-17	1.0185017499606242e-17	1.0193930226685924e-17	1.0183689359363233e-17	1.0189279335167301e-17	1.0187895912902832e-17	1.018557672857685e-17	1.0189581534830428e-17	1.0180356563816256e-17	1.0181730124997204e-17	1.0178105451847697e-17	1.0175127831427704e-17	1.0174618276007728e-17	1.0170318766023737e-17	1.0167965283672024e-17	1.0160379702780304e-17	1.0155219993835741e-17	1.0151171561109242e-17	1.0149425608803497e-17	1.0143719515621709e-17	1.0135837862119982e-17	1.0131693148592614e-17	1.0124883309794996e-17	1.0120271095688811e-17	1.0112300269867616e-17	1.010579117945058e-17	1.0098357602032192e-17	1.0092102348706906e-17	1.0088832483313717e-17	1.0081121940872166e-17	1.0070949136286716e-17	1.0064282777952123e-17	1.0058352587661155e-17	1.0051952592954512e-17	1.0046896306207121e-17	1.0035644459093402e-17	1.002999332979074e-17	1.00230283492556e-17	1.0017513386882178e-17	1.0010037086647308e-17	1.0000281277419754e-17	9.994943209781754e-18	9.989633846826276e-18	9.981672727140613e-18	9.976171881289118e-18	9.967325629805863e-18	9.960698851646746e-18	9.957717200039e-18	9.950465313989924e-18	9.94616594757712e-18	9.938735640669407e-18	9.930416094762438e-18	9.928474017601345e-18	9.923792721402645e-18	9.921298450415268e-18	9.91272122983117e-18	9.907358775723722e-18	9.905803516824657e-18	9.901763287125306e-18	9.898316320128514e-18	9.88757769359422e-18	9.892423227097281e-18	9.886208631302296e-18	9.88536021230068e-18	9.881689663797701e-18	9.874115290379498e-18	9.876095356096401e-18	9.870971896128154e-18	9.872744606764844e-18	9.869866611762883e-18	9.864469299271955e-18	9.867108958124538e-18	9.860515023177938e-18	9.862278508867426e-18	9.860370432069479e-18	9.856117296224991e-18	9.85812473236739e-18	9.854370249094488e-18	9.853176900925304e-18	9.856902077383584e-18	9.849011158148936e-18	9.851707019480571e-18	9.851907787237009e-18	9.846416706680134e-18	9.850933487410555e-18	9.844201951201142e-18	9.845828845332543e-18	9.844133334388073e-18	9.841416827545295e-18	9.844540097970647e-18	9.839031374945134e-18	9.839695628714676e-18	9.835698020431957e-18	9.836958685294281e-18	9.832868780461736e-18	9.832255498367948e-18
X	X	8	2	1.6559531102915824e-18	1.6560986429751312e-18	1.6595115299777535e-18	1.658658019172495e-18	1.659447987822321e-18	1.6621597363754582e-18	1.662071028235956e-18	1.66472901953939e-18	1.664112838535459e-18	1.6647681297804928e-18	1.6673758605807028e-18	1.6673583736345848e-18	1.670193831400536e-18	1.6703231123756295e-18	1.6704253460235068e-18	1.672161230894624e-18	1.672638847873622e-18	1.67511630727536e-18	1.6749453135988693e-18	1.676120528551172e-18	1.6772207747062364e-18	1.6774749229397618e-18	1.6793838882644847e-18	1.678918344106682e-18	1.68052393493947e-18	1.6808567451594807e-18	1.6814456987759925e-18	1.6835420424365057e-18	1.6827506677826723e-18	1.6839266886066882e-18	1.6847756871440686e-18	1.6849283662280193e-18	1.6861943023239795e-18	1.6857407879674953e-18	1.6868822214461488e-18	1.6879350909486051e-18	1.6873459941897753e-18	1.6884774721028871e-18	1.6888264197060027e-18	1.68907439591403e-18	1.689160404378406e-18	1.689322292318462e-18	1.6900206502255866e-18	1.6907475606565601e-18	1.6910349040296465e-18	1.690429126727983e-18	1.6909001871864482e-18	1.6911596427254197e-18	1.6913191518465393e-18	1.6910932161988566e-18	1.6910156077559075e-18	1.6914341643740746e-18	1.6912519205652025e-18	1.6913265324987759e-18	1.6915055672588074e-18	1.6913789175855089e-18	1.6911400091286122e-18	1.6909485245934024e-18	1.6913188556655323e-18	1.6918186580202828e-18	1.6905644372266514e-18	1.6909963893557639e-18	1.6911144293453e-18	1.6912775321983832e-18	1.690846557981663e-18	1.6901268291748648e-18	1.6904864506585639e-18	1.6910513015371385e-18	1.6894965402976722e-18	1.6905741773492607e-18	1.690234064239904e-18	1.6903650668619547e-18	1.6906947479723032e-18	1.6897097145620957e-18	1.6905475087899833e-18	1.6906174104897533e-18	1.6895017806541516e-18	1.6902223432609662e-18	1.6911731662443105e-18	1.6910046625002638e-18	1.6910645773414487e-18	1.6906950259451638e-18	1.691738936048535e-18	1.6921024400748785e-18	1.6916646225675115e-18	1.691216621022966e-18	1.6937347637321315e-18	1.6929514643255905e-18	1.6938175072221022e-18	1.694242695072094e-18	1.6943868238101821e-18	1.6952211572219024e-18	1.6950774838242422e-18	1.6967584261989873e-18	1.6974017712774021e-18	1.6975044237413644e-18	1.699666010641462e-18	1.6987996827427832e-18	1.7005745994454872e-18	1.70076510973738e-18	1.7010108999391166e-18	1.7029544467920187e-18	1.7033864135206285e-18	1.7047706015925327e-18	1.7064357937320777e-18	1.705966998453052e-18	1.7078540690530192e-18	1.7091213682114552e-18	1.7088702058981744e-18	1.7108564833073423e-18	1.7126894727234054e-18	1.71219469089868e-18	1.7144588130885432e-18	1.7148303733484343e-18	1.7165630293821592e-18	1.7175562232764264e-18	1.7178895316985372e-18	1.7195860476207061e-18	1.7217426893735357e-18	1.7209805945498275e-18	1.7228053311240241e-18
X	X	5	0	6.563760962192079e-16	6.567291728971846e-16	6.584070503339382e-16	6.585531263405261e-16	6.590842811004223e-16	6.604316688633814e-16	6.606851865750331e-16	6.623803583356914e-16	6.623706065698983e-16	6.628986602427114e-16	6.640509633216719e-16	6.641637694995834e-16	6.657917921314409e-16	6.656347526074451e-16	6.661587245248489e-16	6.671478917824097e-16	6.672164612072732e-16	6.684896665318297e-16	6.682931328593402e-16	6.68879199926485e-16	6.695863394468297e-16	6.695614811676737e-16	6.705605673694327e-16	6.701640509248277e-16	6.70952363174475e-16	6.712931689872654e-16	6.713028709394539e-16	6.71922560486734e-16	6.716995619485972e-16	6.722207306487144e-16	6.722853290176786e-16	6.723810804729489e-16	6.728564244740523e-16	6.72565149506619e-16	6.72940659083038e-16	6.728543356522068e-16	6.728989521916577e-16	6.731447746427215e-16	6.729668637303235e-16	6.730841485035904e-16	6.728289066634102e-16	6.7282186060651375e-16	6.727803289636541e-16	6.728227665213319e-16	6.72692366539306e-16	6.724132992437823e-16	6.723509562872686e-16	6.722160632547439e-16	6.722005887649772e-16	6.719585085777571e-16	6.716880194391996e-16	6.715485251154263e-16	6.712537907211859e-16	6.713263797621897e-16	6.70998909107448e-16	6.707560455837718e-16	6.705584950922827e-16	6.703419503809231e-16	6.703049786772424e-16	6.700214569326497e-16	6.697451506088365e-16	6.695155367666505e-16	6.694053782398568e-16	6.693460316420871e-16	6.6898982953876e-16	6.688041792208095e-16	6.685813728319113e-16	6.685244664799007e-16	6.684756869524587e-16	6.682773599014611e-16	6.680839535398685e-16	6.678049404083652e-16	6.679393337424393e-16	6.678218165084571e-16	6.677264772870916e-16	6.675023841766793e-16	6.67345802489705e-16	6.676432777586899e-16	6.674274710519172e-16	6.675854763234102e-16	6.672337857504661e-16	6.673114962026547e-16	6.675439256167659e-16	6.673405299194859e-16	6.6765430848517725e-16	6.671508556860307e-16	6.674296287542166e-16	6.675810460248824e-16	6.67564160766366e-16	6.679834704681694e-16	6.674629161061931e-16	6.678633191362763e-16	6.679680016356582e-16	6.679132227470135e-16	6.683889079580118e-16	6.679428708398776e-16	6.683954705830637e-16	6.682264950927278e-16	6.684150588036312e-16	6.686756402190451e-16	6.683933486533805e-16	6.689556104080887e-16	6.686853457110811e-16	6.688808781352925e-16	6.690747107013755e-16	6.688662124739447e-16	6.691783987118591e-16	6.691383330908429e-16	6.69260124835562e-16	6.693429902176116e-16	6.691705479979654e-16	6.693742987375887e-16	6.694285655191956e-16	6.694309604857755e-16	6.695221053476758e-16	6.693438574415312e-16	6.693662402130221e-16	6.692904510095857e-16	6.692301055831382e-16	6.6933063701507355e-16	6.692046592200385e-16
X	X	6	1	5.703976893842201e-17	5.707006769741988e-17	5.722820623660699e-17	5.723123455034419e-17	5.727986464387883e-17	5.740308289030711e-17	5.742485428019992e-17	5.757889870159347e-17	5.757294097845372e-17	5.761926785448335e-17	5.772713400868628e-17	5.773612708549027e-17	5.788317048443634e-17	5.786901721400962e-17	5.791265058395396e-17	5.800392067326962e-17	5.801010390638277e-17	5.812752917485933e-17	5.811092979739739e-17	5.815940830901617e-17	5.822562157758387e-17	5.822139141261732e-17	5.831830905680318e-17	5.828017186075029e-17	5.834806079188053e-17	5.83843245785064e-17	5.838125968900607e-17	5.844391163023661e-17	5.842114308470719e-17	5.846480307743582e-17	5.848166505240075e-17	5.848383049440794e-17	5.853050470260441e-17	5.850464498918372e-17	5.853471236937595e-17	5.85357526242082e-17	5.85341761524762e-17	5.855952347632636e-17	5.854478291425602e-17	5.855383812023761e-17	5.85358687458156e-17	5.853122669833575e-17	5.853266067465194e-17	5.8533147346566e-17	5.85249603642022e-17	5.849927861338108e-17	5.849115493914689e-17	5.848211207863052e-17	5.84762929553639e-17	5.845796092485592e-17	5.843034467263061e-17	5.841490297750335e-17	5.839508416066645e-17	5.839447348402112e-17	5.836849422840637e-17	5.833915401584222e-17	5.832067513165936e-17	5.830270736869907e-17	5.829535809205285e-17	5.82716232436562e-17	5.823715248081119e-17	5.821780478335798e-17	5.82031160815309e-17	5.819512367201697e-17	5.816530929897686e-17	5.813543620551372e-17	5.811751234047083e-17	5.810554629621724e-17	5.809653387082626e-17	5.807958002239534e-17	5.804819665928942e-17	5.802751417199438e-17	5.802844399958787e-17	5.801515607900656e-17	5.800479410587325e-17	5.797403257929003e-17	5.796037513352748e-17	5.797153865071137e-17	5.79562260280201e-17	5.79613579392108e-17	5.79230086896151e-17	5.792751866922145e-17	5.793500460455121e-17	5.79217973734599e-17	5.793572459745535e-17	5.788602373961364e-17	5.79140977645773e-17	5.791236984935421e-17	5.791464920532805e-17	5.793560936962158e-17	5.78897675649955e-17	5.792217345280108e-17	5.792123681757725e-17	5.792461544511258e-17	5.794856476942386e-17	5.79119113643663e-17	5.794903759912107e-17	5.792905235723174e-17	5.794743282408658e-17	5.796029734164462e-17	5.793769718310341e-17	5.79805987784103e-17	5.795591428880878e-17	5.79719516791516e-17	5.798972731225766e-17	5.796780388101018e-17	5.799474488020502e-17	5.799227277449553e-17	5.799809891034842e-17	5.80105223165784e-17	5.799466363931226e-17	5.801231519634964e-17	5.801535715894995e-17	5.801445754813125e-17	5.802756664857711e-17	5.801381188401298e-17	5.80189022997508e-17	5.801192266839279e-17	5.801214218513376e-17	5.80196687165486e-17	5.801394765832922e-17
X	X	7	2	6.758559108449389e-17	6.762488371824205e-17	6.779417125892409e-17	6.777696913939028e-17	6.78269732087169e-17	6.794363048286044e-17	6.796812812952106e-17	6.810173917059138e-17	6.809099462479303e-17	6.813044776440397e-17	6.82337730078146e-17	6.823280602513272e-17	6.836671737157557e-17	6.835188567633157e-17	6.836417646872501e-17	6.845404463214114e-17	6.844035639005253e-17	6.855183955816671e-17	6.85213931142444e-17	6.854860694143772e-17	6.860022518796628e-17	6.856087723850141e-17	6.866498450465563e-17	6.859609970547938e-17	6.864931349683095e-17	6.866708378701568e-17	6.863423686998756e-17	6.869429749430586e-17	6.862528691043886e-17	6.866295634510378e-17	6.865363384697162e-17	6.863800542284305e-17	6.86649928296039e-17	6.860282810860516e-17	6.86120842202597e-17	6.858765848789343e-17	6.856759309260333e-17	6.856415934793359e-17	6.853518602446655e-17	6.851932655633187e-17	6.846820926471952e-17	6.843343935243511e-17	6.840615801146819e-17	6.839439252912451e-17	6.835594063203349e-17	6.830282819783061e-17	6.827489805996727e-17	6.822900830095314e-17	6.819792782657835e-17	6.814421448679191e-17	6.810035143868692e-17	6.805025846157727e-17	6.800810593478514e-17	6.798607117791101e-17	6.793411181913441e-17	6.786555994095352e-17	6.782063708518546e-17	6.778067510726174e-17	6.773754717307536e-17	6.770347419578175e-17	6.76276508898154e-17	6.758956940527345e-17	6.754263423931542e-17	6.750547034983006e-17	6.745508953699351e-17	6.738934761380459e-17	6.735337579993689e-17	6.731759738459146e-17	6.726394947305272e-17	6.722688073113455e-17	6.716726813350767e-17	6.712261202644053e-17	6.710251943119325e-17	6.705365089258449e-17	6.702467858327662e-17	6.697460769101089e-17	6.691854443940567e-17	6.690545731311832e-17	6.687391131016091e-17	6.6857103048284e-17	6.679930342108676e-17	6.676316722891506e-17	6.675268679208301e-17	6.67254607517681e-17	6.67022325589256e-17	6.662986773806775e-17	6.666252055163974e-17	6.662064205000721e-17	6.661492478350853e-17	6.659018995512632e-17	6.653914820234505e-17	6.65524914027132e-17	6.651796575340943e-17	6.652991158979399e-17	6.651051758418112e-17	6.647414647905993e-17	6.649193453220811e-17	6.644749969538574e-17	6.645938340943238e-17	6.644652539720318e-17	6.641786458742187e-17	6.64313922729229e-17	6.640609174284367e-17	6.639805013986437e-17	6.642315315366129e-17	6.636997828730517e-17	6.63881450298288e-17	6.638949794568854e-17	6.635249501530994e-17	6.638293242836388e-17	6.633757038658124e-17	6.634853359339281e-17	6.633710799436658e-17	6.631880215570506e-17	6.633984907879296e-17	6.63027272426176e-17	6.630720345701453e-17	6.628026465010238e-17	6.628875992511896e-17	6.62611991071019e-17	6.625706635448517e-17
X	X	8	3	1.4920968277564708e-16	1.4922279602818972e-16	1.495303143162924e-16	1.4945340873493731e-16	1.4952458886341734e-16	1.4976893107638008e-16	1.4976093805335957e-16	1.5000043651651993e-16	1.4994491546208677e-16	1.500039605518954e-16	1.5023893020658896e-16	1.5023735454272658e-16	1.504928435601957e-16	1.505044924299908e-16	1.5051370430789133e-16	1.5067011623690983e-16	1.5071315195181707e-16	1.5093638345558945e-16	1.5092097609716305e-16	1.5102686888494854e-16	1.511260066434986e-16	1.511489067163843e-16	1.5132091409778638e-16	1.5127896630376203e-16	1.5142363800533714e-16	1.514536259735982e-16	1.5150669365467915e-16	1.5169558480890501e-16	1.516242780230318e-16	1.5173024341824465e-16	1.5180674254359336e-16	1.5182049961591812e-16	1.5193456690143328e-16	1.5189370301790046e-16	1.5199655197696107e-16	1.5209142085661327e-16	1.520383403543401e-16	1.5214029223873527e-16	1.5217173412196852e-16	1.521940781492324e-16	1.5220182795457464e-16	1.5221641499944905e-16	1.5227934059318275e-16	1.5234483898976988e-16	1.5237073008924363e-16	1.523161465726967e-16	1.5235859156100795e-16	1.5238196983486433e-16	1.523963425524069e-16	1.5237598468142405e-16	1.5236899191087679e-16	1.5240670598009235e-16	1.5239028497198863e-16	1.5239700796839077e-16	1.524131399567571e-16	1.5240172834109743e-16	1.5238020157025797e-16	1.5236294801878396e-16	1.5239631670406052e-16	1.5244135153474937e-16	1.5232834000577062e-16	1.5236726115694116e-16	1.5237789731717903e-16	1.5239259379488843e-16	1.5235376103399417e-16	1.522889098312896e-16	1.523213136941675e-16	1.5237220967584132e-16	1.5223211799714487e-16	1.5232921864670675e-16	1.5229857285760158e-16	1.5231037700649467e-16	1.523400829220801e-16	1.5225132666122194e-16	1.523268161878225e-16	1.5233311483743454e-16	1.522325911061992e-16	1.522975175093864e-16	1.5238319160480113e-16	1.5236800854493572e-16	1.5237340739139148e-16	1.5234010900360836e-16	1.524341707002328e-16	1.52466924343021e-16	1.5242747489018366e-16	1.523871078284637e-16	1.5261400513602634e-16	1.525434261264647e-16	1.5262146097843245e-16	1.526597727135627e-16	1.526727594977335e-16	1.527479372374799e-16	1.5273499166259443e-16	1.5288645298928837e-16	1.5294442180784562e-16	1.52953671332911e-16	1.5314844135063426e-16	1.530703808920788e-16	1.5323030989197075e-16	1.5324747591538718e-16	1.5326962283076915e-16	1.5344474638980306e-16	1.5348366870852523e-16	1.5360839118687233e-16	1.5375843336971744e-16	1.5371619264714598e-16	1.5388622723777086e-16	1.54000417255376e-16	1.5397778644304456e-16	1.541567599543373e-16	1.5432192171121336e-16	1.5427733932758749e-16	1.5448134817278932e-16	1.5451482764891563e-16	1.546709486624126e-16	1.5476044056177935e-16	1.5479047326559078e-16	1.5494333803504646e-16	1.5513766224010755e-16	1.5506899369620862e-16	1.5523341162759321e-16
X	X	4	0	6.720022695112287e-13	6.723187403638009e-13	6.733136365408505e-13	6.736820660683885e-13	6.74098808948261e-13	6.750075269940188e-13	6.752842401617816e-13	6.763876316201374e-13	6.765760256209213e-13	6.769467814100613e-13	6.777148091902456e-13	6.778298730350605e-13	6.790357606412387e-13	6.789538024111855e-13	6.79292314097097e-13	6.80032574523845e-13	6.800630312057225e-13	6.809300881260769e-13	6.807831231601406e-13	6.813133741492978e-13	6.817739901731755e-13	6.81678500483471e-13	6.823308476365101e-13	6.82041541731085e-13	6.827611327576113e-13	6.828461279723082e-13	6.828769898672018e-13	6.832228411117248e-13	6.830121167598731e-13	6.835268327143499e-13	6.832439508466156e-13	6.835235907310102e-13	6.837711421139227e-13	6.834476493878187e-13	6.838106003624643e-13	6.835127872370503e-13	6.837058473219553e-13	6.837272855681663e-13	6.836403676037272e-13	6.836641829427479e-13	6.832906117929052e-13	6.833967954902215e-13	6.831197782983601e-13	6.833612764638693e-13	6.831078873911772e-13	6.828628149226359e-13	6.828906207405557e-13	6.826206229837757e-13	6.827114717670533e-13	6.823857608792866e-13	6.822972109663771e-13	6.821734128189363e-13	6.817744525374708e-13	6.820143783574514e-13	6.815984084661214e-13	6.816548732337196e-13	6.814592055027821e-13	6.812534763010376e-13	6.813119727508892e-13	6.81015778641507e-13	6.810493375766524e-13	6.808248736571676e-13	6.808590176615935e-13	6.808661449510914e-13	6.804717105772855e-13	6.807264727592117e-13	6.80450585346046e-13	6.806283955849545e-13	6.806434279984218e-13	6.805110304805061e-13	6.807758565969982e-13	6.803432133392639e-13	6.808681486289964e-13	6.807036987036841e-13	6.807563912189919e-13	6.809390402558669e-13	6.806681378717355e-13	6.814870405956853e-13	6.810866859032528e-13	6.815515022458845e-13	6.814650569167056e-13	6.815690623962481e-13	6.82220377473913e-13	6.818011750549636e-13	6.825178580053553e-13	6.821548089232055e-13	6.824665999496312e-13	6.829177678830527e-13	6.828121935587156e-13	6.836811745006928e-13	6.831748401820014e-13	6.836501274628135e-13	6.838905798851929e-13	6.837882734191807e-13	6.84635556406405e-13	6.841436341797187e-13	6.84736095950041e-13	6.84528875326229e-13	6.847409474259605e-13	6.851246025413154e-13	6.849105166486792e-13	6.856368152993545e-13	6.852544498748111e-13	6.854992871793161e-13	6.856063269645306e-13	6.854549973932071e-13	6.857008014077506e-13	6.85680408155006e-13	6.858258018485678e-13	6.857093617884786e-13	6.855262461782143e-13	6.856147138406576e-13	6.857950969377005e-13	6.857014361265882e-13	6.85527232695165e-13	6.853135196180185e-13	6.850655258840189e-13	6.849835617991464e-13	6.847057562498258e-13	6.847005922659277e-13	6.844872806825248e-13
X	X	5	1	5.131052315572349e-13	5.133812401625128e-13	5.146928777206013e-13	5.14807068615854e-13	5.152222855387243e-13	5.162755708737191e-13	5.16473751794423e-13	5.177989082831506e-13	5.1779128540586e-13	5.182040775518049e-13	5.191048608903718e-13	5.191930442782315e-13	5.204657090947109e-13	5.203429473484342e-13	5.207525482575573e-13	5.215258046691309e-13	5.215794067557447e-13	5.225747027667164e-13	5.224210674625109e-13	5.228792102301696e-13	5.234319980591873e-13	5.234125653502818e-13	5.241935753665722e-13	5.238836082867813e-13	5.244998518918469e-13	5.247662675579822e-13	5.2477385170151e-13	5.252582776094962e-13	5.25083954017749e-13	5.254913640118159e-13	5.255418616222233e-13	5.256167134308701e-13	5.259883007042992e-13	5.257606038357603e-13	5.260541480953195e-13	5.259866666921306e-13	5.260215438812296e-13	5.26213708916625e-13	5.260746320784301e-13	5.261663153643518e-13	5.259667865144019e-13	5.259612773748605e-13	5.259288107289008e-13	5.259619843062098e-13	5.258600472050585e-13	5.256418930731906e-13	5.255931574232519e-13	5.25487708017032e-13	5.25475609975451e-13	5.252863694543274e-13	5.250749203535053e-13	5.249658740948962e-13	5.247354723411105e-13	5.247922162478023e-13	5.24536224002038e-13	5.243463703480167e-13	5.241919395885039e-13	5.24022659955468e-13	5.239937582052393e-13	5.237721212982987e-13	5.235561253035298e-13	5.233766297811885e-13	5.232905148201937e-13	5.232441212911043e-13	5.229656679564549e-13	5.228205407421288e-13	5.226463661496947e-13	5.226018804131711e-13	5.225637472113616e-13	5.22408708871019e-13	5.222575175945887e-13	5.220394047903359e-13	5.221444634220347e-13	5.220525956875932e-13	5.219780660622019e-13	5.218028858322983e-13	5.216804810135052e-13	5.219130238092621e-13	5.217443211416942e-13	5.218678377330129e-13	5.215929109088174e-13	5.216536585650004e-13	5.21835352977578e-13	5.2167635274436e-13	5.219216401382238e-13	5.215280776762663e-13	5.217460014049403e-13	5.218643661607708e-13	5.218511662684487e-13	5.221789493590845e-13	5.217720188165996e-13	5.220850226586918e-13	5.221668544595819e-13	5.221240325805148e-13	5.224958857032292e-13	5.221472073157026e-13	5.2250101406355e-13	5.223689214415334e-13	5.225163254588787e-13	5.227200274794961e-13	5.224993534637118e-13	5.229388852188913e-13	5.227276130724896e-13	5.228804639897664e-13	5.230319875394937e-13	5.228689986613913e-13	5.231130416217156e-13	5.230817214405141e-13	5.231769275346218e-13	5.232417057174651e-13	5.231069019004987e-13	5.232661790411638e-13	5.233086002350213e-13	5.233104721148722e-13	5.233817220644051e-13	5.232423802972455e-13	5.232598777388677e-13	5.232006300998754e-13	5.231534570100044e-13	5.232320445406293e-13	5.231335645029269e-13
X	X	6	2	2.234179176035459e-13	2.235365941666598e-13	2.2415600369838638e-13	2.2416786512974128e-13	2.2435834346406263e-13	2.24840974256905e-13	2.2492625013737995e-13	2.2552962331282629e-13	2.2550628776659426e-13	2.2568774443377156e-13	2.261102431220371e-13	2.2614546793739924e-13	2.2672141914195904e-13	2.266659824375698e-13	2.268368887907416e-13	2.2719438282760955e-13	2.2721860168181317e-13	2.276785424624058e-13	2.2761352463779616e-13	2.278034090694114e-13	2.2806275829938537e-13	2.2804618909801004e-13	2.28425803821666e-13	2.282764247975944e-13	2.285423378696943e-13	2.2868437850906055e-13	2.286723736735349e-13	2.289177735679206e-13	2.2882859182213284e-13	2.2899960265372466e-13	2.290656487469925e-13	2.290741307762633e-13	2.2925694772761074e-13	2.291556582833268e-13	2.292734283078185e-13	2.2927750273448687e-13	2.292713276290038e-13	2.293706098950879e-13	2.293128730764907e-13	2.293483407972713e-13	2.2927795688239507e-13	2.292597741096049e-13	2.2926539068455873e-13	2.292672965445491e-13	2.2923522903014437e-13	2.29134636530034e-13	2.291028168213511e-13	2.290673969389814e-13	2.2904460361033715e-13	2.289727990489018e-13	2.2886462903878653e-13	2.288041457301384e-13	2.2872651753269335e-13	2.287241252946609e-13	2.2862236750685426e-13	2.285074448848392e-13	2.284350650305822e-13	2.283646869120695e-13	2.283359006664883e-13	2.282429336988651e-13	2.281079156279423e-13	2.280321327140628e-13	2.2797459828346105e-13	2.279432926379528e-13	2.278265127283134e-13	2.2770950349732605e-13	2.276392973042706e-13	2.275924274920966e-13	2.2755712647886247e-13	2.2749071978876884e-13	2.2736779460938611e-13	2.272867832174929e-13	2.2729042528309605e-13	2.2723837742222368e-13	2.2719779057570207e-13	2.2707730090183074e-13	2.2702380588550969e-13	2.2706753168760003e-13	2.2700755345134187e-13	2.270276545553661e-13	2.2687744446020678e-13	2.2689510930864885e-13	2.269244302765217e-13	2.2687269879026182e-13	2.2692724966907676e-13	2.2673257693813305e-13	2.2684253953184058e-13	2.2683577075726687e-13	2.2684469860454505e-13	2.2692679643181892e-13	2.267472394030643e-13	2.2687416897025689e-13	2.2687049985269976e-13	2.2688373358697736e-13	2.2697753955432251e-13	2.2683397246495216e-13	2.2697939084051206e-13	2.2690111091662574e-13	2.269731046548118e-13	2.2702349309385988e-13	2.2693497107101792e-13	2.271030106447172e-13	2.270063246375789e-13	2.2706914052515997e-13	2.2713876551180033e-13	2.2705289377241787e-13	2.2715841817513998e-13	2.2714873527401211e-13	2.2717155493544551e-13	2.2722021605592335e-13	2.2715809889012633e-13	2.2722723801759974e-13	2.2723915282201462e-13	2.272356290257706e-13	2.2728697571848545e-13	2.2723309952674008e-13	2.2725303820260203e-13	2.272256992586673e-13	2.2722655924782574e-13	2.2725603962612844e-13	2.2723363087523314e-13
X	X	7	3	7.005835137685835e-14	7.00990815940879e-14	7.027456283767996e-14	7.025673131259933e-14	7.030856490865629e-14	7.042949026361202e-14	7.045488418617401e-14	7.059338357850513e-14	7.058224596355845e-14	7.062314252977828e-14	7.073024812715302e-14	7.072924576388885e-14	7.086805650601862e-14	7.085268214659237e-14	7.086542252704167e-14	7.09585787237804e-14	7.094438963052474e-14	7.105995167710822e-14	7.102839126406351e-14	7.105660074613123e-14	7.111010749534967e-14	7.106931987919263e-14	7.117723610462045e-14	7.110583094537204e-14	7.116099176547345e-14	7.117941213007795e-14	7.114536343882921e-14	7.12076214314559e-14	7.113608592259437e-14	7.117513353883757e-14	7.116546987297824e-14	7.114926973474893e-14	7.117724443116398e-14	7.111280526439793e-14	7.112239994306237e-14	7.109708050132693e-14	7.10762808931843e-14	7.107272146606181e-14	7.104268814992464e-14	7.102624829931111e-14	7.097326076262178e-14	7.093721858566577e-14	7.090893905927924e-14	7.089674299299442e-14	7.085688422511136e-14	7.080182850945091e-14	7.07728764098456e-14	7.072530765460156e-14	7.069308987574807e-14	7.063741125859006e-14	7.059194324951933e-14	7.054001749919574e-14	7.049632265271016e-14	7.047348162257858e-14	7.041962116580334e-14	7.034856101881617e-14	7.030199447741815e-14	7.026057024159387e-14	7.021586438471726e-14	7.018054464403352e-14	7.010194712193539e-14	7.006247225359285e-14	7.00138197018734e-14	6.997529599860325e-14	6.992307171753049e-14	6.985492451909964e-14	6.981763643475444e-14	6.978054891698925e-14	6.972493806699756e-14	6.968651293981518e-14	6.9624719195748e-14	6.957842908897492e-14	6.955760137754669e-14	6.950694468952514e-14	6.947691230178225e-14	6.942500932488994e-14	6.936689475666616e-14	6.935332871428531e-14	6.932062837994442e-14	6.930320516715387e-14	6.924329062024838e-14	6.920583225954969e-14	6.91949682259142e-14	6.916674596445966e-14	6.914266781708172e-14	6.906765525689614e-14	6.910150274614164e-14	6.905809183413182e-14	6.905216535552656e-14	6.902652538826779e-14	6.89736161163043e-14	6.898744739483784e-14	6.895165844348747e-14	6.896404136647657e-14	6.894393760921677e-14	6.890623577016196e-14	6.892467446599404e-14	6.887861386149221e-14	6.889093227830584e-14	6.887760374748306e-14	6.884789435264102e-14	6.886191675339122e-14	6.883569061459899e-14	6.882735461927274e-14	6.885337608123148e-14	6.87982556308921e-14	6.881708698860172e-14	6.881848942216932e-14	6.878013250010563e-14	6.881168358458775e-14	6.876466170768244e-14	6.877602607369639e-14	6.876418240090136e-14	6.874520678276332e-14	6.876702375219107e-14	6.872854362047937e-14	6.873318366555392e-14	6.870525909849772e-14	6.871406525437976e-14	6.868549604530911e-14	6.868121208996931e-14
X	X	8	4	2.2336420782389498e-14	2.233838380251974e-14	2.2384418718970547e-14	2.2372906083110388e-14	2.23835616238085e-14	2.2420139189490764e-14	2.2418942639020252e-14	2.24547950864211e-14	2.2446483704671975e-14	2.2455322625811544e-14	2.2490497149947532e-14	2.2490261276748938e-14	2.2528507504939866e-14	2.2530251317798124e-14	2.2531630277711154e-14	2.2555044864141437e-14	2.256148722251137e-14	2.2594904582896112e-14	2.259259811819931e-14	2.2608450068718947e-14	2.2623290790485687e-14	2.2626718874725317e-14	2.265246805935782e-14	2.2646188524399883e-14	2.2667845649649803e-14	2.267233475857363e-14	2.268027889281851e-14	2.2708555531405275e-14	2.269788101909371e-14	2.2713743840884546e-14	2.2725195586229835e-14	2.2727255024234274e-14	2.2744330657521755e-14	2.2738213394851123e-14	2.275360967076519e-14	2.2767811350825213e-14	2.275986526913902e-14	2.2775127264977124e-14	2.277983407531281e-14	2.278317888935784e-14	2.2784339017149565e-14	2.2786522624005837e-14	2.279594245634823e-14	2.280574740427824e-14	2.2809623247896868e-14	2.280145217270609e-14	2.2807806082438517e-14	2.2811305757593552e-14	2.2813457274085643e-14	2.2810409713840828e-14	2.2809362857448427e-14	2.2815008579042437e-14	2.2812550356766728e-14	2.2813556745312934e-14	2.2815971653504687e-14	2.281426329816751e-14	2.2811040750082152e-14	2.2808457863612004e-14	2.2813453096513076e-14	2.2820194681396814e-14	2.2803277038232464e-14	2.2809103428718087e-14	2.2810695582150195e-14	2.2812895584459934e-14	2.2807082324667284e-14	2.279737422615662e-14	2.2802224966180847e-14	2.2809843972199446e-14	2.2788872460218727e-14	2.2803408199343948e-14	2.279882054011973e-14	2.2800587542863297e-14	2.2805034467273595e-14	2.279174774468493e-14	2.280304836748631e-14	2.2803991206763213e-14	2.2788942943443824e-14	2.2798662273283423e-14	2.2811487466954572e-14	2.2809214600222533e-14	2.2810022717484154e-14	2.2805037991550675e-14	2.281911879962783e-14	2.2824021921887548e-14	2.28181163727403e-14	2.2812073450404367e-14	2.284603956262924e-14	2.2835473939795203e-14	2.2847155601074453e-14	2.2852890733881938e-14	2.2854834809384973e-14	2.2866088739861374e-14	2.2864150766899823e-14	2.288682425992401e-14	2.2895502014382336e-14	2.289688664315313e-14	2.2926043292812918e-14	2.2914357771266238e-14	2.2938298817548048e-14	2.2940868507141532e-14	2.2944183865941093e-14	2.297039946017637e-14	2.2976226079775558e-14	2.2994896740759118e-14	2.301735777899292e-14	2.3011034388070787e-14	2.3036488237070735e-14	2.305358227495393e-14	2.3050194419878077e-14	2.3076986449806495e-14	2.3101710788443417e-14	2.309503690758485e-14	2.3125576635883244e-14	2.31305884411542e-14	2.3153959471095876e-14	2.3167356193301246e-14	2.317185205596509e-14	2.319473557278082e-14	2.322382556961155e-14	2.3213546003816722e-14	2.3238159067701227e-14
X	X	3	0	9.603058906485357e-10	9.605546249355039e-10	9.611161243125454e-10	9.617185655432e-10	9.621854927914543e-10	9.62974723753752e-10	9.63332347252709e-10	9.641962439314356e-10	9.646386821454641e-10	9.648741959200583e-10	9.656311774375293e-10	9.658254360822951e-10	9.67110486573477e-10	9.671050550822846e-10	9.672996325602342e-10	9.68181688066445e-10	9.682834220540357e-10	9.691268553009418e-10	9.691232789551185e-10	9.698343949776878e-10	9.703616900389207e-10	9.70213895145218e-10	9.70953894807406e-10	9.707778899145762e-10	9.717899345908604e-10	9.718806011255264e-10	9.72020100139127e-10	9.724178876020222e-10	9.723348871518651e-10	9.730747251805852e-10	9.72688071746992e-10	9.733522508608386e-10	9.736659010818029e-10	9.73393341291318e-10	9.739677656465804e-10	9.737388433461964e-10	9.742334874926533e-10	9.742487967218438e-10	9.744761176852612e-10	9.744983380844343e-10	9.742410405632259e-10	9.74607968873053e-10	9.742740640750737e-10	9.750077214951657e-10	9.747741830935541e-10	9.746986590754883e-10	9.749437038092872e-10	9.747481390674425e-10	9.751171572891223e-10	9.748726568652421e-10	9.751285976216091e-10	9.751038735905424e-10	9.747857504527044e-10	9.753722285432563e-10	9.74964965130421e-10	9.755499402585311e-10	9.754754424767353e-10	9.754125254073482e-10	9.75817050688348e-10	9.755736135626575e-10	9.760638195220181e-10	9.759656556845115e-10	9.763837548324965e-10	9.76655552704062e-10	9.76276786591249e-10	9.77173923837842e-10	9.769150254243559e-10	9.776007598825419e-10	9.778860841471289e-10	9.7805071834219e-10	9.78970050820069e-10	9.784323781210265e-10	9.796890107859443e-10	9.795302672705914e-10	9.800396249096249e-10	9.807701597178644e-10	9.805243308453865e-10	9.823598837923222e-10	9.817726153505775e-10	9.828836212626296e-10	9.831439696019167e-10	9.836554741532041e-10	9.850383405790963e-10	9.843858064382805e-10	9.859798054204782e-10	9.856874279552059e-10	9.865029334872657e-10	9.873870951105943e-10	9.874169072540476e-10	9.893009131861016e-10	9.886347884304293e-10	9.896705380973327e-10	9.900934968630252e-10	9.9028491087704e-10	9.919456107064608e-10	9.91243883864126e-10	9.925296772907044e-10	9.921995627759638e-10	9.928007215691108e-10	9.934482194761507e-10	9.934940076174307e-10	9.949204745363693e-10	9.942216261648552e-10	9.948914782058606e-10	9.94891684963898e-10	9.950176705125737e-10	9.9534668955803e-10	9.954342623962635e-10	9.959714203217546e-10	9.95520169079471e-10	9.955254178264116e-10	9.955763235100062e-10	9.962300558749643e-10	9.961269422083797e-10	9.955540446562813e-10	9.954999843847556e-10	9.9484651746212e-10	9.948907394073313e-10	9.943313806541294e-10	9.944245015774235e-10	9.942219119602263e-10
X	X	4	1	3.59416841819501e-10	3.5958610446620486e-10	3.601182188534332e-10	3.603152703185617e-10	3.6053816383841846e-10	3.61024185342673e-10	3.611721836976513e-10	3.6176232475277166e-10	3.6186308702808305e-10	3.6206138274352486e-10	3.624721581776603e-10	3.625336994797816e-10	3.631786612505007e-10	3.6313482580884357e-10	3.633158745797304e-10	3.6371179967576064e-10	3.637280881434956e-10	3.641918298032898e-10	3.6411322580521115e-10	3.643968269688318e-10	3.64643183868842e-10	3.6459211027564467e-10	3.649410142995674e-10	3.6478627909467327e-10	3.651711500901465e-10	3.652166077253453e-10	3.652331133637453e-10	3.6541808814448146e-10	3.653053828102742e-10	3.655806744867397e-10	3.6542937517701164e-10	3.6557894038881974e-10	3.6571133947602373e-10	3.6553832071757517e-10	3.6573244032008984e-10	3.655731557631921e-10	3.656764105830445e-10	3.65687875384005e-10	3.656413890623308e-10	3.656541228304607e-10	3.6545432003634004e-10	3.6551110824993144e-10	3.653629458615971e-10	3.6549210693301957e-10	3.653565820616189e-10	3.6522550491841236e-10	3.6524037446843325e-10	3.650959666819444e-10	3.6514455272139893e-10	3.6497034607952604e-10	3.6492298197599573e-10	3.648567684994677e-10	3.646433844509192e-10	3.647717051142984e-10	3.6454922419930887e-10	3.645794198396556e-10	3.644747656397146e-10	3.643647281475421e-10	3.6439601421218335e-10	3.6423759296343125e-10	3.642555397717093e-10	3.641354838459874e-10	3.6415374119961444e-10	3.6415755042157307e-10	3.639465847067656e-10	3.640828430957536e-10	3.6393528176666376e-10	3.640303802913147e-10	3.640384169119155e-10	3.639676008208717e-10	3.641092388650539e-10	3.6387783742859024e-10	3.6415859617687164e-10	3.6407063587960954e-10	3.6409881602014883e-10	3.641965009070025e-10	3.6405160686826394e-10	3.6448958949969395e-10	3.6427545792336416e-10	3.6452406216573177e-10	3.64477821754048e-10	3.6453344692615905e-10	3.6488179493032773e-10	3.6465758408025757e-10	3.650408948190656e-10	3.648467162621785e-10	3.6501347588569835e-10	3.652547747449192e-10	3.651983081022575e-10	3.656630728230192e-10	3.6539226089210644e-10	3.656464626705521e-10	3.657750638542903e-10	3.65720345936027e-10	3.661735055518367e-10	3.659104025454404e-10	3.6622727276262383e-10	3.6611644062522404e-10	3.6622986352936893e-10	3.66435056564795e-10	3.6632055448327653e-10	3.667090052071678e-10	3.6650449998506325e-10	3.6663544516984036e-10	3.6669269420878744e-10	3.6661175419772176e-10	3.6674321889836597e-10	3.667323119855793e-10	3.6681007050361754e-10	3.667477938162547e-10	3.6664985084414606e-10	3.6669716768819996e-10	3.6679364324307736e-10	3.66743548264912e-10	3.666503756838251e-10	3.665360693860446e-10	3.664034319433131e-10	3.663595897730451e-10	3.6621100810710353e-10	3.6620824530555644e-10	3.6609415644023335e-10
X	X	5	2	1.2901467391395104e-10	1.290840731799297e-10	1.2941386978336077e-10	1.2944258151496497e-10	1.2954698354274208e-10	1.2981181991359613e-10	1.298616502540814e-10	1.3019484553662085e-10	1.3019292919299103e-10	1.3029672090196885e-10	1.3052321283215895e-10	1.305453856220649e-10	1.3086538293296522e-10	1.3083451571637654e-10	1.3093750455553442e-10	1.311319316015789e-10	1.3114540891989742e-10	1.3139566549574302e-10	1.3135703544315816e-10	1.3147223021360165e-10	1.316112221909108e-10	1.3160633562825557e-10	1.3180271193142741e-10	1.317247735812509e-10	1.3187972198489658e-10	1.319467086605105e-10	1.3194861548897603e-10	1.3207041845891674e-10	1.3202658650216485e-10	1.3212902492828097e-10	1.321417214362339e-10	1.3216054270836178e-10	1.322539734311159e-10	1.3219672143355473e-10	1.3227052909243062e-10	1.3225356134075379e-10	1.322623301170022e-10	1.3231064748723182e-10	1.3227567865555253e-10	1.3229873022363474e-10	1.3224856081164712e-10	1.322471744361968e-10	1.322390106760385e-10	1.322473508266571e-10	1.3222171958918206e-10	1.321668666827305e-10	1.3215461194279292e-10	1.321280975995394e-10	1.3212505430964766e-10	1.3207747128663852e-10	1.3202430349695185e-10	1.3199688486190798e-10	1.3193895213320516e-10	1.31953218978982e-10	1.3188885206677856e-10	1.3184111402761754e-10	1.3180228333042544e-10	1.317597183622259e-10	1.3175245126149525e-10	1.3169672196956482e-10	1.316424115049468e-10	1.3159727848525512e-10	1.31575624351369e-10	1.3156395828740753e-10	1.3149394267550396e-10	1.3145745222231537e-10	1.3141365641276047e-10	1.3140247025254912e-10	1.3139288092865567e-10	1.3135389688855278e-10	1.3131588063235799e-10	1.3126103701130628e-10	1.3128745293593356e-10	1.3126435201257914e-10	1.3124561167286153e-10	1.312015632522004e-10	1.3117078471696687e-10	1.3122925407750912e-10	1.3118683423479238e-10	1.3121789113567204e-10	1.3114876194007589e-10	1.3116403572180605e-10	1.312097193253905e-10	1.311697395384924e-10	1.3123141329319725e-10	1.3113245512637939e-10	1.3118724966523883e-10	1.312170091929949e-10	1.3121368992678007e-10	1.3129610569597262e-10	1.3119378695813673e-10	1.3127248725690966e-10	1.3129306180051768e-10	1.3128229483723714e-10	1.313757914433297e-10	1.3128811979350655e-10	1.3137707894589718e-10	1.313438653220172e-10	1.313809275244496e-10	1.3143214524492208e-10	1.313766594050002e-10	1.3148717265934546e-10	1.3143405100332087e-10	1.3147248199072408e-10	1.3151058081002183e-10	1.3146959826308012e-10	1.3153095947623704e-10	1.3152308446376972e-10	1.3154702136723832e-10	1.3156330944504364e-10	1.3152941284827256e-10	1.3156946156378414e-10	1.315801273895431e-10	1.315805977002237e-10	1.31598512482303e-10	1.3156347540963926e-10	1.3156787525709108e-10	1.315529765989972e-10	1.3154111588492193e-10	1.3156087547962533e-10	1.3153611362872586e-10
X	X	6	3	3.159219348833543e-11	3.1608974811210666e-11	3.1696561742158986e-11	3.169823892728467e-11	3.17251733969165e-11	3.1793419168411004e-11	3.180547749846384e-11	3.189079670477219e-11	3.1887497052317256e-11	3.191315567008447e-11	3.197289864250885e-11	3.197787958277116e-11	3.205932133337718e-11	3.2051482331375576e-11	3.207564898227806e-11	3.212620012320287e-11	3.2129624687411736e-11	3.2194662243052086e-11	3.218546842399235e-11	3.221231880372391e-11	3.2248991714468605e-11	3.2246648666323195e-11	3.2300327694143916e-11	3.22792047653139e-11	3.2316806128237154e-11	3.233689108737915e-11	3.233519353589231e-11	3.2369893926273053e-11	3.235728321198081e-11	3.238146476246675e-11	3.2390803798201505e-11	3.239200335126862e-11	3.241785420866631e-11	3.240353143873329e-11	3.242018441256085e-11	3.2420760473755193e-11	3.241988712814197e-11	3.243392594380105e-11	3.2425761845668106e-11	3.243077685170469e-11	3.242082426072416e-11	3.241825287188341e-11	3.2419046991667385e-11	3.241931625127546e-11	3.241478172013359e-11	3.2400557428656694e-11	3.2396057833928136e-11	3.239104926670716e-11	3.238782586889133e-11	3.237767228771077e-11	3.236237631596384e-11	3.235382370447244e-11	3.234284659156204e-11	3.2342508135898455e-11	3.232811906982275e-11	3.231186820973394e-11	3.230163322621681e-11	3.22916811290665e-11	3.2287610630522166e-11	3.2274464461955195e-11	3.2255372213346505e-11	3.224465600918136e-11	3.2236520061199795e-11	3.223209310336941e-11	3.2215579578496226e-11	3.2199034055629945e-11	3.218910625833002e-11	3.218247851700412e-11	3.2177486542248094e-11	3.216809605096581e-11	3.2150713733941594e-11	3.213925803368923e-11	3.213977306347708e-11	3.2132412861080903e-11	3.2126673563964234e-11	3.210963554021664e-11	3.210207084995554e-11	3.210825363169871e-11	3.209977213050166e-11	3.210261452331337e-11	3.2081373771887135e-11	3.2083871526800344e-11	3.2088017287929217e-11	3.20807020268013e-11	3.208841549860658e-11	3.206088770888441e-11	3.207643687065842e-11	3.20754792722772e-11	3.207674163268248e-11	3.208835020652319e-11	3.206295999889181e-11	3.2080908098428517e-11	3.2080388998991194e-11	3.2082260337684336e-11	3.209552446435123e-11	3.2075223431405065e-11	3.2095785781791106e-11	3.20847166007716e-11	3.20948965898141e-11	3.2102021509925746e-11	3.2089504190201284e-11	3.211326514635161e-11	3.2099593463490696e-11	3.2108475476947363e-11	3.2118320710921464e-11	3.2106177914499035e-11	3.2121099330735304e-11	3.2119730154242e-11	3.212295655931957e-11	3.212983752100881e-11	3.212105350308566e-11	3.2130830117819636e-11	3.213251479408437e-11	3.213201643352802e-11	3.213927701336948e-11	3.21316584293265e-11	3.213447792010534e-11	3.213061172479894e-11	3.2130733437140325e-11	3.2134901992336e-11	3.213173327052978e-11
X	X	7	4	6.12836896742667e-12	6.131931843385979e-12	6.147282086740043e-12	6.1457222576979135e-12	6.15025642215711e-12	6.1608343635333726e-12	6.163055693052765e-12	6.175170919191448e-12	6.1741966719265165e-12	6.17777408693644e-12	6.187143164635609e-12	6.187055482066725e-12	6.199197967676926e-12	6.197853085799071e-12	6.198967512644447e-12	6.2071163782683205e-12	6.205875168262169e-12	6.215983996603998e-12	6.213223233476446e-12	6.215690855419142e-12	6.220371344692633e-12	6.2168034227177944e-12	6.2262434074814305e-12	6.21999719858213e-12	6.224822441170206e-12	6.226433728970477e-12	6.223455312134711e-12	6.228901311328145e-12	6.222643715740495e-12	6.226059400020384e-12	6.225214033144853e-12	6.223796958282438e-12	6.226244008089816e-12	6.220607170311748e-12	6.2214464300723526e-12	6.2192315885397814e-12	6.217412105417296e-12	6.21710072197732e-12	6.214473575385926e-12	6.2130354409289295e-12	6.208400339997709e-12	6.2052474862422474e-12	6.202773711683111e-12	6.201706807998271e-12	6.198220142259232e-12	6.193404110113878e-12	6.1908714857461714e-12	6.186710389063507e-12	6.183892064535424e-12	6.179021539512914e-12	6.1750441570577856e-12	6.17050193407672e-12	6.166679683955643e-12	6.164681623986701e-12	6.1599701455844406e-12	6.153754079041441e-12	6.14968062357942e-12	6.1460569601803804e-12	6.142146307261345e-12	6.139056649807165e-12	6.1321812890379495e-12	6.1287281774537384e-12	6.124472215950696e-12	6.121102306837257e-12	6.116533900701189e-12	6.110572723138435e-12	6.107310870002068e-12	6.104066600325292e-12	6.0992019801038304e-12	6.095840671756203e-12	6.090435211080947e-12	6.086385905752804e-12	6.084564003007916e-12	6.080132717811204e-12	6.077505600631932e-12	6.072965319416268e-12	6.067881682587814e-12	6.0666949496378685e-12	6.063834415759123e-12	6.062310322691935e-12	6.057069201092134e-12	6.053792501930485e-12	6.052842105883429e-12	6.050373315710756e-12	6.0482670315184635e-12	6.041705241123619e-12	6.044666059090026e-12	6.040868597099228e-12	6.040350162829933e-12	6.038107232432283e-12	6.033478961769163e-12	6.0346888090723995e-12	6.031558117138865e-12	6.032641325695872e-12	6.030882668860331e-12	6.02758468376198e-12	6.029197540682474e-12	6.0251683686135365e-12	6.026245887701472e-12	6.0250799373980116e-12	6.022481114780379e-12	6.0237076330316695e-12	6.021413523080197e-12	6.0206842570135495e-12	6.0229604906374e-12	6.018138788095807e-12	6.0197860426689364e-12	6.019908728619146e-12	6.016553380515251e-12	6.01931334141671e-12	6.015200021262381e-12	6.016194141516664e-12	6.015158095076745e-12	6.0134981896057546e-12	6.0154066338374104e-12	6.012040527574879e-12	6.012446441365558e-12	6.010003671824656e-12	6.010774018904511e-12	6.008274912567939e-12	6.007900173808328e-12
X	X	8	5	1.3165319740872748e-12	1.3166476740729574e-12	1.319361015895826e-12	1.3186824469611476e-12	1.3193104965516123e-12	1.3214664107563677e-12	1.3213958825540806e-12	1.3235090532331464e-12	1.3230191766022526e-12	1.3235401463816615e-12	1.3256133671482083e-12	1.3255994647406376e-12	1.3278537331041827e-12	1.3279565147762742e-12	1.3280377819876563e-12	1.3294178627445306e-12	1.3297975794866115e-12	1.3317672351520994e-12	1.331631287063831e-12	1.3325656153728844e-12	1.3334403376298835e-12	1.3336423887416915e-12	1.3351600700090052e-12	1.3347899413952215e-12	1.3360664427862342e-12	1.3363310268167988e-12	1.3367992618914486e-12	1.3384659099376555e-12	1.3378367394073895e-12	1.3387717089845593e-12	1.3394466780721807e-12	1.3395680705683278e-12	1.3405745179795352e-12	1.3402139569876644e-12	1.3411214227544836e-12	1.3419584796575503e-12	1.3414901229530786e-12	1.3423896766386463e-12	1.3426671051032362e-12	1.3428642406001653e-12	1.342932618743548e-12	1.3430613112578309e-12	1.3436165221935968e-12	1.344194425343171e-12	1.3444228698278758e-12	1.343941252993874e-12	1.3443157521187893e-12	1.3445220241129281e-12	1.3446488237404374e-12	1.3444691916079564e-12	1.344407476332631e-12	1.344740239444077e-12	1.344595342701135e-12	1.3446546525301775e-12	1.3447969845316642e-12	1.3446962784086962e-12	1.3445063309387693e-12	1.3443540780976027e-12	1.3446485025402463e-12	1.3450458468776747e-12	1.344048698253319e-12	1.3443921030974526e-12	1.3444859315396555e-12	1.3446155937174325e-12	1.3442729381943444e-12	1.3437007350954434e-12	1.3439866282084915e-12	1.344435692894907e-12	1.3431996003425206e-12	1.3440563390385446e-12	1.3437859279309709e-12	1.3438900630290384e-12	1.3441521699704098e-12	1.3433690195842032e-12	1.344035084410148e-12	1.3440906424191695e-12	1.3432036718894542e-12	1.343776530637081e-12	1.3445324453508939e-12	1.344398482640713e-12	1.344446094372253e-12	1.3441522852207307e-12	1.344982208524917e-12	1.3452711941653859e-12	1.3449231059017673e-12	1.3445669185794853e-12	1.3465689152388354e-12	1.3459461488216345e-12	1.3466346743647e-12	1.3469726932835923e-12	1.3470872736019096e-12	1.347750581858669e-12	1.3476363450715697e-12	1.3489727457016648e-12	1.3494842037864253e-12	1.3495658131909192e-12	1.3512843192548491e-12	1.3505955596124942e-12	1.3520066608958743e-12	1.3521581130084145e-12	1.3523535250466483e-12	1.3538986783524665e-12	1.3542421099203758e-12	1.355342561298419e-12	1.3566664368200297e-12	1.3562937220531238e-12	1.357793992911506e-12	1.3588015328520638e-12	1.358601833751691e-12	1.3601809882707232e-12	1.361638247419641e-12	1.3612448871840202e-12	1.3630449237618817e-12	1.363340321878696e-12	1.3647178336778632e-12	1.3655074373526502e-12	1.365772433302095e-12	1.3671211961511397e-12	1.3688357941918268e-12	1.3682299037909906e-12	1.3696806224358114e-12
X	X	2	0	4.371677927489712e-07	4.371864406304047e-07	4.3723740921971054e-07	4.373821998979388e-07	4.375250457344871e-07	4.3768985464887424e-07	4.378144185456919e-07	4.3794095166717357e-07	4.3812647530682063e-07	4.380715419146639e-07	4.3828236191791035e-07	4.3831751070513284e-07	4.386751181760554e-07	4.386724581026836e-07	4.3853150525005985e-07	4.388614724972122e-07	4.388186338997426e-07	4.3904566373067746e-07	4.390241994752336e-07	4.3916815013776503e-07	4.3933341769755907e-07	4.391249318339644e-07	4.3941479833619985e-07	4.3925718174712157e-07	4.396120811423915e-07	4.396097277439495e-07	4.3954542135412674e-07	4.39663478918521e-07	4.3954045855675555e-07	4.398036109310095e-07	4.395501023972717e-07	4.39802242199381e-07	4.398677632246457e-07	4.396843459989471e-07	4.3983778161125794e-07	4.397220936555216e-07	4.399110325034714e-07	4.3981728175800424e-07	4.399436995067061e-07	4.398603938607231e-07	4.397297745115683e-07	4.3981584390371135e-07	4.3963348749759885e-07	4.399499594491604e-07	4.397955502434723e-07	4.397733723289111e-07	4.398345230623107e-07	4.397241327221037e-07	4.3981531597774636e-07	4.396984362843647e-07	4.3982563086490594e-07	4.397176821640879e-07	4.396445436323617e-07	4.3983494385902336e-07	4.396869931901078e-07	4.3990622343687316e-07	4.398512072473877e-07	4.3983953927021073e-07	4.3996820013320305e-07	4.3987904881491736e-07	4.400690219625826e-07	4.400152468049702e-07	4.4017148862428255e-07	4.402731782301101e-07	4.4012160799009486e-07	4.404740835183802e-07	4.4038416202039813e-07	4.406741633095889e-07	4.4078987927498337e-07	4.408665010375644e-07	4.412501319737211e-07	4.4101113134179487e-07	4.415594584325237e-07	4.414660691850398e-07	4.41714825746245e-07	4.419936472331293e-07	4.4188867697097436e-07	4.4268486705118585e-07	4.4240872489362646e-07	4.429240124351224e-07	4.4302621952207316e-07	4.4329322803742335e-07	4.438439713721387e-07	4.4354871156933326e-07	4.44254704394505e-07	4.440968858416725e-07	4.445499157369585e-07	4.448499439473558e-07	4.449036885820981e-07	4.457089886537822e-07	4.454097487712328e-07	4.459060693335536e-07	4.459886345539509e-07	4.462185942651091e-07	4.468767443923945e-07	4.4657521979460424e-07	4.471415249327745e-07	4.469769820632984e-07	4.472864186783841e-07	4.4749251387112934e-07	4.4764491759528967e-07	4.4822059354273864e-07	4.4791391113254625e-07	4.481969261098256e-07	4.4813624308852523e-07	4.482516811784762e-07	4.4833576603632045e-07	4.484156637660614e-07	4.4866032538743923e-07	4.484304017983235e-07	4.484284821848072e-07	4.4844794502522907e-07	4.487643265573661e-07	4.487148482921628e-07	4.48423501635776e-07	4.4843225760724245e-07	4.481130298933778e-07	4.480831957703644e-07	4.4785723928275466e-07	4.478915629476319e-07	4.478383062033155e-07
X	X	3	1	1.9686548613023775e-07	1.9691647738483417e-07	1.9703158498362758e-07	1.971550847679332e-07	1.972508077330263e-07	1.9741259946203426e-07	1.9748591287967437e-07	1.9766300989840051e-07	1.9775371227759403e-07	1.9780199085528371e-07	1.9795717409490242e-07	1.9799699751548907e-07	1.9826043460199708e-07	1.9825931981889498e-07	1.9829920355840863e-07	1.984800289597801e-07	1.9850088214686284e-07	1.9867379001136115e-07	1.9867305525099085e-07	1.9881883422196917e-07	1.989269289581265e-07	1.988966271986258e-07	1.990483282451717e-07	1.99012243454271e-07	1.9921971816856913e-07	1.9923830179239777e-07	1.9926689757811484e-07	1.9934844100199207e-07	1.9933142425637935e-07	1.9948308991541203e-07	1.994038217958876e-07	1.9953998267878818e-07	1.996042767793163e-07	1.995483999920329e-07	1.996661525634254e-07	1.9961922097361272e-07	1.9972061946196487e-07	1.99723755112273e-07	1.997703586842797e-07	1.9977490606837631e-07	1.9972215852711732e-07	1.9979737248039706e-07	1.9972891841409754e-07	1.9987931395833033e-07	1.9983143560946472e-07	1.9981594954124425e-07	1.998661797325413e-07	1.998260862674089e-07	1.9990172784505603e-07	1.9985160067333843e-07	1.999040612474096e-07	1.9989899122791807e-07	1.9983377020689616e-07	1.9995399487157395e-07	1.998705013289895e-07	1.999904136222905e-07	1.999751366874866e-07	1.9996222936896822e-07	2.0004515709191062e-07	1.999952446964092e-07	2.0009573379889517e-07	2.000756045401747e-07	2.00161306768043e-07	2.002170202968427e-07	2.001393627321595e-07	2.003232782136835e-07	2.002701942292247e-07	2.0041076656781304e-07	2.004692517335597e-07	2.0050299392758605e-07	2.006914534493656e-07	2.0058121983049496e-07	2.0083883233370064e-07	2.00806278755771e-07	2.009106938694478e-07	2.010604467197541e-07	2.0101004450522958e-07	2.013863309262288e-07	2.0126593082071723e-07	2.0149368935559425e-07	2.0154704935939117e-07	2.0165190594694685e-07	2.0193538792633187e-07	2.0180161072065154e-07	2.0212837796333794e-07	2.020684314947841e-07	2.0223561190434704e-07	2.0241685475045995e-07	2.024229646025853e-07	2.0280918024791444e-07	2.026726185924444e-07	2.028849438257244e-07	2.0297164363391176e-07	2.0301088381012345e-07	2.0335132117435864e-07	2.032074623893484e-07	2.0347104356789547e-07	2.0340336587854708e-07	2.0352659903307203e-07	2.0365933139082002e-07	2.0366871903570348e-07	2.0396113558937828e-07	2.038178708606808e-07	2.0395518241635587e-07	2.0395522272809643e-07	2.039810450797748e-07	2.0404848952692366e-07	2.0406644263653934e-07	2.0417655188787484e-07	2.0408404475215498e-07	2.0408511089892292e-07	2.04095546722878e-07	2.042295605654629e-07	2.042084195056146e-07	2.0409097155948855e-07	2.0407988250204133e-07	2.039459205250516e-07	2.0395497728078205e-07	2.038403087242609e-07	2.0385939698624848e-07	2.0381786424292885e-07
X	X	4	2	3.637556954963043e-08	3.639270010753044e-08	3.6446553708610355e-08	3.646649632337009e-08	3.648905504895842e-08	3.653824336045656e-08	3.6553221779952766e-08	3.6612947557765986e-08	3.6623145700747234e-08	3.664321426503337e-08	3.66847876408616e-08	3.669101606910377e-08	3.675629054037787e-08	3.675185388649425e-08	3.6770176433229825e-08	3.681024717513547e-08	3.6811895267560796e-08	3.685882958266475e-08	3.685087408243174e-08	3.6879576278255724e-08	3.690450894908702e-08	3.689933940019819e-08	3.6934650854788375e-08	3.6918989990789924e-08	3.6957942281266985e-08	3.6962542326827316e-08	3.6964212563020246e-08	3.698293263038963e-08	3.6971525841309565e-08	3.6999386814619104e-08	3.698407370003752e-08	3.699921125873794e-08	3.701261008964191e-08	3.699509920061226e-08	3.70147444646157e-08	3.69986234287974e-08	3.7009072692430846e-08	3.7010232519332774e-08	3.7005528246638474e-08	3.700681561065892e-08	3.69865940376351e-08	3.699234009014732e-08	3.697734454018938e-08	3.6990415481250735e-08	3.697669899178381e-08	3.696343251012275e-08	3.696493658455398e-08	3.695032113636549e-08	3.6955236930315356e-08	3.693760525949557e-08	3.6932810318660574e-08	3.692610878066236e-08	3.69045119421898e-08	3.691749803264947e-08	3.689498076017244e-08	3.689803520569141e-08	3.688744257610919e-08	3.687630438994253e-08	3.6879470597481205e-08	3.686343596721355e-08	3.686525156900591e-08	3.68531000862039e-08	3.6854946237519226e-08	3.685533073212136e-08	3.683397778601938e-08	3.684776818517066e-08	3.6832832283487405e-08	3.6842456072887456e-08	3.684326818313688e-08	3.6836099610603514e-08	3.685043336400137e-08	3.6827012211685935e-08	3.685542697880324e-08	3.684652286515615e-08	3.684937409401069e-08	3.685925903387884e-08	3.6844593478633896e-08	3.6888919309546335e-08	3.6867246173767884e-08	3.689240659716056e-08	3.688772466655158e-08	3.68933537394136e-08	3.692860743300255e-08	3.690591469553071e-08	3.694470726739157e-08	3.692505363631633e-08	3.6941930854332576e-08	3.696634984580028e-08	3.696063472785815e-08	3.7007670366265666e-08	3.698026161698895e-08	3.700598751880261e-08	3.7019001581672764e-08	3.7013463791013524e-08	3.70593248836234e-08	3.703269658985707e-08	3.706476435400888e-08	3.7053546867450296e-08	3.7065025070286694e-08	3.708579102109511e-08	3.7074202816816393e-08	3.711351451074503e-08	3.709281744188809e-08	3.7106068279648665e-08	3.711186206407079e-08	3.7103669540763525e-08	3.7116973873714256e-08	3.711587013081277e-08	3.7123738176727037e-08	3.711743557234088e-08	3.710752135077888e-08	3.7112310298262914e-08	3.712207380566721e-08	3.7117003466845423e-08	3.7107573434871754e-08	3.709600370712381e-08	3.708258009855381e-08	3.7078141432471906e-08	3.706310432702196e-08	3.7062824389059996e-08	3.705127766501606e-08
X	X	5	3	8.49096810778824e-09	8.495535533231423e-09	8.517240697054838e-09	8.519130254373684e-09	8.526001437287027e-09	8.543431212841163e-09	8.546710727407638e-09	8.568639449556342e-09	8.568513410522135e-09	8.575344272981215e-09	8.590250571621531e-09	8.591709862075288e-09	8.612770089590839e-09	8.610738565613833e-09	8.617516475222001e-09	8.630312543377631e-09	8.631199458059008e-09	8.647669916248868e-09	8.64512748466571e-09	8.652708863061482e-09	8.661856368859304e-09	8.661534663418037e-09	8.674458947274326e-09	8.669329386669518e-09	8.679527329709817e-09	8.683935840347593e-09	8.684061307313286e-09	8.692077499339022e-09	8.689192695080356e-09	8.695934492566108e-09	8.69676996512228e-09	8.698008814090518e-09	8.704157664747363e-09	8.70038965435264e-09	8.705247031953696e-09	8.70413024613833e-09	8.704707183195432e-09	8.707887040960162e-09	8.705585726511765e-09	8.707102555895214e-09	8.703800689819608e-09	8.703709166911493e-09	8.703171786331936e-09	8.703720448504285e-09	8.702033489303526e-09	8.698423294181629e-09	8.697616593401231e-09	8.69587151941229e-09	8.695670898406412e-09	8.692539132782121e-09	8.689039651617118e-09	8.687235086058274e-09	8.683422125158759e-09	8.684360893561953e-09	8.680124537266601e-09	8.676982364461118e-09	8.674426574390472e-09	8.671624852091303e-09	8.67114655782599e-09	8.667478520441317e-09	8.663903977798856e-09	8.660933391587553e-09	8.659507892257551e-09	8.658739880450167e-09	8.654131494375524e-09	8.651729958707424e-09	8.648847215936296e-09	8.64811083917793e-09	8.647479450783632e-09	8.644913430486525e-09	8.642411219889051e-09	8.638801369394397e-09	8.640539927008547e-09	8.639019132021682e-09	8.637785591048133e-09	8.63488628196487e-09	8.632860338120702e-09	8.636708204991967e-09	8.633916046938646e-09	8.635960027567227e-09	8.631409911036379e-09	8.632415007014388e-09	8.635421274418344e-09	8.632789823082458e-09	8.63684856094239e-09	8.630335439634959e-09	8.63394168854167e-09	8.635899801769994e-09	8.635681275833777e-09	8.641104978068646e-09	8.63437084954855e-09	8.63955016875137e-09	8.640903980791065e-09	8.640195394895112e-09	8.646348349719395e-09	8.640578258084886e-09	8.646432611253227e-09	8.644246597996021e-09	8.646685587338522e-09	8.65005620850816e-09	8.646404517234558e-09	8.653677308780883e-09	8.650181259029737e-09	8.652710146013343e-09	8.655217553499668e-09	8.652520140289072e-09	8.656558394739068e-09	8.656040133615241e-09	8.65761512513241e-09	8.658687184207244e-09	8.656455914952758e-09	8.659091734983461e-09	8.659793570541014e-09	8.659824438443338e-09	8.661003424706874e-09	8.658697226777798e-09	8.658986872417068e-09	8.658005973370096e-09	8.657225478970121e-09	8.658525845535511e-09	8.656896139029066e-09
X	X	6	4	1.4999424847250029e-09	1.5007392289936182e-09	1.5048976914860135e-09	1.504977308938989e-09	1.506256122603585e-09	1.5094962834248038e-09	1.510068787880646e-09	1.5141195613534212e-09	1.5139629153290304e-09	1.5151811265371056e-09	1.5180176112378839e-09	1.5182540993323708e-09	1.5221207997230605e-09	1.5217486123734447e-09	1.5228959678617783e-09	1.525296056158005e-09	1.525458634290374e-09	1.5285465182282725e-09	1.528110005070647e-09	1.5293848066226735e-09	1.5311259521046447e-09	1.5310146909691954e-09	1.5335632738290152e-09	1.5325603699725621e-09	1.5343456502842644e-09	1.5352992206728305e-09	1.5352186203981268e-09	1.5368661089944746e-09	1.5362673640968927e-09	1.5374154495759895e-09	1.5378588242483209e-09	1.5379158056355967e-09	1.5391431243124782e-09	1.5384630978778566e-09	1.539253719508635e-09	1.5392810556969895e-09	1.539239561918129e-09	1.5399060831651219e-09	1.539518487591161e-09	1.5397565424842254e-09	1.5392840068180996e-09	1.5391618730397177e-09	1.5391995609459736e-09	1.5392123024748266e-09	1.538997000867276e-09	1.538321637058968e-09	1.5381079754622812e-09	1.5378701678494697e-09	1.5377170674492026e-09	1.53723497027497e-09	1.5365086909001537e-09	1.5361026227328017e-09	1.5355814174266983e-09	1.535565315214299e-09	1.5348821285126006e-09	1.534110505196646e-09	1.5336245335647614e-09	1.533151962909831e-09	1.5329587013680238e-09	1.5323344966065523e-09	1.531428002979624e-09	1.5309191812605666e-09	1.5305328382074933e-09	1.530322615652056e-09	1.5295385148620835e-09	1.5287529718029474e-09	1.5282815528715998e-09	1.527966850329655e-09	1.5277297917372658e-09	1.5272838905150391e-09	1.526458572145556e-09	1.5259146102615971e-09	1.5259390678315578e-09	1.5255895419363458e-09	1.5253170225381506e-09	1.5245080332154538e-09	1.524148824731941e-09	1.5244423325106021e-09	1.5240395851189241e-09	1.5241745398156827e-09	1.5231659871001752e-09	1.5232845536002405e-09	1.5234813258280876e-09	1.523133970367238e-09	1.5235001491740372e-09	1.522193127047392e-09	1.522931375697075e-09	1.5228858269370792e-09	1.5229457484945477e-09	1.523496833537732e-09	1.5222913289581845e-09	1.5231434282601585e-09	1.523118733635627e-09	1.5232075878895065e-09	1.5238372711606018e-09	1.5228734011356342e-09	1.523849595215666e-09	1.5233240345732434e-09	1.5238073241173144e-09	1.5241455656198173e-09	1.523551274142152e-09	1.5246793104486367e-09	1.5240302220599944e-09	1.5244518518018887e-09	1.5249192829002278e-09	1.5243427305487538e-09	1.5250511448956452e-09	1.5249861432092483e-09	1.5251392579132566e-09	1.5254659689556319e-09	1.5250488472112225e-09	1.5255130353105865e-09	1.5255929983814255e-09	1.5255693224568786e-09	1.525914033330645e-09	1.5255522671334262e-09	1.5256861463126999e-09	1.5255025217713932e-09	1.525508319547718e-09	1.5257062193387177e-09	1.5255557678023658e-09
X	X	7	5	2.2176077675509624e-10	2.2188970168589503e-10	2.2244516266883775e-10	2.2238871715791294e-10	2.2255279141401983e-10	2.2293556034224774e-10	2.2301594004746818e-10	2.2345433605301187e-10	2.2341908432019265e-10	2.23548533762576e-10	2.2388756173463282e-10	2.2388438877693736e-10	2.2432377430413663e-10	2.242751076440596e-10	2.2431542897706417e-10	2.2461030432673224e-10	2.2456538789831012e-10	2.2493118715159704e-10	2.2483128513690322e-10	2.2492057726323694e-10	2.2508994194748135e-10	2.2496083118696095e-10	2.2530242463652876e-10	2.2507639614059809e-10	2.2525100701575882e-10	2.2530930813543434e-10	2.25201531273662e-10	2.2539859575639436e-10	2.2517215724763071e-10	2.2529575515924674e-10	2.2526516015544625e-10	2.2521388657652878e-10	2.2530242985989097e-10	2.250984545452398e-10	2.2512881919531285e-10	2.2504867074387312e-10	2.2498282677132674e-10	2.249715562515499e-10	2.2487649359452088e-10	2.2482444623305907e-10	2.2465672010681158e-10	2.2454262380098215e-10	2.2445310574427492e-10	2.2441449234295013e-10	2.242883225666212e-10	2.2411404710050824e-10	2.2402239739867885e-10	2.238718229410857e-10	2.2376983049359748e-10	2.2359358257809307e-10	2.2344964966201409e-10	2.2328528414853727e-10	2.2314696801591455e-10	2.2307466168118973e-10	2.229041693604852e-10	2.2267922672688073e-10	2.2253182007649306e-10	2.2240068541320376e-10	2.2225917493617132e-10	2.2214736558178885e-10	2.218985708395227e-10	2.2177361169314812e-10	2.2161959677454347e-10	2.2149764827215586e-10	2.213323263651686e-10	2.2111661723318344e-10	2.209985749547145e-10	2.2088117397145592e-10	2.2070513673568512e-10	2.2058349659145304e-10	2.2038788976459819e-10	2.2024135299787578e-10	2.2017542647250807e-10	2.2001506582198036e-10	2.1991999753537853e-10	2.1975569578063224e-10	2.1957173279323668e-10	2.1952878450870293e-10	2.194252649724653e-10	2.1937011502713094e-10	2.1918044926618807e-10	2.1906187609402088e-10	2.1902747705465004e-10	2.1893813614809511e-10	2.18861912696655e-10	2.1862446157201488e-10	2.187316017724645e-10	2.1859417627690832e-10	2.1857541439739024e-10	2.1849424295585524e-10	2.18326761927463e-10	2.183705353535365e-10	2.1825724239733277e-10	2.1829644057758605e-10	2.182327920509647e-10	2.1811345022749765e-10	2.181718036809677e-10	2.1802600288565466e-10	2.1806498914219646e-10	2.1802279370785365e-10	2.1792875454478468e-10	2.1797312508544097e-10	2.1789011405965664e-10	2.1786371543317811e-10	2.1794608318253082e-10	2.1777160153070282e-10	2.1783120608861679e-10	2.1783564660017514e-10	2.1771422135595023e-10	2.178140961235896e-10	2.176652425223626e-10	2.1770121827462208e-10	2.1766372554889555e-10	2.1760365911165222e-10	2.1767271798896413e-10	2.175509059875534e-10	2.1756559757321242e-10	2.1747719563109571e-10	2.175050748190734e-10	2.1741464117784136e-10	2.1740108105072901e-10
X	X	8	6	3.789036631139196e-11	3.789369593650828e-11	3.797178663615392e-11	3.795225688935793e-11	3.797033252909792e-11	3.803238005513564e-11	3.803034997386295e-11	3.809116685119478e-11	3.8077068523990884e-11	3.809206166261108e-11	3.815172959689689e-11	3.815132950202363e-11	3.8216207862558914e-11	3.8219165911468147e-11	3.822150370653248e-11	3.826122309749578e-11	3.8272151227356564e-11	3.832883894776838e-11	3.832492601163581e-11	3.8351816146347815e-11	3.8376990444739707e-11	3.838280515229803e-11	3.842648440101922e-11	3.8415831250439224e-11	3.8452570375252415e-11	3.846018426080592e-11	3.8473660216675655e-11	3.852162635597788e-11	3.8503518155267195e-11	3.853042680125743e-11	3.854985174755787e-11	3.8553346252133554e-11	3.858231134377691e-11	3.8571933896209836e-11	3.859805041005888e-11	3.862214073044369e-11	3.860866052305174e-11	3.863454960090267e-11	3.864253456837056e-11	3.864820697060715e-11	3.865017481372451e-11	3.8653877373065396e-11	3.8669856167402255e-11	3.868648729655477e-11	3.869306183274803e-11	3.8679200127146836e-11	3.868997761321132e-11	3.869591393552943e-11	3.8699561858014285e-11	3.869439133608255e-11	3.869261377597993e-11	3.8702190666551815e-11	3.869801975592216e-11	3.8699725867164665e-11	3.870382167292747e-11	3.87009217846223e-11	3.86954542323427e-11	3.869107070386065e-11	3.8699544389787966e-11	3.87109788482683e-11	3.868227991905523e-11	3.869216230665767e-11	3.8694861112888995e-11	3.869859194139332e-11	3.868872841933096e-11	3.8672260423579914e-11	3.8680486954076205e-11	3.869341041092678e-11	3.8657834059157194e-11	3.868248995289153e-11	3.867470634098079e-11	3.8677701871045244e-11	3.868524548617703e-11	3.8662704202073686e-11	3.868187321539341e-11	3.8683470671934815e-11	3.865794215636271e-11	3.867442832676981e-11	3.8696182171900797e-11	3.869232693296379e-11	3.869369507554212e-11	3.8685238659107653e-11	3.870912265367228e-11	3.871743874392953e-11	3.870741962108201e-11	3.869716716908558e-11	3.8754785346971446e-11	3.873685992959444e-11	3.875667558183547e-11	3.8766402181074964e-11	3.876969924695656e-11	3.878878843416351e-11	3.878549948268652e-11	3.8823961816488095e-11	3.8838679848330824e-11	3.884102837654103e-11	3.889048583262157e-11	3.8870662722075145e-11	3.891127384791037e-11	3.891563182003302e-11	3.892125600961049e-11	3.8965723871927124e-11	3.897560847878918e-11	3.900727809888587e-11	3.904537964729622e-11	3.903465193046348e-11	3.907782976891619e-11	3.91068271534538e-11	3.910107803850412e-11	3.914652726689087e-11	3.918846571695338e-11	3.91771452157627e-11	3.9228950298094966e-11	3.9237451664712e-11	3.927709693426937e-11	3.9299820633637244e-11	3.930744789329702e-11	3.9346264173991206e-11	3.939561141123115e-11	3.93781733949963e-11	3.9419925597021504e-11
X	X	1	0	0.00015967265159801792	0.0001596209053943706	0.00015947486569803788	0.0001593187775477084	0.00015927437200627975	0.0001590633186388923	0.00015903233125110863	0.00015871379926799141	0.0001587047033852347	0.00015845616899840323	0.0001583063147078031	0.000158187318542911	0.00015794767803519174	0.00015789921267428403	0.000157418785701455	0.00015743252871475456	0.00015712481225111722	0.00015697523608920394	0.00015679338214824563	0.00015646113907823037	0.00015633022601709706	0.00015585912306751283	0.00015587275764835932	0.0001554746617644811	0.00015538486708491803	0.00015515630378557207	0.00015475348033355932	0.00015459458076855226	0.00015414443373851594	0.00015410485155049834	0.0001536739764274278	0.00015357624346343672	0.0001533258823201606	0.00015289796305889303	0.0001526694219358102	0.0001522865618025159	0.00015221016921068272	0.0001518081091558979	0.00015170125102714426	0.0001513980870856264	0.00015100503644616164	0.00015075070729511539	0.00015037522072718532	0.00015031112156582366	0.0001499288326503894	0.00014972251876830644	0.00014951966429684475	0.00014917027130371534	0.00014891246216217635	0.00014859793806766818	0.0001484877117038262	0.00014807983698938399	0.0001479443036104229	0.0001477723013430073	0.00014746762532790318	0.00014724151522106963	0.0001469894260285604	0.00014683065336213588	0.00014656459541352986	0.00014641020860647915	0.00014625298404331022	0.00014602248724037637	0.00014580250895997085	0.00014564306993309747	0.0001454389470990506	0.0001453156998539709	0.00014514752757830405	0.0001450312686334886	0.00014488576133177698	0.0001446792110600302	0.00014463489662173054	0.00014437163014943967	0.00014442309164357998	0.00014423507121381462	0.00014413932006137955	0.00014406298386160406	0.00014384806952862607	0.00014394429206303472	0.00014366245619734303	0.00014378104299974214	0.00014364112531109973	0.00014358405757980056	0.00014357930396744541	0.00014335619226859745	0.00014346060412829184	0.00014321005576984266	0.00014338285658482087	0.00014326848669879417	0.00014320040095662992	0.00014325055459078932	0.00014306386795713398	0.00014313719223467948	0.00014294318728863832	0.00014309295877329548	0.00014306074994228647	0.00014293418617917345	0.00014290956562877644	0.0001427900151623959	0.00014280798675018786	0.00014266487281151003	0.00014277903292822985	0.00014268686864661514	0.00014263246064670943	0.00014249396614703487	0.0001424304916813379	0.0001423720304565591	0.00014223747184676554	0.00014227478400649648	0.00014213868631208143	0.0001420755961255795	0.00014183755416255104	0.00014182286932842129	0.00014176067254599516	0.00014163957915534547	0.00014150001017601397	0.0001413479913150055	0.00014122898851732883	0.00014094853077848958	0.00014089739712446796	0.00014071229252704326	0.00014063523670588638
X	X	2	1	2.9854330624599963e-05	2.9855604219213096e-05	2.9859083368489605e-05	2.9868969261138052e-05	2.987872551121507e-05	2.9889977861693845e-05	2.989848400698993e-05	2.9907121103586954e-05	2.991979165010475e-05	2.991603796903877e-05	2.9930434856077243e-05	2.9932834846522578e-05	2.9957254210869905e-05	2.9957071211168084e-05	2.994744095984161e-05	2.9969975714311966e-05	2.9967047900046535e-05	2.9982553281686466e-05	2.998108579272642e-05	2.9990914679038575e-05	3.0002198709603376e-05	2.998795815503381e-05	3.000775219348591e-05	2.9996985236800888e-05	3.002122392809558e-05	3.002106005606403e-05	3.0016666902429702e-05	3.0024725343496965e-05	3.00163227404623e-05	3.003429059884065e-05	3.00169754578984e-05	3.0034196328137264e-05	3.0038666175309926e-05	3.0026139253490287e-05	3.0036612062369447e-05	3.002870990970893e-05	3.00416082522052e-05	3.003520343940607e-05	3.0043838291168015e-05	3.0038142412448122e-05	3.0029221465520778e-05	3.0035092696369816e-05	3.002263713438851e-05	3.0044243385332154e-05	3.0033696724886377e-05	3.003217895447056e-05	3.0036351007813403e-05	3.0028810530589834e-05	3.0035030118946026e-05	3.0027045153443927e-05	3.0035723947581505e-05	3.002835097908127e-05	3.0023351907364574e-05	3.0036350079498026e-05	3.0026243716098067e-05	3.0041206590831054e-05	3.003744562376786e-05	3.0036640683391758e-05	3.0045426147332003e-05	3.0039331780928877e-05	3.0052301043949046e-05	3.0048624139314068e-05	3.005928574873131e-05	3.0066225116218763e-05	3.005586610743981e-05	3.00799365095143e-05	3.007378782725784e-05	3.0093587677684468e-05	3.01014837878647e-05	3.0106709118128335e-05	3.013290185614064e-05	3.0116572585564474e-05	3.0154017248164478e-05	3.0147630299952796e-05	3.0164614047211215e-05	3.0183646892895207e-05	3.0176472854554723e-05	3.0230838563711996e-05	3.0211973392978623e-05	3.0247161961435244e-05	3.0254131034191915e-05	3.0272362365256844e-05	3.0309964450476876e-05	3.028979582554008e-05	3.033800228019791e-05	3.032721752473502e-05	3.0358154624681328e-05	3.0378632509526e-05	3.0382301152952905e-05	3.0437286032850546e-05	3.0416847078853348e-05	3.0450735510103833e-05	3.045636696380821e-05	3.0472070678900604e-05	3.051700665957853e-05	3.0496412851911147e-05	3.053507732989276e-05	3.052383776219829e-05	3.054496391099946e-05	3.05590326810001e-05	3.0569441093153544e-05	3.060874266929698e-05	3.058780035530724e-05	3.060711878411436e-05	3.0602972913371966e-05	3.061085167971642e-05	3.061658924634565e-05	3.062204594788074e-05	3.063874546227106e-05	3.06230445394621e-05	3.062290472946042e-05	3.0624233853877564e-05	3.064583689957748e-05	3.064245586895307e-05	3.062255777170616e-05	3.062314986181151e-05	3.060135021151431e-05	3.05993051002684e-05	3.0583875703212643e-05	3.0586218341700536e-05	3.058258010100895e-05
X	X	3	2	6.612700875043588e-06	6.614413669716659e-06	6.618279850105323e-06	6.6224277227734324e-06	6.625643354961181e-06	6.631077354427855e-06	6.633539861900861e-06	6.639487687848122e-06	6.6425346267255705e-06	6.644155819766725e-06	6.649368384104702e-06	6.650706018050529e-06	6.659554461849714e-06	6.6595167561095575e-06	6.660855415721943e-06	6.666929622641755e-06	6.667629569120636e-06	6.673437853728473e-06	6.6734128558706254e-06	6.678309192069026e-06	6.681939636537136e-06	6.680921131646285e-06	6.6860165579948206e-06	6.6848038212417755e-06	6.69177340662141e-06	6.692396979155706e-06	6.693357129778826e-06	6.696095344196686e-06	6.695523472063062e-06	6.7006172630146125e-06	6.697954046596332e-06	6.702528128009039e-06	6.704686751087337e-06	6.702809606352766e-06	6.706763701896964e-06	6.705186904016958e-06	6.70859188317821e-06	6.708696656641768e-06	6.7102624879022924e-06	6.710413674642751e-06	6.708641727764742e-06	6.711166689949868e-06	6.7088668024158465e-06	6.713917320866772e-06	6.712308633160866e-06	6.711787777304618e-06	6.713474076670109e-06	6.7121269172774725e-06	6.7146660819527235e-06	6.712981543752715e-06	6.714742100336927e-06	6.714571496653797e-06	6.712379762575204e-06	6.71641710250908e-06	6.713611891510875e-06	6.717637893855128e-06	6.71712381526739e-06	6.716688446648806e-06	6.719473759962186e-06	6.7177958008404145e-06	6.721170324140585e-06	6.720493114679969e-06	6.723370001507192e-06	6.725240261147756e-06	6.722629880113796e-06	6.7288075413444536e-06	6.727022656002137e-06	6.731743439705337e-06	6.733706538166262e-06	6.734838291673506e-06	6.741167387764471e-06	6.73746282957542e-06	6.746115854881117e-06	6.745020260031712e-06	6.748526630356006e-06	6.75355505526341e-06	6.751860741503431e-06	6.764498744836884e-06	6.760452850488351e-06	6.768103070229705e-06	6.769893018117547e-06	6.773414485470189e-06	6.78293471774017e-06	6.778439994477441e-06	6.789414667907919e-06	6.787399434423178e-06	6.793014899357639e-06	6.799100288855983e-06	6.799305176550519e-06	6.812275952770165e-06	6.8076880303921196e-06	6.814818744950008e-06	6.817729407351065e-06	6.8190474331046245e-06	6.830480542378177e-06	6.825647787781746e-06	6.834499443227961e-06	6.832225506947266e-06	6.836363684576125e-06	6.840820850723477e-06	6.84113636846014e-06	6.850955988045422e-06	6.846143973586917e-06	6.850754267762991e-06	6.850755210372443e-06	6.851621580162337e-06	6.853885962570205e-06	6.854489090852156e-06	6.858185735140978e-06	6.855078559348155e-06	6.855112415306063e-06	6.855462956339191e-06	6.859963842618788e-06	6.8592532277791004e-06	6.855307703535153e-06	6.85493392460531e-06	6.850434274707693e-06	6.850736731277399e-06	6.84688533940101e-06	6.847526156840857e-06	6.8461308194271524e-06
X	X	4	3	7.96096924255156e-07	7.964718296839822e-07	7.976504155950658e-07	7.980868161024977e-07	7.985805633868203e-07	7.996570007310071e-07	7.99984800505281e-07	8.012918319134537e-07	8.015150589835468e-07	8.019542188922543e-07	8.028640655057257e-07	8.030003784385107e-07	8.044289030862011e-07	8.043317798995128e-07	8.047326622031745e-07	8.05609665352032e-07	8.056456805339107e-07	8.066729026830685e-07	8.064987654698853e-07	8.071268904079585e-07	8.07672499604859e-07	8.075592923497375e-07	8.083320821866957e-07	8.079892655600519e-07	8.088418301446856e-07	8.089424273649233e-07	8.089789485119458e-07	8.093885540916993e-07	8.091388852891953e-07	8.097485681806051e-07	8.09413363789447e-07	8.097447192701092e-07	8.100378413316591e-07	8.096545881391715e-07	8.100843999462611e-07	8.097315453349267e-07	8.099601201570863e-07	8.099854395955091e-07	8.098825462148412e-07	8.099105412707099e-07	8.094679703224935e-07	8.095935539387862e-07	8.092653106896474e-07	8.095512334647149e-07	8.092509899327733e-07	8.08960577614006e-07	8.089933872839124e-07	8.086734768792402e-07	8.087808717938155e-07	8.083949026898349e-07	8.082897877048116e-07	8.081430878948052e-07	8.076703220148327e-07	8.07954414329116e-07	8.074615346878806e-07	8.075281791196141e-07	8.072962412821679e-07	8.070522692007601e-07	8.071215415266731e-07	8.067704524877023e-07	8.068100913229093e-07	8.065440258399603e-07	8.065842192018784e-07	8.065925010299079e-07	8.061249612986744e-07	8.064267799612045e-07	8.060996887081954e-07	8.063101978182127e-07	8.063278087149965e-07	8.061707298541262e-07	8.064842967326741e-07	8.059714979534201e-07	8.065933640026857e-07	8.063982469730401e-07	8.064605432591913e-07	8.066766889213016e-07	8.063555658765317e-07	8.073255075022735e-07	8.068509885625579e-07	8.074016218110548e-07	8.072988873195106e-07	8.074220052104454e-07	8.081933379919889e-07	8.076965685398784e-07	8.085454029979345e-07	8.081150968805661e-07	8.084844557774684e-07	8.09018593436106e-07	8.088934780392665e-07	8.099226301133982e-07	8.093226941947471e-07	8.098855693260578e-07	8.10170219590464e-07	8.100490296411164e-07	8.110524728856949e-07	8.104696509173168e-07	8.11171238503245e-07	8.109256765404833e-07	8.11176751476158e-07	8.116310868827471e-07	8.113775032218388e-07	8.122375587039716e-07	8.117846362024795e-07	8.120744093936261e-07	8.122011793407533e-07	8.120217767030121e-07	8.123128395031464e-07	8.122886984605822e-07	8.124606772054926e-07	8.123227733364258e-07	8.121055768795434e-07	8.122104037918201e-07	8.124240163771502e-07	8.12313001997947e-07	8.121065827177694e-07	8.118532299179769e-07	8.115594807685835e-07	8.114621409084445e-07	8.111331020537675e-07	8.111269336306241e-07	8.108742136728501e-07
X	X	5	4	1.3655466005472064e-07	1.3662811342960437e-07	1.36977177498647e-07	1.370075587253155e-07	1.371180702487691e-07	1.3739836670207123e-07	1.374511072444751e-07	1.3780375490736974e-07	1.3780173589523063e-07	1.3791158427280993e-07	1.3815130912768372e-07	1.381747790022462e-07	1.385134704130819e-07	1.3848079587888928e-07	1.385897818105713e-07	1.3879557756598217e-07	1.388098334318329e-07	1.3907472457594481e-07	1.3903383301445033e-07	1.391557548265457e-07	1.3930285774565946e-07	1.392976742291769e-07	1.395055250115131e-07	1.3942301733673437e-07	1.3958704079499056e-07	1.396579256996738e-07	1.3965994071648488e-07	1.3978884591106501e-07	1.3974244678195772e-07	1.3985086278102484e-07	1.3986428615777206e-07	1.3988422381054e-07	1.399830928709953e-07	1.3992249164492796e-07	1.400005906695948e-07	1.3998262334430817e-07	1.3999188541696839e-07	1.4004301534311124e-07	1.400060166597434e-07	1.4003038335804173e-07	1.3997727990413455e-07	1.399757810901669e-07	1.3996712999680986e-07	1.3997593106492155e-07	1.3994879449863707e-07	1.3989072377371125e-07	1.398777340219502e-07	1.3984966340175222e-07	1.3984640523195932e-07	1.3979602585219797e-07	1.3973971738217916e-07	1.397106922530662e-07	1.3964935380986524e-07	1.3966443320558054e-07	1.3959629170126112e-07	1.3954572525377738e-07	1.3950460412741443e-07	1.3945951197610227e-07	1.394518182016691e-07	1.393928014913826e-07	1.393352995510026e-07	1.392875060639057e-07	1.392645466013002e-07	1.3925217385690056e-07	1.391780236395923e-07	1.3913940573907852e-07	1.3909300925167495e-07	1.3908115014302748e-07	1.3907096932821146e-07	1.3902967040249533e-07	1.389894088335628e-07	1.3893131804224448e-07	1.3895928011071155e-07	1.3893478070032696e-07	1.389149266357567e-07	1.388682693958708e-07	1.3883565996913348e-07	1.388975201985833e-07	1.3885258310834732e-07	1.3888545535834208e-07	1.3881223561772894e-07	1.3882838720549986e-07	1.3887670120216607e-07	1.3883435989154963e-07	1.388996092181013e-07	1.387948349736122e-07	1.3885283216171453e-07	1.388842771310098e-07	1.388807558178626e-07	1.389679425563337e-07	1.3885962988463286e-07	1.3894290048201266e-07	1.3896464600571704e-07	1.389532532367798e-07	1.3905216601869244e-07	1.3895936249351574e-07	1.390534755784947e-07	1.3901831045035378e-07	1.3905751383647694e-07	1.3911170013746331e-07	1.3905297740574386e-07	1.3916989051348418e-07	1.3911367520479263e-07	1.3915430633363527e-07	1.3919462871307725e-07	1.3915122982410957e-07	1.3921615801231854e-07	1.3920782553531377e-07	1.392331174973966e-07	1.3925036602079763e-07	1.392144435831998e-07	1.3925683902987643e-07	1.3926811419695103e-07	1.3926860244598687e-07	1.392875578585847e-07	1.392504429404225e-07	1.3925510825179828e-07	1.3923929857969827e-07	1.3922675661670952e-07	1.3924766082771807e-07	1.3922144837393634e-07
X	X	6	5	1.8840046875359966e-08	1.8850054111948428e-08	1.890228558364247e-08	1.890328470688971e-08	1.891934813358797e-08	1.8960044011762194e-08	1.8967234658050125e-08	1.9018111923721816e-08	1.9016145529752695e-08	1.90314457518181e-08	1.9067072873437258e-08	1.9070043410531136e-08	1.9118610229293283e-08	1.9113934985891866e-08	1.9128343770002925e-08	1.915849069299347e-08	1.916053170892486e-08	1.919931812745455e-08	1.919383481227182e-08	1.9209846394962237e-08	1.9231714554252625e-08	1.923031578379747e-08	1.9262326984705195e-08	1.924972823801808e-08	1.9272154699090015e-08	1.9284129924772874e-08	1.928311728762389e-08	1.930380869661174e-08	1.9296287410479053e-08	1.9310707028263987e-08	1.9316274086367152e-08	1.9316991916497696e-08	1.9332405078452808e-08	1.932386314137004e-08	1.9333791348210324e-08	1.9334133658356907e-08	1.9333610349100183e-08	1.9341980919643966e-08	1.9337114114554744e-08	1.9340100602999485e-08	1.9334165023031662e-08	1.933262737052377e-08	1.9333099605878846e-08	1.9333256517206213e-08	1.933055148569211e-08	1.932206715837816e-08	1.9319381347252507e-08	1.931639365859227e-08	1.9314466285246914e-08	1.9308409219031875e-08	1.929928285652091e-08	1.929418206162943e-08	1.9287633167272645e-08	1.9287428488433056e-08	1.9278845925035328e-08	1.9269149466504114e-08	1.9263043026353384e-08	1.925710269989686e-08	1.9254675137069696e-08	1.9246831303562373e-08	1.9235443302045866e-08	1.92290496639176e-08	1.922419239985972e-08	1.922154907488038e-08	1.9211695405962373e-08	1.9201829292349386e-08	1.919590328537614e-08	1.9191948330432454e-08	1.918896719293758e-08	1.9183362243396214e-08	1.9172993157455352e-08	1.9166155916760694e-08	1.91664634738576e-08	1.9162067628015745e-08	1.9158642614903043e-08	1.914847734767371e-08	1.9143961810259644e-08	1.914764547307377e-08	1.9142582304217383e-08	1.914427761242571e-08	1.9131603870642582e-08	1.91330914634617e-08	1.9135558504561693e-08	1.913119262557019e-08	1.913578881742981e-08	1.9119368228907023e-08	1.9128641117509113e-08	1.91280628360797e-08	1.9128814514371238e-08	1.9135731274300996e-08	1.91205879255005e-08	1.913128739116765e-08	1.9130973625659132e-08	1.9132090148138116e-08	1.9139993807103155e-08	1.9127886203468125e-08	1.9140142497514347e-08	1.9133540069651668e-08	1.913960758490775e-08	1.9143853320095073e-08	1.9136389386964482e-08	1.9150551274191748e-08	1.91423998189511e-08	1.9147690336536213e-08	1.9153561251869862e-08	1.9146316992135134e-08	1.915521293284647e-08	1.915439680528115e-08	1.915631488883734e-08	1.916041964756766e-08	1.9155175090414747e-08	1.9161006371963098e-08	1.9162009095726664e-08	1.9161710635598403e-08	1.9166039728771306e-08	1.91614921439982e-08	1.9163174815192052e-08	1.9160863657331297e-08	1.9160937887108374e-08	1.916342243284715e-08	1.916153223274439e-08
X	X	7	6	2.262960397862419e-09	2.264275948005954e-09	2.269944035888443e-09	2.269367937083549e-09	2.271042312005576e-09	2.2749480497382988e-09	2.2757682128505785e-09	2.280241535793588e-09	2.279881950793354e-09	2.2812027556442615e-09	2.284662316163346e-09	2.2846299326824376e-09	2.2891135434832698e-09	2.2886168721180384e-09	2.2890280108112635e-09	2.2920371312811e-09	2.2915786538598324e-09	2.2953115679544706e-09	2.2942920425603204e-09	2.2952031586194282e-09	2.296931246333161e-09	2.295613602106034e-09	2.2990993199929432e-09	2.2967925912903625e-09	2.2985747125036048e-09	2.2991693510324507e-09	2.2980695373718802e-09	2.3000802332373977e-09	2.2977694443708617e-09	2.2990305890147187e-09	2.298718100041626e-09	2.2981951596736852e-09	2.299098363862206e-09	2.297016830924539e-09	2.2973263968589773e-09	2.296508378360189e-09	2.2958362117258243e-09	2.295721029281311e-09	2.2947511511697973e-09	2.294219598092549e-09	2.292507994957827e-09	2.2913432493296403e-09	2.2904296264772844e-09	2.2900351987108607e-09	2.288747605600047e-09	2.286969036719896e-09	2.286033532490545e-09	2.2844969158815087e-09	2.2834555989020676e-09	2.2816568670731745e-09	2.280187637136914e-09	2.2785103113383676e-09	2.2770985920202973e-09	2.276360456197172e-09	2.2746204784175053e-09	2.2723245328399294e-09	2.2708200237344503e-09	2.26948130794479e-09	2.268037272758312e-09	2.2668958725479286e-09	2.264356837893225e-09	2.263081381100758e-09	2.261509186196182e-09	2.260264444498103e-09	2.258576813106795e-09	2.2563757087088854e-09	2.2551705907189586e-09	2.25397232382824e-09	2.2521755590152146e-09	2.2509337885757442e-09	2.248937400712476e-09	2.24744152308048e-09	2.2467688199446904e-09	2.245131779479354e-09	2.2441614346620087e-09	2.24248436172816e-09	2.2406066921787153e-09	2.24016810553892e-09	2.239111223473442e-09	2.238548493596336e-09	2.2366123830611742e-09	2.2354022341833557e-09	2.2350507155589177e-09	2.2341387039032237e-09	2.2333605394648106e-09	2.230937063996274e-09	2.232030391247544e-09	2.2306273725385315e-09	2.2304358036505994e-09	2.229606944467216e-09	2.2278977163803853e-09	2.228344033965103e-09	2.227187571926412e-09	2.2275876474305324e-09	2.2269375412416613e-09	2.2257196464923327e-09	2.2263145472216175e-09	2.2248266341167374e-09	2.225224177460297e-09	2.2247933228506208e-09	2.2238338012254037e-09	2.2242858367203733e-09	2.22343896335232e-09	2.223169000492124e-09	2.2240095293485765e-09	2.2222287954832346e-09	2.2228368539922536e-09	2.222882228715379e-09	2.2216426037221074e-09	2.22266196003801e-09	2.2211424159100498e-09	2.2215096885546596e-09	2.2211269460176887e-09	2.2205139239079188e-09	2.221218638066089e-09	2.21997522150701e-09	2.220125338498707e-09	2.219222748546307e-09	2.219507453377768e-09	2.2185845528288884e-09	2.218446187297466e-09
X	X	8	7	3.2511807257982464e-10	3.2514662872362577e-10	3.2581666203643526e-10	3.256490752453649e-10	3.258041781013546e-10	3.2633654483408525e-10	3.263191131760188e-10	3.26840896540869e-10	3.2671995301279943e-10	3.268485712844742e-10	3.273605381972138e-10	3.273571063212337e-10	3.279137710281443e-10	3.2793914989516984e-10	3.279591532551748e-10	3.282999684373709e-10	3.2839372284972057e-10	3.288801400164502e-10	3.28846550417002e-10	3.290772688041719e-10	3.2929324689702023e-10	3.2934311917086834e-10	3.2971789446655175e-10	3.296264504818678e-10	3.299417335556847e-10	3.3000701606430803e-10	3.301226436769304e-10	3.3053418047656507e-10	3.3037878309506536e-10	3.3060966310995694e-10	3.307762903189398e-10	3.308063140398534e-10	3.3105480314486e-10	3.3096574212675026e-10	3.311897969641038e-10	3.313964763806108e-10	3.3128077437770567e-10	3.315028916933364e-10	3.3157142962323054e-10	3.316200388577985e-10	3.316369183829423e-10	3.3166862418495814e-10	3.3180570896936566e-10	3.3194835289302616e-10	3.3200475576680214e-10	3.3188578709133915e-10	3.319782247505265e-10	3.3202914740062916e-10	3.3206037637766906e-10	3.320159789121142e-10	3.3200065753541576e-10	3.3208282303549684e-10	3.320469982660748e-10	3.320615945541588e-10	3.320967097407375e-10	3.320717504315353e-10	3.320247967052662e-10	3.3198710182683253e-10	3.320598113326129e-10	3.321578597482223e-10	3.319115807085705e-10	3.319963283155439e-10	3.320194037583115e-10	3.320513703892743e-10	3.3196664834495357e-10	3.3182535791738503e-10	3.3189586492560094e-10	3.3200671311151784e-10	3.317013965528694e-10	3.3191288458261063e-10	3.318460437381595e-10	3.3187166995161506e-10	3.319364010617442e-10	3.3174289113491097e-10	3.319073392525174e-10	3.319209691203001e-10	3.3170186552026526e-10	3.318432768004658e-10	3.3202984916514325e-10	3.319967827618294e-10	3.3200841387445063e-10	3.319358303952014e-10	3.3214068805813434e-10	3.3221199157431166e-10	3.3212597255575085e-10	3.3203793960977806e-10	3.3253232387846846e-10	3.3237841763962325e-10	3.325484248225372e-10	3.326317963594298e-10	3.326600562317039e-10	3.328237946233013e-10	3.327955148941188e-10	3.331255477412361e-10	3.332517370057311e-10	3.3327187712158215e-10	3.336961506052097e-10	3.3352604303785867e-10	3.3387445676797577e-10	3.3391180559882103e-10	3.339600712760897e-10	3.3434151009735317e-10	3.344263499520552e-10	3.3469799744988435e-10	3.350249190675128e-10	3.349328284208208e-10	3.3530328465510867e-10	3.3555209372948746e-10	3.355026782959766e-10	3.3589267888367506e-10	3.3625242520567556e-10	3.361553189142128e-10	3.3659979386090387e-10	3.366727236121729e-10	3.3701289342278906e-10	3.372078013069103e-10	3.3727327524867714e-10	3.3760625208850865e-10	3.3802969371522096e-10	3.378800555392347e-10	3.382383042462514e-10
X	X	0	0	0.00013740741002997098	0.00013737364762932762	0.00013702668550978923	0.00013675918192890024	0.00013680131695883335	0.00013633347596384872	0.0001362178860976772	0.00013555838612273302	0.0001356312526884079	0.00013520503703160725	0.0001351077237249554	0.00013497484591210517	0.00013458067050424786	0.00013433807654124116	0.00013361729402042627	0.00013369859976277316	0.00013324977333690907	0.00013328957811991487	0.00013297544682637277	0.00013260396934571884	0.00013223928032076113	0.00013171443722790276	0.00013153377824297937	0.00013091180845082014	0.00013119174669286516	0.00013068149916228226	0.0001303465983587784	0.0001298264509669429	0.0001294112067188876	0.00012904846381528256	0.00012846191461515533	0.0001287166045184742	0.00012806770106571445	0.0001277554056589597	0.00012709717266575282	0.00012667950594679763	0.00012618606579631726	0.0001256756898438349	0.000125892155837348	0.00012504865817282597	0.00012478993964754883	0.00012401233862508392	0.0001235678436982984	0.00012296175301108298	0.00012256536336602517	0.00012218786633415107	0.00012177353596056242	0.00012146706443795394	0.00012060277278016312	0.0001201388617539908	0.0001193634944271488	0.00011913485164080809	0.00011863159684409294	0.00011821466174825362	0.00011785655762632694	0.00011694497452784576	0.00011648297076646224	0.000115627716855306	0.00011553028256197157	0.0001148807485358691	0.00011447762387154238	0.00011403348392574992	0.000113154004073317	0.00011270219093213803	0.00011181564257780581	0.00011183814349675285	0.00011106116948412948	0.00011069597300458075	0.00011017427545617614	0.00010938785210187744	0.00010897118599059605	0.0001081498072679679	0.00010822028217289161	0.00010735413349984902	0.00010701901964197132	0.00010645561994179017	0.00010579068268454331	0.00010542789404658758	0.00010465984212170511	0.00010479008701951241	0.00010389688698160711	0.00010364192877892275	0.00010308228573535575	0.00010253857211341038	0.00010221031760026415	0.00010153256095444265	0.00010171745820092863	0.00010084974454624437	0.00010065641622834025	0.00010010054060516871	9.973580726148625e-05	9.941085369000412e-05	9.889084165502537e-05	9.908319276407406e-05	9.836818792276356e-05	9.818640528043311e-05	9.762823452620906e-05	9.745091462043864e-05	9.716329038104221e-05	9.680725350465013e-05	9.702683104306865e-05	9.612950411859388e-05	9.641955879997538e-05	9.573772722399406e-05	9.575516043771973e-05	9.551288083924664e-05	9.531134954972171e-05	9.551206006228735e-05	9.484906130717768e-05	9.511431580056481e-05	9.446077711203623e-05	9.465475362617278e-05	9.455423894536366e-05	9.451799934238168e-05	9.45893998464449e-05	9.419275461579648e-05	9.441493550000471e-05	9.385073568412539e-05	9.417026420770103e-05	9.415173635550279e-05	9.424001404795321e-05
X	X	1	1	1.930827295817245e-09	1.930954472070875e-09	1.9255194199463326e-09	1.922004635332325e-09	1.9221155702444897e-09	1.9157020307888016e-09	1.9142142976269783e-09	1.904490623314177e-09	1.905944762192106e-09	1.8983589263747205e-09	1.8969455771547013e-09	1.8939529669099136e-09	1.88792482655232e-09	1.8844974483487348e-09	1.8719759059650735e-09	1.8732715530358113e-09	1.864825432807489e-09	1.8648657926000963e-09	1.858958507004139e-09	1.8518917344126367e-09	1.8466368432180839e-09	1.835515654916913e-09	1.8331968603246218e-09	1.820965552820347e-09	1.8244402801252889e-09	1.8157790220715891e-09	1.8075470653023975e-09	1.799724494937369e-09	1.789954657463718e-09	1.7845875972639152e-09	1.7724381886242083e-09	1.7749306346672507e-09	1.7642890418589387e-09	1.755756376044107e-09	1.7444807941019985e-09	1.7356319546300795e-09	1.72782509068222e-09	1.7170034005921517e-09	1.7183336163947478e-09	1.7044940408089162e-09	1.6968288934637541e-09	1.6838129115189823e-09	1.6745816222830894e-09	1.6652212710603225e-09	1.6558071503471563e-09	1.6482566337453598e-09	1.6409183100872831e-09	1.6328881408888047e-09	1.6188339648516152e-09	1.609762034765714e-09	1.5978782617981068e-09	1.5905838797173716e-09	1.5818277648976628e-09	1.5746767301321178e-09	1.5665540164488655e-09	1.5520082247982388e-09	1.5434828828604796e-09	1.5307270173203566e-09	1.5257793487127697e-09	1.5152410496382695e-09	1.5085539164882901e-09	1.5000712111094851e-09	1.4864172549792936e-09	1.4782753909086663e-09	1.465320502858582e-09	1.4630173762437746e-09	1.4511732930759793e-09	1.4448957976295867e-09	1.4364354511741139e-09	1.4247752251607492e-09	1.41790543643276e-09	1.4054558773605327e-09	1.4048423215847751e-09	1.3920587858346415e-09	1.3867513944484938e-09	1.3781249955577576e-09	1.3685093406644628e-09	1.363275527709968e-09	1.3517078118001837e-09	1.3522270622841632e-09	1.3397935096873306e-09	1.3363459894720348e-09	1.3290714040049441e-09	1.3200457899362199e-09	1.3159940600715793e-09	1.3056030866046745e-09	1.307645094345295e-09	1.2956382155901097e-09	1.2932421649784352e-09	1.2866926134220363e-09	1.2801377972714455e-09	1.2766788834983498e-09	1.2682644795574946e-09	1.2707469753162688e-09	1.262566724965089e-09	1.2584050709527567e-09	1.2523314275323706e-09	1.2481903059316914e-09	1.2448994066775041e-09	1.2390942756638152e-09	1.2430044365985095e-09	1.231904676592436e-09	1.2339224738209564e-09	1.2260725959729662e-09	1.224368488983003e-09	1.2217827608021979e-09	1.2175705992496487e-09	1.221079068491307e-09	1.2130351459440804e-09	1.2147716956358047e-09	1.2063576509938956e-09	1.207450783317603e-09	1.2075147468066336e-09	1.2064879930030792e-09	1.2060310424960569e-09	1.2009934845802302e-09	1.2020547013101969e-09	1.1947223417509075e-09	1.196920283594108e-09	1.197532797560621e-09	1.19820050884276e-09
X	X	2	2	1.8376593259113962e-10	1.8381196275464907e-10	1.834905076903934e-10	1.8326741997069978e-10	1.834291834075211e-10	1.8300395228840872e-10	1.829836325585976e-10	1.82348922237381e-10	1.8255456735965473e-10	1.8207999221062797e-10	1.8209848233205347e-10	1.8199348835236946e-10	1.8171553839994133e-10	1.8150608403533748e-10	1.8065802976572e-10	1.8090285367809178e-10	1.8042088579654303e-10	1.8061385539648265e-10	1.80314746719147e-10	1.7996789873179794e-10	1.7967846224662666e-10	1.790018632591896e-10	1.789178620884494e-10	1.782250140501159e-10	1.7865543544904646e-10	1.7815169060861717e-10	1.7771565568979634e-10	1.7717095424204286e-10	1.7672117139237141e-10	1.763806627104574e-10	1.7570274429128977e-10	1.7604636084078538e-10	1.753662816083335e-10	1.749431416054767e-10	1.7418704986862153e-10	1.7373722734639785e-10	1.7315392711965782e-10	1.7261053922813188e-10	1.7285377629852208e-10	1.7180639695511737e-10	1.7148925414009693e-10	1.705518400783782e-10	1.7002712275152136e-10	1.693181416341161e-10	1.6883802083325122e-10	1.6832815352064714e-10	1.677816720686965e-10	1.6737708778999042e-10	1.6632598121827762e-10	1.657507139023561e-10	1.647783861760773e-10	1.6443952706713454e-10	1.6377631325149748e-10	1.6323834141500713e-10	1.6274297093957263e-10	1.6160135642551975e-10	1.610194087643667e-10	1.5991859086989775e-10	1.5971889426606982e-10	1.588416366264595e-10	1.5832788727215598e-10	1.5770072172761503e-10	1.5658139278536003e-10	1.5593948321714106e-10	1.5477842291528862e-10	1.547744660774115e-10	1.5372332188489475e-10	1.531859947599735e-10	1.5247277505648268e-10	1.514891038072249e-10	1.5092590903142464e-10	1.4975846609577143e-10	1.4981933937118553e-10	1.4862177676563077e-10	1.4815068303685737e-10	1.4730423536784949e-10	1.4646491469416078e-10	1.460002116334281e-10	1.4490744579152257e-10	1.4498827344930777e-10	1.4375029891903757e-10	1.434602025033614e-10	1.427194422483956e-10	1.418482475708822e-10	1.4142072030568332e-10	1.404080413292926e-10	1.405409346883153e-10	1.393333008084147e-10	1.3912186171825847e-10	1.3839244184397476e-10	1.3772529009370626e-10	1.372980571372729e-10	1.3645930261097539e-10	1.3656720207724856e-10	1.357723618768505e-10	1.3527029210039597e-10	1.3456662901728057e-10	1.3408694542487032e-10	1.3363193083063037e-10	1.3304328464118972e-10	1.3329201492724287e-10	1.3218645825974763e-10	1.3218823108308497e-10	1.3135829294021549e-10	1.3107906837354952e-10	1.3068635304734968e-10	1.3017983388125957e-10	1.3037452444573417e-10	1.295477390756851e-10	1.2952707826281149e-10	1.2861295692694584e-10	1.2860402567916568e-10	1.2852280596457916e-10	1.2833076719879693e-10	1.2804988215378475e-10	1.2748516439011067e-10	1.2741860910617008e-10	1.2663181561047165e-10	1.2669964545708275e-10	1.2667180715657687e-10	1.2661802746078497e-10
X	X	3	3	2.6073482426605926e-11	2.6083785812153393e-11	2.605328047764646e-11	2.6025220475748732e-11	2.6054648810788595e-11	2.6002441836903744e-11	2.6002139382383074e-11	2.5927043421186093e-11	2.595839423133859e-11	2.5901111368224585e-11	2.5910461613149502e-11	2.5901968948495394e-11	2.5874806378413658e-11	2.5848109442514034e-11	2.5738001731897593e-11	2.5778616214245585e-11	2.57154224821462e-11	2.575146156023106e-11	2.571415476981351e-11	2.567298238744328e-11	2.5636833409655746e-11	2.5547828956829756e-11	2.5539089817194976e-11	2.5450969586474893e-11	2.5516128985857313e-11	2.5449396622179236e-11	2.539369435213306e-11	2.5318208967472686e-11	2.5263532182993117e-11	2.5218167511949945e-11	2.512894275210641e-11	2.517851155744008e-11	2.508470055693501e-11	2.5031331406540578e-11	2.4927034603355935e-11	2.4864989185474657e-11	2.4781283238753575e-11	2.4709075391332553e-11	2.474572278961346e-11	2.4598357035976068e-11	2.4556979973772315e-11	2.4423946293394825e-11	2.4351414655935473e-11	2.4251119100709963e-11	2.4183346583985474e-11	2.4112718963406034e-11	2.4032749949462322e-11	2.397582729819199e-11	2.3828600778126188e-11	2.3741669693108162e-11	2.3604972718148898e-11	2.355741672526003e-11	2.3459471933319175e-11	2.338283526139214e-11	2.330549059438062e-11	2.3145941109801087e-11	2.305941413258091e-11	2.2899260665556047e-11	2.2870428124579616e-11	2.274071246491686e-11	2.2668625134801833e-11	2.2575771233509122e-11	2.2413970775195088e-11	2.2321087811094083e-11	2.2149735865999544e-11	2.215255846745413e-11	2.1997807782079768e-11	2.1917104504141596e-11	2.181258547095608e-11	2.1666836412388135e-11	2.158716506872427e-11	2.1413127726489635e-11	2.142308738863709e-11	2.1249961530280318e-11	2.117634462126389e-11	2.105994622042367e-11	2.0933253270348968e-11	2.0866791285351934e-11	2.0708290401741012e-11	2.0715057969601604e-11	2.0536174533830898e-11	2.0488548975729365e-11	2.0382859610737888e-11	2.0258612361629857e-11	2.0191749663087717e-11	2.0046716268000633e-11	2.006042719065272e-11	1.9887527150705728e-11	1.9855543459442742e-11	1.9745288808024305e-11	1.9650382670417953e-11	1.958313053688542e-11	1.946615746352865e-11	1.9476271278178006e-11	1.9360288896977153e-11	1.928992384053635e-11	1.918410883033776e-11	1.9115723275795995e-11	1.9047825391482983e-11	1.8961572970231917e-11	1.8993125648417617e-11	1.883350510680309e-11	1.8832733146996592e-11	1.8713148748184616e-11	1.8675168476327823e-11	1.8617364881330505e-11	1.854547379562295e-11	1.8570575201853566e-11	1.8451405230688858e-11	1.8449103306801694e-11	1.831911165137736e-11	1.831812442857794e-11	1.8304949834959743e-11	1.8278259037519966e-11	1.8238520526514052e-11	1.8157983277647283e-11	1.8150774581871976e-11	1.803953209420195e-11	1.805186576805576e-11	1.8044178982262506e-11	1.8039081439315203e-11
X	X	4	4	2.3014022421456062e-12	2.302558864680923e-12	2.3021766941441246e-12	2.29989934050026e-12	2.3031503938420553e-12	2.2994274561968023e-12	2.2996338384223708e-12	2.2950119450107356e-12	2.297791634086573e-12	2.2940203519961703e-12	2.2954230482675317e-12	2.2949625869983517e-12	2.2941418666005658e-12	2.2919610574861365e-12	2.28356372423289e-12	2.287564620993034e-12	2.282343912926011e-12	2.2867373350114038e-12	2.283633421675936e-12	2.280810641248297e-12	2.2778555368230225e-12	2.2707648353709153e-12	2.270820094771031e-12	2.2629957049465408e-12	2.2697205770259653e-12	2.263893580963521e-12	2.259606284589496e-12	2.253611441301556e-12	2.2488273774779612e-12	2.2455677814709366e-12	2.237770652506669e-12	2.2422092381799016e-12	2.234282783810803e-12	2.2298271096936896e-12	2.2212370472427314e-12	2.2156449084982485e-12	2.208272949631408e-12	2.2020937883888126e-12	2.2053143663744305e-12	2.192843386599351e-12	2.1889995242280674e-12	2.177123790329476e-12	2.1708466222605986e-12	2.1618010229340467e-12	2.1557402622356613e-12	2.1496290665917453e-12	2.1424462772286737e-12	2.137437460241616e-12	2.1243701882463696e-12	2.1161910406781215e-12	2.1042600296412068e-12	2.0999292852228323e-12	2.0911703339291102e-12	2.0842869629482144e-12	2.077097941941172e-12	2.0631234763259012e-12	2.0548745835464292e-12	2.0407374113620804e-12	2.037974644380773e-12	2.0263667107050707e-12	2.0199333581826158e-12	2.011364941522679e-12	1.9969824185332102e-12	1.988570165300871e-12	1.9731574272214103e-12	1.9733544866215286e-12	1.9595093544612545e-12	1.952323630628797e-12	1.9428774378170905e-12	1.9294865689190804e-12	1.9223642615707934e-12	1.906873036441145e-12	1.907706149227975e-12	1.8926492891387668e-12	1.8856827634134833e-12	1.875650262492704e-12	1.8638535967889766e-12	1.8578994320790558e-12	1.8443300854928977e-12	1.8445478078575144e-12	1.8290191601585144e-12	1.82413703723475e-12	1.814890653920002e-12	1.804660851783714e-12	1.798195041985506e-12	1.785986738185136e-12	1.786933909518477e-12	1.7723131143163288e-12	1.7692858817265587e-12	1.7591054411509563e-12	1.7515993596095627e-12	1.7453298253235275e-12	1.7358872920037935e-12	1.7369513620836327e-12	1.7261624025514343e-12	1.7209639830978238e-12	1.7113359429190574e-12	1.7062777035948958e-12	1.7005958918075197e-12	1.6937547151355921e-12	1.6962124148678803e-12	1.6821098187424448e-12	1.683279865117776e-12	1.672661976005456e-12	1.6707099897212756e-12	1.6656783620461839e-12	1.6604995007546088e-12	1.662738189691153e-12	1.6521305279201865e-12	1.6534875924001863e-12	1.6421882421157862e-12	1.6433316520169852e-12	1.641779625268834e-12	1.6399174541321455e-12	1.6380183580754755e-12	1.6308731485688858e-12	1.6319768897181281e-12	1.6223675965383369e-12	1.6248439346002463e-12	1.6239269823565494e-12	1.6240367610353997e-12
X	X	5	5	3.0248210973597724e-13	3.026469308997063e-13	3.0283832300277134e-13	3.025518666328933e-13	3.03085733299008e-13	3.0266992156796223e-13	3.027141086758966e-13	3.02327302789132e-13	3.0270712508892387e-13	3.0235612176576624e-13	3.026072401787322e-13	3.0260678974790216e-13	3.02714617037307e-13	3.024664642269479e-13	3.015269962852481e-13	3.021067780369688e-13	3.01510446636192e-13	3.0231182151540523e-13	3.019402591971437e-13	3.0171177152856404e-13	3.0136753371917653e-13	3.0056451001785935e-13	3.0079907569547054e-13	2.9971190753530865e-13	3.008359984634709e-13	3.0011388387789665e-13	2.996685324524117e-13	2.991034093791222e-13	2.984445186272334e-13	2.982104419975511e-13	2.972661463829877e-13	2.9792855848575873e-13	2.9706045803370443e-13	2.965016454632129e-13	2.9556792031352795e-13	2.9489537802279285e-13	2.9399187171841276e-13	2.933433982010698e-13	2.937885213498215e-13	2.9233437178356077e-13	2.918902930682238e-13	2.903806375147139e-13	2.8971576013974456e-13	2.8851084134309105e-13	2.878779187543615e-13	2.871180210365915e-13	2.862380819405972e-13	2.8572729776348734e-13	2.8399978144701916e-13	2.830587167299123e-13	2.814806327437653e-13	2.8098737774336656e-13	2.7995430724572285e-13	2.790484930817127e-13	2.7824083961495796e-13	2.763793087843843e-13	2.7532842626612614e-13	2.7353727106479325e-13	2.7323367342242903e-13	2.717887134271496e-13	2.7091463885544606e-13	2.698379088591679e-13	2.67984452295056e-13	2.66916368919023e-13	2.6493395727725747e-13	2.649379694087153e-13	2.6315838490715394e-13	2.6226762132967673e-13	2.6104795726842227e-13	2.59297963964503e-13	2.5832556201194186e-13	2.5637262246045404e-13	2.564747618109399e-13	2.545349536597456e-13	2.5364385310063076e-13	2.523144516321367e-13	2.507839219572164e-13	2.499573992559647e-13	2.482438404360784e-13	2.482927141956425e-13	2.462561392732716e-13	2.4561421422743656e-13	2.443469256164489e-13	2.4310133722246183e-13	2.4221426819683814e-13	2.406486010203145e-13	2.4083858361919563e-13	2.388997865715799e-13	2.385041256694668e-13	2.371196519068747e-13	2.362100443641722e-13	2.353960024213766e-13	2.3417161009467977e-13	2.3441161287304556e-13	2.328969365175439e-13	2.322933054972371e-13	2.310138160208097e-13	2.3042706206577524e-13	2.297281841968978e-13	2.2887094404954056e-13	2.2916104677782895e-13	2.272728096761696e-13	2.2756078229473486e-13	2.261238237465761e-13	2.2600719462013858e-13	2.2530409949330303e-13	2.24743298125172e-13	2.2501667446684555e-13	2.2357366875972283e-13	2.2392066969903377e-13	2.223717288774339e-13	2.2265753929428755e-13	2.2236483342112783e-13	2.2213539311258135e-13	2.2204644775169557e-13	2.2103019617176959e-13	2.2134909691974512e-13	2.2003011031996912e-13	2.20456319241731e-13	2.2030633228374123e-13	2.2029760946687906e-13
X	X	6	6	3.38966605982417e-14	3.391273067426252e-14	3.3935362746780023e-14	3.3901549912465606e-14	3.396131270299428e-14	3.3913765237928636e-14	3.391648939308524e-14	3.3872381213675666e-14	3.3914933668662806e-14	3.387485543746519e-14	3.3902297716314255e-14	3.3901664263751323e-14	3.391479515401615e-14	3.3887645525152457e-14	3.378113477618536e-14	3.3844706941894515e-14	3.377907349519592e-14	3.387188783353487e-14	3.382912667091104e-14	3.380419495824145e-14	3.376419333314742e-14	3.367514880361671e-14	3.3706531537011705e-14	3.35794773327306e-14	3.3711116470497896e-14	3.36276542083072e-14	3.3579530403144245e-14	3.352307751890156e-14	3.344265356203493e-14	3.342190381165221e-14	3.331497577176683e-14	3.3392509588769523e-14	3.329904784831639e-14	3.323250366326378e-14	3.3134055029368454e-14	3.305834504711469e-14	3.295863448002941e-14	3.289018926724349e-14	3.293897083351993e-14	3.2781577009149266e-14	3.2731809435707636e-14	3.256369736522845e-14	3.2494090447272614e-14	3.235667083613106e-14	3.229253213777578e-14	3.220643282843404e-14	3.210985191614489e-14	3.2057285350400315e-14	3.186140994164092e-14	3.17623710893475e-14	3.158374676354578e-14	3.1529629376166174e-14	3.141971001758661e-14	3.131718414332034e-14	3.123231528517626e-14	3.102160220535418e-14	3.090525793503963e-14	3.070762799438888e-14	3.067609787964893e-14	3.051762121456674e-14	3.04177057027558e-14	3.0299897364145755e-14	3.0093310868247706e-14	2.997581237951245e-14	2.975620856451146e-14	2.9754090318809326e-14	2.955786508647103e-14	2.946018632615696e-14	2.932433225425863e-14	2.91313618951877e-14	2.901918800984241e-14	2.880676814997855e-14	2.881637122687893e-14	2.8599871702807727e-14	2.8504067935750856e-14	2.8353842487546495e-14	2.818488282689305e-14	2.809028099283091e-14	2.790095589466603e-14	2.790873431836106e-14	2.7681206996169464e-14	2.7610831139249898e-14	2.7467074008652834e-14	2.7330644719079926e-14	2.7231291315967692e-14	2.7057319520730687e-14	2.7083618768686108e-14	2.6864059523545175e-14	2.682087154346985e-14	2.6665673439745615e-14	2.656612313174117e-14	2.6477510149950904e-14	2.6338723291233096e-14	2.6372235327997835e-14	2.6198852957611865e-14	2.6134309208779948e-14	2.5993404058469084e-14	2.592842745895039e-14	2.5853795167934107e-14	2.5758053134712435e-14	2.5790997156665747e-14	2.5579237469652854e-14	2.561612517348534e-14	2.54549053778786e-14	2.544611223516032e-14	2.5365877216573296e-14	2.5307879520608955e-14	2.5338850714342262e-14	2.5175110658524e-14	2.522093246015792e-14	2.5045016444960454e-14	2.5080943596049696e-14	2.5046566451719918e-14	2.502086940549161e-14	2.501756102479347e-14	2.490059673812698e-14	2.494177651595001e-14	2.4792787539837066e-14	2.4842757132238736e-14	2.4825960735212162e-14	2.4824606056869777e-14
X	X	7	7	3.404297472019865e-15	3.404925348036531e-15	3.406046053525814e-15	3.4018971631487624e-15	3.406393602351839e-15	3.401212918055144e-15	3.400142413392928e-15	3.393542600054263e-15	3.3977403705038587e-15	3.3919042740143307e-15	3.3938650329136063e-15	3.3927180453016478e-15	3.3919880587979425e-15	3.389279670012026e-15	3.376106303415214e-15	3.3814173522446545e-15	3.3739285766142487e-15	3.381282333061135e-15	3.376043912216864e-15	3.37202282769876e-15	3.366407248743822e-15	3.3563809338714644e-15	3.357853652214168e-15	3.3436799007463866e-15	3.3559367838279373e-15	3.345139547670412e-15	3.339541211720494e-15	3.3327485841832046e-15	3.322257124315549e-15	3.319734828775837e-15	3.306104897700608e-15	3.313759512800848e-15	3.302629108800857e-15	3.2938884744506375e-15	3.2830153801396957e-15	3.273518371668289e-15	3.262719810290773e-15	3.2537499854016506e-15	3.257949409705013e-15	3.2411494052371485e-15	3.2345356215526722e-15	3.216099182840939e-15	3.2076857064147714e-15	3.1929517705791146e-15	3.1851112832800225e-15	3.1752833435547922e-15	3.1648323758734703e-15	3.157992137357542e-15	3.13738322385446e-15	3.12569754018546e-15	3.1076940843536356e-15	3.1005262368228546e-15	3.088845023523507e-15	3.0780765045899055e-15	3.068017941627162e-15	3.0463970693059615e-15	3.033425572997592e-15	3.0130465906673205e-15	3.009066081217597e-15	2.9925141789027673e-15	2.9821647851332586e-15	2.9696208441787916e-15	2.948156005640624e-15	2.935880078699281e-15	2.9133169238112856e-15	2.9123798113728687e-15	2.892582965582641e-15	2.882510290610385e-15	2.8681413625090848e-15	2.8486750150230482e-15	2.836794300680041e-15	2.815894507041047e-15	2.816192650302869e-15	2.7942542077767995e-15	2.7848992580567438e-15	2.7700579050224655e-15	2.7523996560485783e-15	2.742936329652228e-15	2.724249598095734e-15	2.7249378564064897e-15	2.7026815607537263e-15	2.6949987589962783e-15	2.6813117510277618e-15	2.6680172264000376e-15	2.6578970417723963e-15	2.641295793741398e-15	2.6442381772434073e-15	2.6229225189040426e-15	2.6185310426391844e-15	2.6032854227212907e-15	2.5943421441074274e-15	2.5857395072080988e-15	2.572424652617353e-15	2.576900255405014e-15	2.559165341256999e-15	2.554268902877049e-15	2.5409529112281794e-15	2.535089906740147e-15	2.528866241060128e-15	2.519941787539684e-15	2.523806473304257e-15	2.503321999440024e-15	2.5086564274657116e-15	2.4933272316189705e-15	2.493887210458798e-15	2.48664531404401e-15	2.4825332601302354e-15	2.4865459924862124e-15	2.4703886261349738e-15	2.4773730696699754e-15	2.46069954784129e-15	2.4655709707047945e-15	2.463004544703929e-15	2.4613416654412884e-15	2.4636850929732622e-15	2.452439408541773e-15	2.458624398796952e-15	2.4450494522894474e-15	2.4518398451134406e-15	2.4506025674584507e-15	2.452288921871432e-15
X	X	8	8	4.189221099446918e-16	4.186850292695346e-16	4.184998717209323e-16	4.1799146758606033e-16	4.1825266590456896e-16	4.1769065006105435e-16	4.173175407590933e-16	4.1604642139669014e-16	4.1666559111475126e-16	4.1567989962090293e-16	4.158062299568248e-16	4.157469152439852e-16	4.1530144915110767e-16	4.152637148251774e-16	4.133068757490667e-16	4.136943427641431e-16	4.1309856183188876e-16	4.137280545764455e-16	4.130994997622526e-16	4.1268095280114924e-16	4.118881955203034e-16	4.1091065850683997e-16	4.1086507053781446e-16	4.0928677601494186e-16	4.1088853960074396e-16	4.0936092354703264e-16	4.0890037061107353e-16	4.082487169120874e-16	4.069620062893531e-16	4.068749348521775e-16	4.052380151942165e-16	4.062477815181509e-16	4.0512606865164355e-16	4.0404555159942963e-16	4.029771169248861e-16	4.0205270419244965e-16	4.007076015168634e-16	3.999009553873362e-16	4.0057101523514842e-16	3.985884523826977e-16	3.981340380064619e-16	3.960575043278401e-16	3.9527513594989303e-16	3.936325857846337e-16	3.930011890992444e-16	3.9185637708798853e-16	3.908212981540295e-16	3.901978510113515e-16	3.8801212662432774e-16	3.8676749129278503e-16	3.846775457041557e-16	3.841603160953724e-16	3.8294995446889653e-16	3.816903805830512e-16	3.8077874210012954e-16	3.7834736383264635e-16	3.77064354170588e-16	3.7464054832583137e-16	3.7443357931910294e-16	3.726960258553278e-16	3.7153770828310157e-16	3.7022181345900375e-16	3.678133357381846e-16	3.6652340090245433e-16	3.639131931135996e-16	3.6394621323486857e-16	3.6174965150657684e-16	3.6070093475844256e-16	3.5895613806258747e-16	3.5695390152353634e-16	3.5556803080562867e-16	3.5327657905702557e-16	3.5343947984284143e-16	3.5073775282674433e-16	3.498993570620055e-16	3.4813145456834925e-16	3.460924118143506e-16	3.450978628425296e-16	3.4291650440694665e-16	3.431991539138596e-16	3.40526246811467e-16	3.397194639569291e-16	3.3814119764991926e-16	3.366205298937175e-16	3.3541494690907934e-16	3.3355259656876123e-16	3.341017807237478e-16	3.3146187754652374e-16	3.3103927405435016e-16	3.2924645697214173e-16	3.2825941314753306e-16	3.2728444867619004e-16	3.2565460740516106e-16	3.2640555327321545e-16	3.242666097663316e-16	3.2380955925332477e-16	3.22269063298762e-16	3.21550268335401e-16	3.2091150768536806e-16	3.198488553101833e-16	3.2038429881372966e-16	3.179773835191916e-16	3.187785666389546e-16	3.1699634580947324e-16	3.1709115411074297e-16	3.1624870515994455e-16	3.159246498976238e-16	3.164690354249531e-16	3.144748387281422e-16	3.15533575584792e-16	3.1363391900260595e-16	3.1420742249648104e-16	3.140579750650199e-16	3.139612746672529e-16	3.143741126589094e-16	3.130496040056417e-16	3.138693601407279e-16	3.1238094752364294e-16	3.13396072993006e-16	3.1321848621581493e-16	3.136810251041817e-16
