Upper State	Lower State	Upper Vib	Lower Vib	v = -30.0 km/s	v = -29.5 km/s	v = -29.0 km/s	v = -28.5 km/s	v = -28.0 km/s	v = -27.5 km/s	v = -27.0 km/s	v = -26.5 km/s	v = -26.0 km/s	v = -25.5 km/s	v = -25.0 km/s	v = -24.5 km/s	v = -24.0 km/s	v = -23.5 km/s	v = -23.0 km/s	v = -22.5 km/s	v = -22.0 km/s	v = -21.5 km/s	v = -21.0 km/s	v = -20.5 km/s	v = -20.0 km/s	v = -19.5 km/s	v = -19.0 km/s	v = -18.5 km/s	v = -18.0 km/s	v = -17.5 km/s	v = -17.0 km/s	v = -16.5 km/s	v = -16.0 km/s	v = -15.5 km/s	v = -15.0 km/s	v = -14.5 km/s	v = -14.0 km/s	v = -13.5 km/s	v = -13.0 km/s	v = -12.5 km/s	v = -12.0 km/s	v = -11.5 km/s	v = -11.0 km/s	v = -10.5 km/s	v = -10.0 km/s	v = -9.5 km/s	v = -9.0 km/s	v = -8.5 km/s	v = -8.0 km/s	v = -7.5 km/s	v = -7.0 km/s	v = -6.5 km/s	v = -6.0 km/s	v = -5.5 km/s	v = -5.0 km/s	v = -4.5 km/s	v = -4.0 km/s	v = -3.5 km/s	v = -3.0 km/s	v = -2.5 km/s	v = -2.0 km/s	v = -1.5 km/s	v = -1.0 km/s	v = -0.5 km/s	v = 0.0 km/s	v = 0.5 km/s	v = 1.0 km/s	v = 1.5 km/s	v = 2.0 km/s	v = 2.5 km/s	v = 3.0 km/s	v = 3.5 km/s	v = 4.0 km/s	v = 4.5 km/s	v = 5.0 km/s	v = 5.5 km/s	v = 6.0 km/s	v = 6.5 km/s	v = 7.0 km/s	v = 7.5 km/s	v = 8.0 km/s	v = 8.5 km/s	v = 9.0 km/s	v = 9.5 km/s	v = 10.0 km/s	v = 10.5 km/s	v = 11.0 km/s	v = 11.5 km/s	v = 12.0 km/s	v = 12.5 km/s	v = 13.0 km/s	v = 13.5 km/s	v = 14.0 km/s	v = 14.5 km/s	v = 15.0 km/s	v = 15.5 km/s	v = 16.0 km/s	v = 16.5 km/s	v = 17.0 km/s	v = 17.5 km/s	v = 18.0 km/s	v = 18.5 km/s	v = 19.0 km/s	v = 19.5 km/s	v = 20.0 km/s	v = 20.5 km/s	v = 21.0 km/s	v = 21.5 km/s	v = 22.0 km/s	v = 22.5 km/s	v = 23.0 km/s	v = 23.5 km/s	v = 24.0 km/s	v = 24.5 km/s	v = 25.0 km/s	v = 25.5 km/s	v = 26.0 km/s	v = 26.5 km/s	v = 27.0 km/s	v = 27.5 km/s	v = 28.0 km/s	v = 28.5 km/s	v = 29.0 km/s	v = 29.5 km/s	v = 30.0 km/s
X	X	7	0	9.488860321748226e-38	9.49437725375135e-38	9.51814544771358e-38	9.515730822327778e-38	9.522750881533614e-38	9.539130482689383e-38	9.542570267228735e-38	9.561330455486479e-38	9.559821219689723e-38	9.56536118701977e-38	9.579868090133133e-38	9.579732353610145e-38	9.598533728630323e-38	9.59645165891055e-38	9.598178902224632e-38	9.610795868392565e-38	9.608874723017213e-38	9.624526130256696e-38	9.620251900133492e-38	9.62407299909066e-38	9.631321086786462e-38	9.625797402436724e-38	9.640414212911347e-38	9.630744065890665e-38	9.638213607962622e-38	9.640710032465852e-38	9.63609841899771e-38	9.644532077691917e-38	9.634843636055464e-38	9.640132909798824e-38	9.638825497754655e-38	9.636629860362713e-38	9.640420556075292e-38	9.63169310390174e-38	9.632994129636215e-38	9.629565544925226e-38	9.626749748206595e-38	9.626268541613481e-38	9.622199780828143e-38	9.619975379124946e-38	9.612798834625117e-38	9.607919519008856e-38	9.604089973032074e-38	9.602440161063427e-38	9.597042076328673e-38	9.589586099913303e-38	9.585666125595178e-38	9.57922370872576e-38	9.574862818993048e-38	9.567322656576337e-38	9.561166769225052e-38	9.55413411851768e-38	9.548217389429242e-38	9.545125221646647e-38	9.537831206377623e-38	9.528209326188162e-38	9.521903780021165e-38	9.516296033580632e-38	9.510240919758738e-38	9.50545941021107e-38	9.494815049056815e-38	9.489470084766078e-38	9.48288330496607e-38	9.477667205076183e-38	9.470596942272098e-38	9.461366406146773e-38	9.456318887910463e-38	9.451296948603565e-38	9.44376690966406e-38	9.438565067346569e-38	9.430197215490336e-38	9.423930377544713e-38	9.421109193822445e-38	9.414251436786098e-38	9.410184916400617e-38	9.403157405515527e-38	9.395288393286683e-38	9.393452633487713e-38	9.38902629181063e-38	9.386666202818839e-38	9.378554673581801e-38	9.373482095032207e-38	9.372013194530915e-38	9.368192420175383e-38	9.364932985674918e-38	9.354775197147645e-38	9.359359505531967e-38	9.353483237545245e-38	9.352681126230068e-38	9.349211203876027e-38	9.342045911096813e-38	9.343921156383421e-38	9.339075694920809e-38	9.340752466807562e-38	9.338032690094011e-38	9.332926628740769e-38	9.335426940778876e-38	9.329188839759539e-38	9.330858784455624e-38	9.329054937649812e-38	9.325030503041072e-38	9.32693357381361e-38	9.323380343041839e-38	9.322254282564422e-38	9.325778655660994e-38	9.318314226496027e-38	9.320865701841062e-38	9.321055332995604e-38	9.315862974056759e-38	9.320135377645758e-38	9.313769552909674e-38	9.315307953461706e-38	9.313704582469949e-38	9.311134861762481e-38	9.314089790487004e-38	9.308879942333996e-38	9.309507384932392e-38	9.305727757620571e-38	9.306919391138746e-38	9.30305027207012e-38	9.302469997367399e-38
X	X	8	1	1.0698318379082816e-37	1.0699259154398812e-37	1.0721309138086238e-37	1.0715795500367088e-37	1.0720898907441933e-37	1.0738419507521303e-37	1.0737846919226046e-37	1.0755021190464848e-37	1.07510392352915e-37	1.0755273992708832e-37	1.0772121839156027e-37	1.0772008818022232e-37	1.0790328316872548e-37	1.0791163647545136e-37	1.0791826418382004e-37	1.0803041007967109e-37	1.0806127247345553e-37	1.0822132576571984e-37	1.0821028467232514e-37	1.0828621467338788e-37	1.0835730847057289e-37	1.083737362519366e-37	1.0849707115538804e-37	1.0846700873538818e-37	1.0857072061613988e-37	1.0859224163491515e-37	1.0863029222314523e-37	1.0876574177485844e-37	1.0871462304468457e-37	1.0879060397042418e-37	1.0884547345485205e-37	1.0885532134382722e-37	1.089371260482895e-37	1.0890783375702438e-37	1.0898159170540944e-37	1.0904962374848199e-37	1.0901157938149224e-37	1.0908468843872254e-37	1.091072228985408e-37	1.0912326907003373e-37	1.0912882792499096e-37	1.0913931283903857e-37	1.0918443903023655e-37	1.0923142545827133e-37	1.0924999337257496e-37	1.0921086859282994e-37	1.0924131725871726e-37	1.0925808511990303e-37	1.0926841962023627e-37	1.092538359914297e-37	1.0924885025247491e-37	1.0927589484072304e-37	1.0926413575340722e-37	1.0926897361528066e-37	1.0928055196525906e-37	1.0927240109129604e-37	1.092569824505252e-37	1.0924464503078543e-37	1.0926856989811859e-37	1.0930088620977356e-37	1.092198684657731e-37	1.0924779447417184e-37	1.0925545378998148e-37	1.0926600974040284e-37	1.0923820253589267e-37	1.0919169895890512e-37	1.0921496530462473e-37	1.0925147452883154e-37	1.091510508512875e-37	1.0922070107902925e-37	1.0919874987898323e-37	1.0920724471663073e-37	1.0922854254015548e-37	1.0916494284909177e-37	1.0921908156463103e-37	1.0922362904062389e-37	1.0915157653214653e-37	1.0919814829829582e-37	1.0925961165773754e-37	1.0924871994979094e-37	1.092526349252751e-37	1.0922876946908142e-37	1.0929624365481859e-37	1.0931974939007157e-37	1.0929148450281773e-37	1.0926256650819342e-37	1.0942525496225058e-37	1.0937468945131937e-37	1.0943064885899618e-37	1.0945815390979905e-37	1.0946747785574949e-37	1.0952140309680886e-37	1.095121450836011e-37	1.096207398431548e-37	1.0966234356870863e-37	1.0966898011061113e-37	1.0980866901734132e-37	1.0975270604612397e-37	1.0986739522095216e-37	1.0987972142766192e-37	1.0989559775389672e-37	1.1002120890523461e-37	1.1004910598373999e-37	1.1013856988705062e-37	1.102461534294306e-37	1.1021588376548281e-37	1.1033781097645105e-37	1.104196862441945e-37	1.1040349461499813e-37	1.1053180877791224e-37	1.106502728111235e-37	1.1061829541401978e-37	1.1076458510005865e-37	1.1078859642700045e-37	1.1090053754859462e-37	1.1096473270306006e-37	1.1098625461883524e-37	1.1109589348092747e-37	1.112352164349779e-37	1.1118598578870582e-37	1.113038756393617e-37
X	X	6	0	1.5501260807205617e-35	1.5509495152635633e-35	1.555247221419091e-35	1.5553296121142206e-35	1.5566511065702362e-35	1.5599999377756647e-35	1.5605916328977926e-35	1.5647782361900478e-35	1.564616210074684e-35	1.5658753151756982e-35	1.5688067698595218e-35	1.5690511551029965e-35	1.5730473342247547e-35	1.5726627401028567e-35	1.5738487932271553e-35	1.5763291113734305e-35	1.5764972546694754e-35	1.579688328525917e-35	1.5792372692351033e-35	1.580554791229497e-35	1.58235437265575e-35	1.5822395417930003e-35	1.5848734294290464e-35	1.5838371824777393e-35	1.5856819021111296e-35	1.5866676288794352e-35	1.5865843626990188e-35	1.5882871983520417e-35	1.5876685103615496e-35	1.5888551182514915e-35	1.589313561409628e-35	1.589372195587128e-35	1.5906408873306207e-35	1.5899381639629543e-35	1.5907555260417846e-35	1.5907839023136973e-35	1.590741275279616e-35	1.591430249630385e-35	1.5910294950679787e-35	1.591275946718111e-35	1.590787636153929e-35	1.5906618466769776e-35	1.5907009327221105e-35	1.5907144758107789e-35	1.5904920587512943e-35	1.5897942685800149e-35	1.5895737118029722e-35	1.5893280321800713e-35	1.5891703316876524e-35	1.5886723062903823e-35	1.587922198069434e-35	1.5875025884987734e-35	1.586964219689007e-35	1.586947869813011e-35	1.5862419922027924e-35	1.585445089276349e-35	1.5849431448051105e-35	1.584455314670448e-35	1.584255599012543e-35	1.583610930200981e-35	1.582674345084264e-35	1.5821488087200177e-35	1.5817500911633035e-35	1.5815331736432552e-35	1.5807234341869376e-35	1.5799115240322367e-35	1.5794249017578092e-35	1.579099925633797e-35	1.5788553627568874e-35	1.5783950469364505e-35	1.5775424353950291e-35	1.5769808499354503e-35	1.5770060829059066e-35	1.576645537144412e-35	1.5763641435022984e-35	1.5755285611535457e-35	1.5751577777587903e-35	1.5754614587077308e-35	1.575045770930644e-35	1.5751852158598702e-35	1.5741436159308867e-35	1.5742663487986814e-35	1.5744702464531849e-35	1.574111619289248e-35	1.574490433368152e-35	1.5731401283965727e-35	1.5739030638163058e-35	1.573856730643609e-35	1.5739187730026361e-35	1.5744889135059987e-35	1.57324326740865e-35	1.5741242758430831e-35	1.5740991853989844e-35	1.5741909563844124e-35	1.5748423649579085e-35	1.5738463548795248e-35	1.5748558337060015e-35	1.5743128233037282e-35	1.5748126240214584e-35	1.5751625120974197e-35	1.5745482567324005e-35	1.5757148526398426e-35	1.575043876439374e-35	1.5754802565256594e-35	1.5759633575341322e-35	1.5753678113026222e-35	1.5761001797703612e-35	1.5760329641116217e-35	1.5761918151553322e-35	1.5765293249812132e-35	1.5760988825744594e-35	1.576578500155804e-35	1.576661336869717e-35	1.5766369981632697e-35	1.5769933202608204e-35	1.5766198841331887e-35	1.5767581129693655e-35	1.5765689133577988e-35	1.5765747363856778e-35	1.5767793985036903e-35	1.57662396748279e-35
X	X	7	1	1.4661584804549954e-36	1.4670109220701829e-36	1.470683433103249e-36	1.470310340956726e-36	1.4713950356114763e-36	1.473925908671487e-36	1.474457402672222e-36	1.4773561092196185e-36	1.4771229110509607e-36	1.4779789123743572e-36	1.4802204272246004e-36	1.4801994541005957e-36	1.4831045237183549e-36	1.4827828157489873e-36	1.4830496998537666e-36	1.4849991931247218e-36	1.4847023504999503e-36	1.487120706127028e-36	1.486460279542861e-36	1.4870506918016782e-36	1.4881706211896656e-36	1.4873171371259431e-36	1.4895756342624483e-36	1.4880814654845224e-36	1.4892356103768288e-36	1.4896213433665211e-36	1.4889087861350924e-36	1.4902119026738334e-36	1.488714906577017e-36	1.4895321720873699e-36	1.489330160331206e-36	1.4889909031220516e-36	1.4895766188673794e-36	1.488228108630147e-36	1.4884291361639611e-36	1.4878993736486305e-36	1.4874642957712838e-36	1.4873899435501941e-36	1.4867612636088762e-36	1.4864175651116546e-36	1.4853086911766126e-36	1.48455477228929e-36	1.4839630557482923e-36	1.48370813903971e-36	1.4828740616540554e-36	1.4817220122641216e-36	1.4811163238831983e-36	1.4801208828592132e-36	1.4794470682291573e-36	1.4782820111089912e-36	1.477330844530389e-36	1.4762442042226678e-36	1.4753299899971003e-36	1.4748522091232327e-36	1.4737251850043302e-36	1.4722384754350701e-36	1.4712641837756145e-36	1.4703977128338525e-36	1.4694621150276141e-36	1.4687233084763609e-36	1.4670786102565322e-36	1.4662527416726047e-36	1.4652349966972679e-36	1.4644290394541214e-36	1.4633365899942168e-36	1.4619103456758337e-36	1.4611304376567408e-36	1.4603544805649837e-36	1.4591909884733213e-36	1.4583872350011149e-36	1.457094289039975e-36	1.4561259794211377e-36	1.455690067816082e-36	1.4546304535597585e-36	1.4540021216129804e-36	1.4529162772471369e-36	1.4517004092718952e-36	1.4514167607432239e-36	1.450732832813162e-36	1.450368166624024e-36	1.4491148275579618e-36	1.4483310456573627e-36	1.4481040826684692e-36	1.4475137223373056e-36	1.4470100967216516e-36	1.4454405814928369e-36	1.4461489196704482e-36	1.4452409589635842e-36	1.4451170223169659e-36	1.4445808743568687e-36	1.443473739527157e-36	1.4437634921696368e-36	1.4430148038287683e-36	1.4432738876357638e-36	1.4428536476860475e-36	1.4420646917996928e-36	1.4424510266750317e-36	1.441487155281245e-36	1.4417451858388405e-36	1.4414664680831684e-36	1.4408446375315499e-36	1.4411386912624756e-36	1.4405896676417632e-36	1.4404156784937498e-36	1.440960242231648e-36	1.4398068870465492e-36	1.4402011256124642e-36	1.4402304259408767e-36	1.4394281379900717e-36	1.440088281865022e-36	1.4391046775421926e-36	1.4393423807312373e-36	1.4390946386767978e-36	1.4386975820671816e-36	1.4391541588922213e-36	1.4383491679285812e-36	1.4384461155023532e-36	1.4378621136618352e-36	1.4380462363703785e-36	1.4374484049536922e-36	1.437358744548834e-36
X	X	8	2	2.3953343288936136e-37	2.395544967550559e-37	2.4004819206872086e-37	2.3992474277236565e-37	2.400390071158577e-37	2.404312903864236e-37	2.4041847030540597e-37	2.4080299946488077e-37	2.407138440538818e-37	2.4080865967843286e-37	2.411858800165983e-37	2.4118334948719107e-37	2.4159351991418163e-37	2.416122228327872e-37	2.4162706245781196e-37	2.418781550929503e-37	2.4194725551740213e-37	2.423056119259591e-37	2.4228089119509527e-37	2.4245089717377525e-37	2.42610075074765e-37	2.426468566952587e-37	2.4292300141306876e-37	2.4285569238085936e-37	2.430879011891183e-37	2.4313608662803757e-37	2.4322128122743368e-37	2.4352455054636637e-37	2.434100967329544e-37	2.4358021671652026e-37	2.43703068772483e-37	2.4372511780587415e-37	2.439082773231159e-37	2.438426925011191e-37	2.440078354320238e-37	2.4416015810684863e-37	2.4407497764159627e-37	2.4423866764017216e-37	2.442891217668867e-37	2.44325049199148e-37	2.4433749540524654e-37	2.4436097128818948e-37	2.4446200813676393e-37	2.4456721023120235e-37	2.44608783511779e-37	2.445211839848008e-37	2.4458935821224477e-37	2.4462690122840257e-37	2.44650040381666e-37	2.4461738807072307e-37	2.4460622546651137e-37	2.4466677786330393e-37	2.4464044967487797e-37	2.446512817952043e-37	2.446772056704024e-37	2.446589564278881e-37	2.4462443458192284e-37	2.4459681176713364e-37	2.4465037910997414e-37	2.447227351067687e-37	2.4454133798141053e-37	2.4460386407656607e-37	2.4462101359233823e-37	2.4464464842544123e-37	2.4458238907297676e-37	2.4447826832492547e-37	2.445303616962314e-37	2.4461210542150852e-37	2.4438725889969024e-37	2.445432049029643e-37	2.44494056851791e-37	2.445130770601704e-37	2.4456076248840865e-37	2.444183644348898e-37	2.445395802209616e-37	2.4454976235939882e-37	2.4438843838978237e-37	2.444927120035085e-37	2.446303278356908e-37	2.4460594142317765e-37	2.446147075739496e-37	2.445612733715184e-37	2.447123472956967e-37	2.447649765028073e-37	2.44701692199583e-37	2.4463694566454863e-37	2.4500120224503086e-37	2.4488798750251394e-37	2.450132797282287e-37	2.4507486352265764e-37	2.4509573983710865e-37	2.452164777939203e-37	2.451957495893579e-37	2.4543889127362204e-37	2.4553204180938714e-37	2.455469009698073e-37	2.4585966245508576e-37	2.4573436244886413e-37	2.459911497299325e-37	2.4601874813018612e-37	2.4605429490088346e-37	2.463355366605459e-37	2.4639799758328577e-37	2.465983061716462e-37	2.4683918384286524e-37	2.4677141083468497e-37	2.4704440384579455e-37	2.4722772112030143e-37	2.471914688178128e-37	2.474787618013896e-37	2.4774400123142056e-37	2.4767240425244424e-37	2.4799994444949107e-37	2.480537054692968e-37	2.4830433967031493e-37	2.4844807186894144e-37	2.4849625889871387e-37	2.487417388178517e-37	2.490536803194158e-37	2.489434538467127e-37	2.49207407143517e-37
X	X	5	0	8.121982097186176e-35	8.126351169601303e-35	8.147113603959219e-35	8.148921669754865e-35	8.155493675656743e-35	8.172167312962379e-35	8.1753044601036e-35	8.19628174064448e-35	8.196160496643233e-35	8.202695189023457e-35	8.216954001141171e-35	8.218349785293873e-35	8.238495358660784e-35	8.236552362112688e-35	8.24303732815152e-35	8.255276899711788e-35	8.256125938215243e-35	8.271880003456511e-35	8.269448338668231e-35	8.276700643800723e-35	8.285451521136244e-35	8.285144627202861e-35	8.29750743871216e-35	8.292601841715408e-35	8.302355199238461e-35	8.306573350918915e-35	8.30669360334912e-35	8.314362632551313e-35	8.311603593925792e-35	8.318053092214356e-35	8.318853366202553e-35	8.320037179202867e-35	8.325920433930966e-35	8.322316405544471e-35	8.32696432037904e-35	8.325896645799454e-35	8.326449913617152e-35	8.329492409163604e-35	8.327290090170704e-35	8.328743348952549e-35	8.325585115838529e-35	8.32549986749419e-35	8.324986586820408e-35	8.325513344425738e-35	8.323900232867326e-35	8.320447805219448e-35	8.319677536205338e-35	8.318008786830089e-35	8.317819591392888e-35	8.314825051909486e-35	8.311480087941462e-35	8.309754239776443e-35	8.306108435703123e-35	8.307007962355645e-35	8.302956638876812e-35	8.29995382585944e-35	8.297510640482342e-35	8.294833563986765e-35	8.294376198191943e-35	8.290869786117333e-35	8.287451853544983e-35	8.284612022770236e-35	8.28325138083321e-35	8.282518563595806e-35	8.278113563004897e-35	8.275816011891208e-35	8.273061549924117e-35	8.272358577246515e-35	8.271756898303919e-35	8.269305060375905e-35	8.266913307617522e-35	8.263463395784575e-35	8.265126232334893e-35	8.263675065150721e-35	8.262496481146692e-35	8.259725688537059e-35	8.25779013257847e-35	8.261472704888759e-35	8.258804670681466e-35	8.26075980590254e-35	8.256411109035761e-35	8.25737361230998e-35	8.260252126165562e-35	8.257736855497449e-35	8.261621323144891e-35	8.255393627795952e-35	8.258843140566298e-35	8.260720095109267e-35	8.260511654883879e-35	8.265703001035913e-35	8.259262546425918e-35	8.264218924931385e-35	8.265516205599447e-35	8.264838160197843e-35	8.270727243039835e-35	8.265208490084682e-35	8.270811732512625e-35	8.268721476208517e-35	8.27105629246726e-35	8.274282247376359e-35	8.270788816612223e-35	8.277749863773153e-35	8.274404940181866e-35	8.276827285962534e-35	8.279225953388057e-35	8.276647310482808e-35	8.280511477758086e-35	8.280015535522249e-35	8.281525292857836e-35	8.282550140877187e-35	8.280419112503537e-35	8.282939938364879e-35	8.283612298584692e-35	8.283642523330476e-35	8.284770740373492e-35	8.282566968244788e-35	8.282843418209256e-35	8.28190809209202e-35	8.281160643010244e-35	8.282405245734379e-35	8.280846612515266e-35
X	X	6	1	6.984884364763334e-36	6.988594768785612e-36	7.007960275545739e-36	7.008331526744114e-36	7.014286196654163e-36	7.029376060008977e-36	7.032042243719931e-36	7.050907116121494e-36	7.050177027466023e-36	7.055850565593399e-36	7.069059729763101e-36	7.070160932528257e-36	7.088167755382842e-36	7.0864347693519e-36	7.091779131103564e-36	7.1029554720332e-36	7.103713125038639e-36	7.118092139654445e-36	7.116059660628434e-36	7.121996427196286e-36	7.130105356404809e-36	7.12958792436128e-36	7.141456248936765e-36	7.13678690520215e-36	7.145099236883606e-36	7.149540927101222e-36	7.149165728229465e-36	7.15683871909898e-36	7.154050902799933e-36	7.15939776822433e-36	7.16146351333072e-36	7.161727724504323e-36	7.167444456734322e-36	7.164277976815689e-36	7.16796101327787e-36	7.168088874615203e-36	7.167896791776548e-36	7.171001314436833e-36	7.169195513914176e-36	7.170306019198019e-36	7.168105686007787e-36	7.167538868904192e-36	7.167714988360499e-36	7.167776006334685e-36	7.166773791025381e-36	7.163629537898633e-36	7.162635701805025e-36	7.161528665208286e-36	7.160818054943715e-36	7.158573943358875e-36	7.155193938671578e-36	7.15330317268894e-36	7.15087727183202e-36	7.150803593436465e-36	7.147622898280064e-36	7.144032034866689e-36	7.141770262230266e-36	7.139572083765273e-36	7.138672162692671e-36	7.135767270071355e-36	7.131547003090312e-36	7.129178924691941e-36	7.12738228843853e-36	7.126404849210695e-36	7.122756143115634e-36	7.119097669116482e-36	7.116904932936877e-36	7.115440582129352e-36	7.114338570901879e-36	7.112264373153243e-36	7.108422490369703e-36	7.105891969161297e-36	7.106005670029311e-36	7.104381033879108e-36	7.103113066426343e-36	7.099347914356261e-36	7.097677151842718e-36	7.099045534478165e-36	7.097172430563664e-36	7.097800771364105e-36	7.093107297570944e-36	7.093660329264806e-36	7.094579083640158e-36	7.092963099053104e-36	7.094670031757955e-36	7.088585534689946e-36	7.092023329935567e-36	7.091814537725616e-36	7.092094098981169e-36	7.094663145990142e-36	7.08905024789184e-36	7.093020073303785e-36	7.092907007093438e-36	7.093320529207028e-36	7.09625577020892e-36	7.091767736246823e-36	7.096316446217141e-36	7.093869633040067e-36	7.096121733630989e-36	7.097698326521487e-36	7.094930486979726e-36	7.100187164364392e-36	7.097163741918587e-36	7.099130062576226e-36	7.101306920178517e-36	7.098623376832963e-36	7.101923431886434e-36	7.101620558184366e-36	7.102336330661005e-36	7.103857156051993e-36	7.101917565645277e-36	7.104078729464519e-36	7.104451988685106e-36	7.104342315688718e-36	7.10594790526284e-36	7.104265189680694e-36	7.10488805279559e-36	7.104035506251425e-36	7.104061748172448e-36	7.104983955057287e-36	7.104283580185584e-36
X	X	7	2	8.189698678881854e-36	8.194460263640662e-36	8.21497424985384e-36	8.21289022176002e-36	8.218949133508204e-36	8.233086132027605e-36	8.236054960739005e-36	8.252246609883697e-36	8.250944009773043e-36	8.255725476255596e-36	8.268246175544025e-36	8.26812902330826e-36	8.284356219573754e-36	8.282559215338507e-36	8.284049975106504e-36	8.29493949668952e-36	8.293281384144969e-36	8.306789887952805e-36	8.303100861704477e-36	8.3063987973488e-36	8.312654518026671e-36	8.30788710598317e-36	8.320502664803796e-36	8.312156500813207e-36	8.318603354069574e-36	8.32075798298354e-36	8.316777765790194e-36	8.324056735889828e-36	8.31569478170161e-36	8.320259878022247e-36	8.319131470334948e-36	8.317236446461075e-36	8.320508142344672e-36	8.312975604233787e-36	8.314098501672917e-36	8.311139339988564e-36	8.30870906717881e-36	8.308293745191302e-36	8.304782055775501e-36	8.302862208010332e-36	8.296668235907771e-36	8.292456970221341e-36	8.28915174462851e-36	8.287727816877157e-36	8.283068807941963e-36	8.27663366259544e-36	8.273250390019078e-36	8.267690033023471e-36	8.263926213513944e-36	8.257418408542454e-36	8.25210535223941e-36	8.246035572847779e-36	8.240928930004736e-36	8.238260125392199e-36	8.23196476642217e-36	8.223660261769469e-36	8.218218036580991e-36	8.213378073067411e-36	8.208151991487017e-36	8.204025140798232e-36	8.194838146622623e-36	8.190224985862063e-36	8.184540032741716e-36	8.180038093014761e-36	8.17393585284952e-36	8.165969109745384e-36	8.161612671140199e-36	8.157278308406022e-36	8.150779241447556e-36	8.14628960775082e-36	8.139067436305113e-36	8.133658620374566e-36	8.131223697198933e-36	8.125304867824135e-36	8.121795113311906e-36	8.115729771283275e-36	8.108938141425138e-36	8.107353724571215e-36	8.103533414389199e-36	8.101496455425302e-36	8.094495513408378e-36	8.090117444430229e-36	8.088849659089409e-36	8.085552004773448e-36	8.082738834858652e-36	8.073971795108163e-36	8.077928445615062e-36	8.072856725372238e-36	8.072164434991731e-36	8.069169596672391e-36	8.062985336173287e-36	8.064603834518357e-36	8.060421787624348e-36	8.061868985068229e-36	8.059521586821035e-36	8.055114619015301e-36	8.057272604088915e-36	8.051888589205251e-36	8.053329895334269e-36	8.051773021965734e-36	8.048299590125798e-36	8.049942105390462e-36	8.046875362436447e-36	8.045903477647366e-36	8.048945313281861e-36	8.04250287271557e-36	8.044705014882865e-36	8.044868682632852e-36	8.040387234085529e-36	8.044074683529848e-36	8.038580433639568e-36	8.039908204514214e-36	8.038524358578663e-36	8.036306469884227e-36	8.038856826313304e-36	8.034360282603612e-36	8.034901818673612e-36	8.031639678303611e-36	8.032668159383925e-36	8.029328778674483e-36	8.028827951922219e-36
X	X	8	3	1.788966548541848e-35	1.789123864597966e-35	1.7928110502480242e-35	1.791889063105782e-35	1.792742451797281e-35	1.795672236660854e-35	1.7955764889232902e-35	1.798448361151119e-35	1.7977825006249462e-35	1.798490634625592e-35	1.801307921815131e-35	1.801289022472376e-35	1.804352398628127e-35	1.8044920821650107e-35	1.8046029109488949e-35	1.806478208028551e-35	1.806994287332011e-35	1.809670689032719e-35	1.8094860606782114e-35	1.8107557578526528e-35	1.8119445845114952e-35	1.812219289140417e-35	1.8142816883500925e-35	1.8137789867061746e-35	1.8155132502233699e-35	1.8158731239893239e-35	1.8165094037246816e-35	1.8187743836263945e-35	1.8179195794270176e-35	1.8191901281337398e-35	1.8201076529898842e-35	1.820272328365815e-35	1.8216402623721418e-35	1.8211504385792737e-35	1.822383815108161e-35	1.8235214432629323e-35	1.8228852679785162e-35	1.824107793625366e-35	1.8244846132831382e-35	1.8247529371362743e-35	1.8248458920414994e-35	1.8250212208859313e-35	1.8257758186534798e-35	1.8265615236321137e-35	1.8268720153158572e-35	1.8262177733553035e-35	1.826726934604919e-35	1.827007325953601e-35	1.8271801396817244e-35	1.8269362734507496e-35	1.8268529029998664e-35	1.8273051411204798e-35	1.8271085067606734e-35	1.8271894056931689e-35	1.8273830185112327e-35	1.8272467209450212e-35	1.826988891782202e-35	1.8267825871041313e-35	1.827182657319989e-35	1.8277230495340665e-35	1.826368275871494e-35	1.8268352534999082e-35	1.8269633330597976e-35	1.827139849566103e-35	1.8266748601213605e-35	1.8258972298721442e-35	1.826286289265101e-35	1.826896794851432e-35	1.8252175165993834e-35	1.826382204451963e-35	1.8260151383812866e-35	1.826157189434433e-35	1.8265133303587426e-35	1.8254498211214682e-35	1.8263551259162652e-35	1.8264311694283342e-35	1.8252263122310936e-35	1.826005083135713e-35	1.827032870825767e-35	1.8268507401678062e-35	1.8269162073977267e-35	1.8265171308980854e-35	1.8276454311934782e-35	1.8280384933232317e-35	1.8275658501045858e-35	1.8270822857928653e-35	1.829802752711525e-35	1.828957200305291e-35	1.8298929504887263e-35	1.830352889346657e-35	1.8305088041724762e-35	1.831410539550178e-35	1.8312557282664537e-35	1.8330716434130529e-35	1.833767339612931e-35	1.8338783156068358e-35	1.8362141864460722e-35	1.8352783770867699e-35	1.8371962033397483e-35	1.8374023219600845e-35	1.837667804880215e-35	1.8397682685578298e-35	1.840234761589267e-35	1.8417307728261163e-35	1.8435297786317578e-35	1.8430236115599002e-35	1.845062471611708e-35	1.846431585092122e-35	1.8461608305922174e-35	1.8483064922554477e-35	1.85028744211778e-35	1.8497527176173664e-35	1.8521989656416935e-35	1.8526004818359585e-35	1.8544723548039628e-35	1.855545823261276e-35	1.8559057111564318e-35	1.8577390867901487e-35	1.860068836882475e-35	1.859245605026921e-35	1.861216952290279e-35
X	X	4	0	6.686356745107106e-32	6.68950565017874e-32	6.699405031277822e-32	6.703071401196386e-32	6.707217565567854e-32	6.71625994688589e-32	6.719013317496548e-32	6.729992914843834e-32	6.731867059117395e-32	6.735556545748039e-32	6.74319841499261e-32	6.74434328126398e-32	6.756342131608029e-32	6.755526903792973e-32	6.758896215986018e-32	6.766261379015172e-32	6.766564960795482e-32	6.775191672715618e-32	6.773729657952677e-32	6.779005967983545e-32	6.783589595486242e-32	6.782640173708901e-32	6.789131147999985e-32	6.786253292540096e-32	6.793412404465936e-32	6.794258867999108e-32	6.794566268359945e-32	6.798008375169266e-32	6.795911945385277e-32	6.80103399802339e-32	6.798220045404327e-32	6.801001808353368e-32	6.803466097858981e-32	6.800247565967422e-32	6.803860234621044e-32	6.800897402397915e-32	6.802819454208701e-32	6.803033401531886e-32	6.802167957686869e-32	6.802406712051723e-32	6.798689836063841e-32	6.799748067499732e-32	6.79699235705359e-32	6.799396650081501e-32	6.796875968545499e-32	6.794438210564687e-32	6.794715952271806e-32	6.792029943281926e-32	6.792935774624088e-32	6.789695897218326e-32	6.788816586963308e-32	6.787585141382311e-32	6.783616611238587e-32	6.786004994410462e-32	6.781866916690247e-32	6.78243077008089e-32	6.780485024757458e-32	6.778440112910764e-32	6.779022363248851e-32	6.776076893838342e-32	6.776411766189196e-32	6.774179615437524e-32	6.77452144904933e-32	6.774593694225748e-32	6.770671311231211e-32	6.773206078912379e-32	6.770463143037681e-32	6.772233458477182e-32	6.772384653747663e-32	6.771069221998012e-32	6.773705557472987e-32	6.769402953405973e-32	6.774626056718925e-32	6.772992256451733e-32	6.773517583478422e-32	6.775336832523272e-32	6.772642982060994e-32	6.780792489074764e-32	6.776810916704693e-32	6.781435941474796e-32	6.780578498951859e-32	6.781614113670264e-32	6.788096746974811e-32	6.783927002346769e-32	6.791059523761228e-32	6.787448988805977e-32	6.790551350713701e-32	6.795043263355082e-32	6.793993181700578e-32	6.802641911467776e-32	6.797604755961509e-32	6.80233530355306e-32	6.804729468422978e-32	6.803711456412521e-32	6.812144326896352e-32	6.807250237474033e-32	6.813147481924319e-32	6.811086275072996e-32	6.813197681681987e-32	6.81701638625316e-32	6.814885954899789e-32	6.822115552820251e-32	6.818310626029349e-32	6.820749009763768e-32	6.821814343195516e-32	6.820309681180199e-32	6.822756495922861e-32	6.822553436136612e-32	6.824002260193281e-32	6.822843376462896e-32	6.821023581947004e-32	6.821903641823953e-32	6.823699100508299e-32	6.822767659956053e-32	6.821034737367238e-32	6.818909749436805e-32	6.81644190616383e-32	6.81562834537618e-32	6.81286365306917e-32	6.812812690147532e-32	6.810690403928878e-32
X	X	5	1	5.052617805201184e-32	5.055335767021257e-32	5.068251898097516e-32	5.069376671571848e-32	5.073465070699981e-32	5.083837583058868e-32	5.08578917410467e-32	5.098838944232758e-32	5.098763529533735e-32	5.102828697492263e-32	5.111698982167565e-32	5.112567289293278e-32	5.125099675528117e-32	5.123890949808656e-32	5.12792516960164e-32	5.135539312095146e-32	5.136067481980794e-32	5.145867965192828e-32	5.144355242454573e-32	5.148866835676556e-32	5.154310670739431e-32	5.154119742158462e-32	5.161810542300999e-32	5.15875879533095e-32	5.164826299503022e-32	5.167450358537387e-32	5.167525163038436e-32	5.172295984811436e-32	5.170579603726479e-32	5.174591773134353e-32	5.175089600417992e-32	5.175826058612543e-32	5.179485958611847e-32	5.177243918849505e-32	5.180135323973991e-32	5.179471123808996e-32	5.179815286194194e-32	5.181707985202189e-32	5.180337955899615e-32	5.181241981128399e-32	5.17927726828818e-32	5.179224201689706e-32	5.178904882878e-32	5.179232545473576e-32	5.178229034094952e-32	5.176081294277637e-32	5.175602095757533e-32	5.17456397327469e-32	5.174446235925319e-32	5.172583340819619e-32	5.170502429948623e-32	5.169428789659606e-32	5.167160743334778e-32	5.167720308210529e-32	5.16519999943907e-32	5.163331932318802e-32	5.161812023933901e-32	5.160146593596795e-32	5.159862067985944e-32	5.157680724821397e-32	5.155554438246507e-32	5.153787778171406e-32	5.152941290619192e-32	5.152485383904045e-32	5.149745022878473e-32	5.148315740996683e-32	5.146602168090844e-32	5.146164833640813e-32	5.145790500217232e-32	5.14426519222719e-32	5.142777276931043e-32	5.140631069522963e-32	5.141665508909419e-32	5.140762696942794e-32	5.140029489402413e-32	5.138305764566731e-32	5.137101636165114e-32	5.139392505227793e-32	5.137732701610856e-32	5.138948975365105e-32	5.13624363195162e-32	5.136842381061602e-32	5.138633037550512e-32	5.137068281200928e-32	5.139484744870832e-32	5.135610511465804e-32	5.137756425120633e-32	5.138924004232312e-32	5.138794326491483e-32	5.142023770072483e-32	5.138017201154706e-32	5.141100491305546e-32	5.141907484504496e-32	5.141485681835225e-32	5.145149179025557e-32	5.141715999672896e-32	5.145201681114002e-32	5.143901338612257e-32	5.145353781332025e-32	5.147360594151576e-32	5.145187366195949e-32	5.149517711687117e-32	5.14743687435904e-32	5.148943745484275e-32	5.150435933304012e-32	5.148831757732845e-32	5.151235603274271e-32	5.150927084739518e-32	5.151866244329112e-32	5.152503803107402e-32	5.151178059022323e-32	5.152746250657402e-32	5.153164505079674e-32	5.153183297208315e-32	5.153885144734997e-32	5.152514163365956e-32	5.152686149693426e-32	5.152104247032313e-32	5.151639278175988e-32	5.152413524083889e-32	5.151443907490552e-32
X	X	6	2	2.1771102036229636e-32	2.178266693889348e-32	2.1843027016436448e-32	2.1844184128918397e-32	2.1862744202163484e-32	2.1909777528912788e-32	2.1918087712910803e-32	2.1976887307219318e-32	2.197461174831282e-32	2.199229548629578e-32	2.2033466948266556e-32	2.2036899278804345e-32	2.2093024491941668e-32	2.2087622953691108e-32	2.2104280628582235e-32	2.213911605404522e-32	2.214147753223232e-32	2.2186295349650413e-32	2.217996032106291e-32	2.2198464534479642e-32	2.222373909848089e-32	2.2222126270550013e-32	2.225911849650718e-32	2.2244564605858168e-32	2.227047330781633e-32	2.2284317475652906e-32	2.2283148012593336e-32	2.2307063791009025e-32	2.2298374450569168e-32	2.231503999467665e-32	2.2321478613706183e-32	2.2322302213484293e-32	2.2340120525454993e-32	2.233025094423277e-32	2.2341730461553586e-32	2.2342128949740257e-32	2.2341530165381177e-32	2.23512065643214e-32	2.2345578149080756e-32	2.2349039327856097e-32	2.234218112431968e-32	2.234041427764966e-32	2.234096317717695e-32	2.234115324026141e-32	2.2338029418492723e-32	2.232822907818585e-32	2.232513131933466e-32	2.232168078256334e-32	2.2319465718673666e-32	2.2312471008184363e-32	2.2301935757995476e-32	2.2296042437585048e-32	2.2288481086358165e-32	2.2288251343585412e-32	2.227833741847801e-32	2.2267144923489443e-32	2.226009513764158e-32	2.2253243480821766e-32	2.2250438523697805e-32	2.2241384161095256e-32	2.2228229983971852e-32	2.2220848847554776e-32	2.2215248752770554e-32	2.2212202073205183e-32	2.2200829269944072e-32	2.2189426244241897e-32	2.2182591544665156e-32	2.2178027243474168e-32	2.2174592257946373e-32	2.216812705064124e-32	2.215615222767416e-32	2.214826468772902e-32	2.2148619094639805e-32	2.2143555064713158e-32	2.2139602872360552e-32	2.212786716002684e-32	2.2122659435095143e-32	2.2126924414665618e-32	2.2121085984376347e-32	2.2123044460428788e-32	2.2108415200287865e-32	2.2110138872687313e-32	2.2113002349498135e-32	2.2107965391844135e-32	2.211328558398459e-32	2.2094320741965557e-32	2.2105035968830042e-32	2.2104384944471858e-32	2.210525626753004e-32	2.211326349676144e-32	2.2095768659531622e-32	2.2108142029359262e-32	2.2107789473525107e-32	2.2109078394055597e-32	2.2118226995736604e-32	2.210423826119263e-32	2.2118415876009606e-32	2.211078938951492e-32	2.2117808822768549e-32	2.2122722777973495e-32	2.2114095758727516e-32	2.213047996478849e-32	2.2121056351893437e-32	2.2127184942075572e-32	2.21339699531342e-32	2.2125605552251046e-32	2.2135891371306344e-32	2.2134947360832646e-32	2.213717814234812e-32	2.214191842798501e-32	2.213587273388171e-32	2.2142608872444112e-32	2.214377221467883e-32	2.214343033387261e-32	2.2148434751095216e-32	2.214318977302597e-32	2.214513121004686e-32	2.2142473731695546e-32	2.214255558013679e-32	2.2145429949461625e-32	2.2143246941745048e-32
X	X	7	3	6.755131302402438e-33	6.759058806678709e-33	6.775979401430986e-33	6.774260416951917e-33	6.779258013207666e-33	6.790918648797282e-33	6.793367428588342e-33	6.806722801039995e-33	6.805648387981979e-33	6.809592281631649e-33	6.819919758468364e-33	6.819823126976959e-33	6.833207838805665e-33	6.831725605778838e-33	6.83295520124477e-33	6.841937240905719e-33	6.84056956278839e-33	6.851711829602508e-33	6.848668992727713e-33	6.851389231286635e-33	6.856549134753856e-33	6.852616804250858e-33	6.863022522132768e-33	6.856138311388327e-33	6.861455916917804e-33	6.863233095843154e-33	6.859950082198805e-33	6.865953989799196e-33	6.859056767114402e-33	6.862822196734868e-33	6.861891421103232e-33	6.860328371468994e-33	6.86302693969426e-33	6.856813849502458e-33	6.857740023106716e-33	6.85529919556831e-33	6.853294601079731e-33	6.85295201276826e-33	6.850055475402563e-33	6.84847187884412e-33	6.843362884114894e-33	6.839889249784841e-33	6.837162978201677e-33	6.835988436503182e-33	6.832145524392067e-33	6.826837588843595e-33	6.824046928707598e-33	6.819460556667074e-33	6.81635598208004e-33	6.810988111005603e-33	6.806605682119753e-33	6.8015991239989e-33	6.797386971014233e-33	6.79518562530846e-33	6.789992988735418e-33	6.783143110337128e-33	6.778654155520745e-33	6.774661940497238e-33	6.770351298507808e-33	6.766947293242499e-33	6.759369539499263e-33	6.755564422791179e-33	6.750875232977189e-33	6.747161854311615e-33	6.742128467098011e-33	6.735557246996585e-33	6.731963858772208e-33	6.728388710021388e-33	6.723028028129745e-33	6.719324782415608e-33	6.713367667770096e-33	6.708906245576447e-33	6.706897845777413e-33	6.702015738167537e-33	6.699120756016304e-33	6.694117818357928e-33	6.688515818401074e-33	6.687208907656062e-33	6.684057739516353e-33	6.682377593964685e-33	6.676602921894602e-33	6.672991730734548e-33	6.67194597080049e-33	6.669225924678881e-33	6.666905496134993e-33	6.659674114927696e-33	6.662937691039517e-33	6.658754304722645e-33	6.658183269716083e-33	6.655712974920186e-33	6.650611978082294e-33	6.651946931711447e-33	6.648497406538262e-33	6.649691110006874e-33	6.647754839002713e-33	6.644119820888898e-33	6.64589974100354e-33	6.641458820766855e-33	6.642647628078505e-33	6.641363441038238e-33	6.63849845102785e-33	6.639853177216911e-33	6.63732364860734e-33	6.636521948704811e-33	6.63903095483448e-33	6.633716995872752e-33	6.635533377133211e-33	6.635668381764894e-33	6.631971882692782e-33	6.63501342982216e-33	6.630481536474946e-33	6.631576741017801e-33	6.630435284931709e-33	6.628605890485876e-33	6.630709508076567e-33	6.62700057346744e-33	6.62744726970119e-33	6.624756500706261e-33	6.625604846583553e-33	6.622850409248381e-33	6.622437311852707e-33
X	X	8	4	2.1308785412345026e-33	2.1310659208113905e-33	2.1354578056984286e-33	2.1343596032180015e-33	2.135376094932092e-33	2.1388658207174403e-33	2.13875177054183e-33	2.142172509821694e-33	2.1413793944900428e-33	2.1422228619859094e-33	2.1455785934295876e-33	2.145556082255544e-33	2.1492049334901342e-33	2.1493713131035154e-33	2.149503310922391e-33	2.151737020441069e-33	2.152351730891664e-33	2.1555396554762792e-33	2.1553197371019485e-33	2.156832099331192e-33	2.1582481308305318e-33	2.158575332966372e-33	2.161031900072061e-33	2.160433112817812e-33	2.162498843249086e-33	2.162927485942934e-33	2.163685372506786e-33	2.166383232984782e-33	2.165365051759756e-33	2.1668784289072867e-33	2.1679713024266602e-33	2.1681674599677383e-33	2.1697968266441223e-33	2.16921338245516e-33	2.170682476495259e-33	2.1720375248466372e-33	2.1712797540088528e-33	2.172735926525909e-33	2.1731847702120643e-33	2.1735043624347634e-33	2.1736150818569774e-33	2.1738239053437214e-33	2.1747227189700745e-33	2.175658576337795e-33	2.176028407741822e-33	2.1752491188293727e-33	2.1758555834909896e-33	2.176189560779678e-33	2.1763953866169555e-33	2.1761049047343524e-33	2.176005584478748e-33	2.1765442534871175e-33	2.176310029531436e-33	2.176406380225768e-33	2.176636990221471e-33	2.1764746254928845e-33	2.176167510304717e-33	2.1759217573274642e-33	2.176398290266948e-33	2.1770419487868777e-33	2.1754282407900737e-33	2.1759844573702447e-33	2.1761369971154387e-33	2.1763472394394806e-33	2.1757933597811178e-33	2.1748671098005148e-33	2.1753305087503896e-33	2.176057686265404e-33	2.174057447585368e-33	2.1754447172020496e-33	2.1750074842085707e-33	2.175176666800738e-33	2.1756008750405925e-33	2.1743340834406007e-33	2.1754124052502948e-33	2.1755029647225388e-33	2.174067819138365e-33	2.1749954197340278e-33	2.1762196211088425e-33	2.1760026842445185e-33	2.1760806389318838e-33	2.1756052845528984e-33	2.176949210499126e-33	2.1774173836279735e-33	2.1768543961325187e-33	2.1762783975609947e-33	2.1795188053979247e-33	2.1785116264856713e-33	2.1796262149126326e-33	2.180174038435754e-33	2.1803597451027673e-33	2.181433809616672e-33	2.1812493968904536e-33	2.1834123761233543e-33	2.184241012977375e-33	2.1843731963783504e-33	2.187155483001695e-33	2.186040815747426e-33	2.188325170580261e-33	2.1885706728801882e-33	2.1888868972784694e-33	2.1913887801804727e-33	2.1919444363279e-33	2.193726347732113e-33	2.1958691823109323e-33	2.1952662657338782e-33	2.1976947909837168e-33	2.1993255723866844e-33	2.199003051044612e-33	2.2015588026522233e-33	2.2039183324899666e-33	2.2032814167318146e-33	2.2061951893394955e-33	2.2066734406557188e-33	2.2089030694876362e-33	2.2101816853951016e-33	2.2106103624955147e-33	2.2127941179780782e-33	2.2155691401489277e-33	2.2145885674462533e-33	2.2169366824483808e-33
X	X	3	0	7.202487456575606e-29	7.204353012302418e-29	7.208564709037474e-29	7.213083722873302e-29	7.216585401550111e-29	7.222505494817286e-29	7.225187848155887e-29	7.231668287604701e-29	7.234986357184273e-29	7.236753345340956e-29	7.24243089825967e-29	7.243887916857932e-29	7.253526533954442e-29	7.253486114054536e-29	7.254946744096198e-29	7.261561982212915e-29	7.262325630652576e-29	7.268651160699372e-29	7.268624724334269e-29	7.273958690514502e-29	7.277914060574883e-29	7.276806386718467e-29	7.282356781247466e-29	7.281037502515525e-29	7.288627405658382e-29	7.289308216088724e-29	7.290354950412266e-29	7.293339442253384e-29	7.292717264248979e-29	7.298266991367431e-29	7.295367750115739e-29	7.300348684569525e-29	7.302702358867323e-29	7.300658406127368e-29	7.304968176306083e-29	7.30325166213036e-29	7.306962800806852e-29	7.307078297288191e-29	7.308782738178889e-29	7.308951297827144e-29	7.307021709508932e-29	7.309775538980274e-29	7.307271818956038e-29	7.312775933539233e-29	7.311024905310362e-29	7.310459288904406e-29	7.312298307992708e-29	7.310832047812771e-29	7.313601748884478e-29	7.311768884660231e-29	7.313690432574094e-29	7.313505365615217e-29	7.311120553248435e-29	7.315520476549629e-29	7.312466733051419e-29	7.31685641446903e-29	7.316298796945682e-29	7.31582911689815e-29	7.318863411459103e-29	7.317039297028227e-29	7.320717038220285e-29	7.319982093224791e-29	7.323120172800462e-29	7.325160119925928e-29	7.322321575820157e-29	7.329050346270751e-29	7.32711074810167e-29	7.332255154957077e-29	7.334396870294951e-29	7.335633666138774e-29	7.342530368009344e-29	7.338499930656729e-29	7.34792512919608e-29	7.346737109020915e-29	7.350558525181259e-29	7.356039836197589e-29	7.354197663207266e-29	7.367966432310616e-29	7.363563827180022e-29	7.371896810904625e-29	7.373852417430409e-29	7.377689609075229e-29	7.388063717517813e-29	7.383170987925905e-29	7.395128033478599e-29	7.392937137696126e-29	7.399053734623047e-29	7.405688232261889e-29	7.405912246336148e-29	7.420045336457467e-29	7.415050271547254e-29	7.422820161767354e-29	7.425994364015626e-29	7.427430068197272e-29	7.439888289538536e-29	7.434625862796841e-29	7.4442720384414e-29	7.441796901537859e-29	7.446307198232753e-29	7.451165156349181e-29	7.45150834829243e-29	7.462210352943264e-29	7.456968556882497e-29	7.461995013489455e-29	7.461997066056794e-29	7.462943204740444e-29	7.465412222399783e-29	7.46606893354583e-29	7.470100067285182e-29	7.466715428934273e-29	7.466757181244077e-29	7.467138981332752e-29	7.472042875770421e-29	7.47127009754638e-29	7.466973804620217e-29	7.466569925087029e-29	7.461668638516957e-29	7.462002458002936e-29	7.457806766139149e-29	7.458505626381666e-29	7.456986474397216e-29
X	X	4	1	2.667977758703439e-29	2.669234227193141e-29	2.673184250739692e-29	2.67464718002781e-29	2.676301588620775e-29	2.679909637219125e-29	2.6810082784827645e-29	2.68538930312757e-29	2.68613713341648e-29	2.687609287741894e-29	2.690658529927123e-29	2.691115352637016e-29	2.6959030980950996e-29	2.695577798574207e-29	2.6969221743747164e-29	2.6998610207941886e-29	2.6999821362538657e-29	2.70342436585607e-29	2.70284098575884e-29	2.7049463163436063e-29	2.706775247678094e-29	2.706396386626161e-29	2.708986396710915e-29	2.707838054938131e-29	2.7106946971579343e-29	2.7110324241753894e-29	2.711155070888346e-29	2.712528501336577e-29	2.7116919786787796e-29	2.71373574658667e-29	2.712612903765448e-29	2.713722899933135e-29	2.714706154411005e-29	2.71342189504205e-29	2.7148633678147483e-29	2.713681130507973e-29	2.714448024235761e-29	2.714533370439242e-29	2.71418806458612e-29	2.71428326824634e-29	2.712800162969599e-29	2.7132223557028835e-29	2.7121227564940203e-29	2.7130820630365775e-29	2.7120762470652544e-29	2.7111035129124747e-29	2.711214298692309e-29	2.7101425166411416e-29	2.7105038925528844e-29	2.70921109020233e-29	2.708860167241701e-29	2.7083687862523525e-29	2.706785232135817e-29	2.707738199765741e-29	2.706087003864472e-29	2.70631191940749e-29	2.705535491609095e-29	2.70471946105899e-29	2.704951781844167e-29	2.703776428109721e-29	2.703910014039489e-29	2.7030193012324933e-29	2.703155624380247e-29	2.703184404339178e-29	2.7016192242061325e-29	2.7026306457772864e-29	2.701536089424536e-29	2.7022424376507635e-29	2.702302709661861e-29	2.7017777607029066e-29	2.7028296588165477e-29	2.701112765219464e-29	2.7031968765653856e-29	2.702544873266788e-29	2.70275445132292e-29	2.7034802969700383e-29	2.702405344875126e-29	2.7056570927395357e-29	2.7040683050064716e-29	2.705913768635453e-29	2.7055715383763714e-29	2.705984740114496e-29	2.7085713535546796e-29	2.706907504362515e-29	2.7097534532691137e-29	2.708312721515815e-29	2.709550617705056e-29	2.711342871763358e-29	2.7109238568944915e-29	2.7143747700020436e-29	2.712364824337006e-29	2.7142523459933156e-29	2.715207601384205e-29	2.7148013986818164e-29	2.71816617883742e-29	2.716213330949095e-29	2.718566356653388e-29	2.7177438757566166e-29	2.7185863188346634e-29	2.7201100025448395e-29	2.719259932308034e-29	2.722144566768689e-29	2.720626347085541e-29	2.721599225667259e-29	2.722024302475121e-29	2.7214238776491793e-29	2.722400162514804e-29	2.7223191432519164e-29	2.722897173298158e-29	2.722434768880038e-29	2.721708560162088e-29	2.722059726589758e-29	2.7227761236151375e-29	2.7224044450449413e-29	2.721712963813226e-29	2.720865004058055e-29	2.719880301487261e-29	2.7195556058953454e-29	2.718452463133427e-29	2.718432113152407e-29	2.717585277325673e-29
X	X	5	2	9.47750874087172e-30	9.48260697939609e-30	9.506834525485813e-30	9.508944279818915e-30	9.516613193326413e-30	9.536069447776423e-30	9.539730155555212e-30	9.564208291098451e-30	9.564066889293471e-30	9.571692119519889e-30	9.588330638467023e-30	9.589959383764498e-30	9.613467111672318e-30	9.61119980892098e-30	9.61876690875212e-30	9.63304926471586e-30	9.634039928860376e-30	9.65242335862854e-30	9.649585826615342e-30	9.658048469026063e-30	9.66825973240427e-30	9.667901524789711e-30	9.68232762138435e-30	9.67660318037794e-30	9.687984495711235e-30	9.69290650202e-30	9.693046797105859e-30	9.701995621835352e-30	9.698776064891123e-30	9.706301882434522e-30	9.707235593321497e-30	9.708617116089059e-30	9.715482080134512e-30	9.711276526639099e-30	9.716699976260315e-30	9.715454045242832e-30	9.71609949226413e-30	9.71964967496576e-30	9.717079912290942e-30	9.718775448297326e-30	9.715090101991782e-30	9.714990365550756e-30	9.714391335607727e-30	9.715005787203305e-30	9.713123392613185e-30	9.709094668476984e-30	9.708195688653028e-30	9.706248376022011e-30	9.706027297646909e-30	9.702532853108319e-30	9.698629350946624e-30	9.696615431781258e-30	9.69236099194574e-30	9.693410469879959e-30	9.688682890369294e-30	9.685178600850682e-30	9.682327482953181e-30	9.67920328495013e-30	9.678669570314348e-30	9.674577699568977e-30	9.670589183177751e-30	9.667275207144084e-30	9.665687149459659e-30	9.664831821621963e-30	9.65969128989982e-30	9.657010329366717e-30	9.653795817629521e-30	9.652975362422478e-30	9.652273008102755e-30	9.649411665105938e-30	9.646620543167625e-30	9.642594506872167e-30	9.644534883500964e-30	9.642841120953682e-30	9.64146568267154e-30	9.638232169692301e-30	9.635973310903437e-30	9.640270272335245e-30	9.637156637800666e-30	9.639438079790027e-30	9.634363184474987e-30	9.635486202709816e-30	9.638844801756003e-30	9.635909535162868e-30	9.640442066151687e-30	9.633174722164343e-30	9.637199947445312e-30	9.639389712302768e-30	9.639146417402601e-30	9.6452038002558e-30	9.6376883420815e-30	9.643471678681966e-30	9.644985209559757e-30	9.644194029653677e-30	9.651065578871e-30	9.644625700794792e-30	9.651163728341634e-30	9.648724530261875e-30	9.651448812200026e-30	9.655212961175377e-30	9.6511365392506e-30	9.659258869646086e-30	9.655355782164959e-30	9.658182027536852e-30	9.66098099781307e-30	9.657971813832751e-30	9.662480736557886e-30	9.661902046542366e-30	9.663663412589658e-30	9.664859374354093e-30	9.662372314152785e-30	9.665313907016535e-30	9.666098365443213e-30	9.666133555430605e-30	9.667450014707037e-30	9.664878191548293e-30	9.665200848933268e-30	9.664109086543148e-30	9.663236990039941e-30	9.664689227557102e-30	9.662870436043436e-30
X	X	6	3	2.2964998406018156e-30	2.2977197475871813e-30	2.3040867493551545e-30	2.3042087944191365e-30	2.306166593650492e-30	2.3111278223617744e-30	2.3120044087697843e-30	2.3182067846649424e-30	2.3179667647113007e-30	2.3198320991632125e-30	2.32417501642356e-30	2.3245370734893282e-30	2.3304573657868936e-30	2.3298875858604337e-30	2.3316446687043687e-30	2.3353192512127778e-30	2.3355683356894274e-30	2.3402959048868232e-30	2.3396276554409455e-30	2.3415795439007463e-30	2.3442455830583243e-30	2.34407543953077e-30	2.3479775183422634e-30	2.3464422953950563e-30	2.3491752761215868e-30	2.3506355855211224e-30	2.350512222785413e-30	2.353034927261805e-30	2.352118332647086e-30	2.3538762667639685e-30	2.354555412245007e-30	2.354642315660826e-30	2.3565218269696993e-30	2.355480739656245e-30	2.3566916127894826e-30	2.356733633538538e-30	2.3566704443776433e-30	2.3576911319973994e-30	2.357097445345343e-30	2.3574624979499053e-30	2.3567390644950703e-30	2.3565526449768397e-30	2.3566105304491713e-30	2.3566305391896856e-30	2.3563010170868138e-30	2.3552672214041803e-30	2.3549404309525165e-30	2.3545764460691365e-30	2.3543427371361715e-30	2.3536048867125843e-30	2.3524935379371936e-30	2.3518718830482217e-30	2.351074253403255e-30	2.3510499883421658e-30	2.3500042115954382e-30	2.3488235270625663e-30	2.3480798580494326e-30	2.3473570603101522e-30	2.3470611813558858e-30	2.346106047659422e-30	2.3447184691300218e-30	2.3439398455704068e-30	2.3433490674182902e-30	2.3430276559638556e-30	2.3418279456159474e-30	2.340625119514702e-30	2.3399041086209415e-30	2.3394226213989667e-30	2.3390602405312254e-30	2.3383782120117535e-30	2.3371150275542464e-30	2.3362829582712445e-30	2.3363203470330328e-30	2.335786102023133e-30	2.3353691836758213e-30	2.3341312051951484e-30	2.3335818272232787e-30	2.3340316762089385e-30	2.3334157593166047e-30	2.3336223495763675e-30	2.3320791248710103e-30	2.332260923303667e-30	2.332562916327939e-30	2.332031561460732e-30	2.332592715074242e-30	2.3305921829853458e-30	2.3317224678180065e-30	2.3316537167282226e-30	2.331745614928382e-30	2.3325901827558285e-30	2.330744739537955e-30	2.3320498878034405e-30	2.3320126531518627e-30	2.332148619414542e-30	2.3331135793457807e-30	2.3316379821698823e-30	2.3331334253946034e-30	2.3323289399535892e-30	2.3330693405639357e-30	2.3335876484735365e-30	2.3326776457625112e-30	2.334405828075174e-30	2.3334118072136314e-30	2.334058206177058e-30	2.3347739120240398e-30	2.3338915713299813e-30	2.334976532375485e-30	2.3348769586701147e-30	2.335112204954166e-30	2.3356122425883562e-30	2.3349744520178364e-30	2.335685016614113e-30	2.33580770937994e-30	2.3357716327372894e-30	2.336299509665888e-30	2.335746203088125e-30	2.3359510071113125e-30	2.3356706256751006e-30	2.3356792772812777e-30	2.3359824618525655e-30	2.3357521840216808e-30
X	X	7	4	4.407811161201917e-31	4.410373895264335e-31	4.421414778856118e-31	4.420293098387742e-31	4.423554111054258e-31	4.4311627795565385e-31	4.432760625241832e-31	4.441475118787936e-31	4.440774079635101e-31	4.443347487747417e-31	4.45008628964881e-31	4.450023235309337e-31	4.458756912605018e-31	4.457789725502252e-31	4.458591986098092e-31	4.464452896729048e-31	4.463560442593251e-31	4.470830939906335e-31	4.468845433855253e-31	4.470620411182561e-31	4.473987274765773e-31	4.471421350556883e-31	4.478211201184157e-31	4.4737191187818015e-31	4.477188988334998e-31	4.47834855942469e-31	4.476206349558497e-31	4.480123925485371e-31	4.475623378277072e-31	4.4780803470148464e-31	4.477472945393304e-31	4.476453093466036e-31	4.478213874610531e-31	4.474159738980738e-31	4.474764019138824e-31	4.47317131781993e-31	4.471863239719374e-31	4.471639660693685e-31	4.469749671674978e-31	4.468716264132487e-31	4.465382570256271e-31	4.463115885677089e-31	4.4613369300336755e-31	4.460570444051203e-31	4.4580628747533045e-31	4.4545993418553775e-31	4.452778345112827e-31	4.449785661498977e-31	4.447759775531872e-31	4.4442571266589656e-31	4.441397438419548e-31	4.438130582433432e-31	4.435382041651203e-31	4.433945575856359e-31	4.430557274130264e-31	4.426087532370183e-31	4.423158369505897e-31	4.420553283122312e-31	4.417740535176426e-31	4.41551928616333e-31	4.410574660494469e-31	4.408091708104559e-31	4.40503183715607e-31	4.40260874357073e-31	4.399324268105233e-31	4.395036482517813e-31	4.392691635070244e-31	4.390358752724272e-31	4.386860756989942e-31	4.384444238951355e-31	4.380557078629044e-31	4.377645830341907e-31	4.376335332606534e-31	4.3731495615339235e-31	4.371260502517267e-31	4.367995926504157e-31	4.3643404621418365e-31	4.3634876194745015e-31	4.361431334356055e-31	4.360335027522336e-31	4.356566841179641e-31	4.35421045719082e-31	4.353527983011842e-31	4.35175304883799e-31	4.350238868258401e-31	4.345520214386499e-31	4.347649743173886e-31	4.3449198926385325e-31	4.344547261431591e-31	4.342935249122824e-31	4.3396067478516296e-31	4.340477746053768e-31	4.338226810784991e-31	4.339005733842971e-31	4.3377421666276125e-31	4.335370255513932e-31	4.336531558926865e-31	4.333633782560754e-31	4.334409434234544e-31	4.33357142935187e-31	4.331702007202037e-31	4.3325858294862525e-31	4.330935323377917e-31	4.33041208402997e-31	4.3320492444982735e-31	4.328581768603199e-31	4.329766944382519e-31	4.329855049394819e-31	4.327442923775305e-31	4.329427610831696e-31	4.326470374146745e-31	4.327185042045172e-31	4.32644019649582e-31	4.325246477567835e-31	4.326619115867294e-31	4.32419890803444e-31	4.324490423866933e-31	4.322734560244253e-31	4.323288160767687e-31	4.321490840141184e-31	4.3212212905590005e-31
X	X	8	5	9.368301939147257e-32	9.369125703226584e-32	9.388434337288524e-32	9.383606108859541e-32	9.388075079081081e-32	9.403417390753455e-32	9.402915937240033e-32	9.41795488197604e-32	9.414468070753384e-32	9.418176243269654e-32	9.432929510058081e-32	9.432830544199491e-32	9.448872467010113e-32	9.449603938796114e-32	9.450184092918667e-32	9.460004495657025e-32	9.462706996801398e-32	9.476722574755225e-32	9.475755670627415e-32	9.482404659579733e-32	9.488630082676781e-32	9.490068548476296e-32	9.500868681428636e-32	9.498236039179158e-32	9.507318049991145e-32	9.509202411590842e-32	9.512534414118269e-32	9.524395315203804e-32	9.51991887187468e-32	9.526572331205205e-32	9.531376950616467e-32	9.53223946464206e-32	9.539402757801427e-32	9.536837622329306e-32	9.543296308536699e-32	9.54925362940651e-32	9.545922022278427e-32	9.552323941515664e-32	9.55429732924381e-32	9.555702212807263e-32	9.55618896869801e-32	9.557106859392143e-32	9.561058385654692e-32	9.565172658549296e-32	9.566798574405652e-32	9.563372384384327e-32	9.56603856104905e-32	9.567506833992202e-32	9.568411521689575e-32	9.567134337265304e-32	9.566697474161641e-32	9.569065678995037e-32	9.56803581640082e-32	9.568459288844223e-32	9.569473067956551e-32	9.568759009614146e-32	9.567408674960766e-32	9.566327988740879e-32	9.568423045481676e-32	9.571252664144471e-32	9.564157992993704e-32	9.566603227543409e-32	9.567273616710757e-32	9.568197799888008e-32	9.565762431691959e-32	9.561690258787021e-32	9.563727327911333e-32	9.566924203787865e-32	9.558130092342025e-32	9.564228939908379e-32	9.562306506329326e-32	9.56305007911069e-32	9.564915099085851e-32	9.559345429649741e-32	9.564086123853871e-32	9.564484033413553e-32	9.558174318471761e-32	9.562252324293864e-32	9.567634206564149e-32	9.566680494635579e-32	9.567022894757438e-32	9.564932953235324e-32	9.570841221265217e-32	9.572899363725401e-32	9.570424067518147e-32	9.567891533326184e-32	9.582137801371025e-32	9.577709498083464e-32	9.582609668332837e-32	9.585017885536537e-32	9.585834244208099e-32	9.590556147270064e-32	9.589745209640942e-32	9.599254661649129e-32	9.60289742715258e-32	9.603478530775138e-32	9.615710429034187e-32	9.610809803363318e-32	9.62085270720188e-32	9.62193191209263e-32	9.62332219897332e-32	9.634321251905129e-32	9.636764241547136e-32	9.644598047019472e-32	9.654018887653339e-32	9.651368070517562e-32	9.662044868829743e-32	9.669214510030687e-32	9.667796306059772e-32	9.679032612419527e-32	9.6894058503815e-32	9.686605769181016e-32	9.699415911596542e-32	9.701518471409179e-32	9.71132090555585e-32	9.716942059564923e-32	9.718826801818045e-32	9.728427317195438e-32	9.740627618358061e-32	9.736316544999642e-32	9.746639898844037e-32
X	X	2	0	2.1966958894161914e-26	2.196789583380512e-26	2.1970457958569448e-26	2.197773476069487e-26	2.1984911662783685e-26	2.199319475579941e-26	2.1999454135189803e-26	2.2005814884546319e-26	2.201513640220429e-26	2.2012377641602554e-26	2.2022971052885125e-26	2.202473744893693e-26	2.204270784474179e-26	2.20425751012099e-26	2.203549556414762e-26	2.2052075060926936e-26	2.204992410594491e-26	2.2061330991706248e-26	2.2060253606158832e-26	2.2067487953215536e-26	2.207579384600686e-26	2.2065319825095636e-26	2.2079885850468503e-26	2.2071968119507668e-26	2.2089799515467628e-26	2.2089683426904223e-26	2.2086453268664082e-26	2.2092388037057108e-26	2.2086207498105877e-26	2.2099432460837264e-26	2.2086696107046642e-26	2.209936423311386e-26	2.2102659714736367e-26	2.2093444194164947e-26	2.2101157755603392e-26	2.2095345851289547e-26	2.2104842701549438e-26	2.2100133626590036e-26	2.210648471438547e-26	2.2102303482084243e-26	2.209574069948474e-26	2.2100069985790642e-26	2.2090908512943822e-26	2.2106814629496468e-26	2.2099057197958397e-26	2.209794501215012e-26	2.2101020444643505e-26	2.2095474805551972e-26	2.2100061651651143e-26	2.2094190844236166e-26	2.2100587213013043e-26	2.209516373532884e-26	2.2091491674884874e-26	2.210106193526104e-26	2.2093629554610022e-26	2.2104651293964846e-26	2.2101889491866558e-26	2.2101308771512064e-26	2.2107774335435917e-26	2.2103298877144943e-26	2.2112847501771897e-26	2.2110148531288418e-26	2.211800504517768e-26	2.2123118242433497e-26	2.2115507731434872e-26	2.2133219226869206e-26	2.21287062479021e-26	2.2143281372931432e-26	2.2149100140940537e-26	2.2152955192425644e-26	2.2172235814583682e-26	2.2160231804791855e-26	2.2187784864647835e-26	2.2183098632915915e-26	2.2195600926880226e-26	2.2209616707753175e-26	2.2204345956125157e-26	2.224435756030399e-26	2.2230486902694793e-26	2.2256379651270615e-26	2.226152271467312e-26	2.227494134908471e-26	2.230262102195099e-26	2.228778829681724e-26	2.232326740112987e-26	2.2315342269340888e-26	2.2338106587334468e-26	2.2353190148394905e-26	2.235589182148454e-26	2.239636321314484e-26	2.238132948608816e-26	2.240627251927334e-26	2.241042605301298e-26	2.2421981359715436e-26	2.2455058697389952e-26	2.2439909364530534e-26	2.246837121703827e-26	2.246010518624881e-26	2.24756575530147e-26	2.2486017293626e-26	2.2493674840150714e-26	2.2522609506420576e-26	2.250719844904296e-26	2.2521425488681726e-26	2.251837750684058e-26	2.252418119235489e-26	2.2528409482944238e-26	2.2532423896403408e-26	2.2544723572751935e-26	2.253316985779083e-26	2.2533079379862673e-26	2.2534057354936108e-26	2.2549956891067716e-26	2.254747216018892e-26	2.2532833802297397e-26	2.2533277792770727e-26	2.25172367753161e-26	2.2515742960654043e-26	2.2504388166868083e-26	2.2506113790184224e-26	2.2503438632140785e-26
X	X	3	1	9.790893732494337e-27	9.793429726133637e-27	9.79915486420103e-27	9.805297657325522e-27	9.810057915649745e-27	9.818105252856594e-27	9.82175153665647e-27	9.830560450986138e-27	9.835071088200681e-27	9.837472840019502e-27	9.845190756556514e-27	9.847171376817833e-27	9.860273683713694e-27	9.86021860235337e-27	9.862203611032805e-27	9.871196363591558e-27	9.872234183557878e-27	9.880833127978713e-27	9.880797025823625e-27	9.888047701984401e-27	9.89342430473585e-27	9.891918209709783e-27	9.899463180885212e-27	9.89766944545308e-27	9.907987254462558e-27	9.908912393699803e-27	9.910335102107095e-27	9.914391721427789e-27	9.913545801189436e-27	9.921089632454416e-27	9.917148156699205e-27	9.923919354697643e-27	9.927118357690474e-27	9.924339727702367e-27	9.93019770053203e-27	9.92786411945055e-27	9.932908439208451e-27	9.933065154677567e-27	9.93538235060026e-27	9.935610674542904e-27	9.932987553988622e-27	9.936730280028055e-27	9.933326511059746e-27	9.940808020361574e-27	9.93842747571569e-27	9.937658236056124e-27	9.940157671512083e-27	9.938164251847211e-27	9.941928469326337e-27	9.939436515868635e-27	9.942047794756923e-27	9.941796061887353e-27	9.938553701744682e-27	9.94453433432587e-27	9.940382798978733e-27	9.946349068970463e-27	9.945590573885903e-27	9.944951157908029e-27	9.94907579056061e-27	9.94659540049285e-27	9.951594367517997e-27	9.950594743833427e-27	9.954859614733875e-27	9.957632070027834e-27	9.953772446651012e-27	9.96291935473017e-27	9.9602817741951e-27	9.967274422966913e-27	9.970185083982894e-27	9.971865498880492e-27	9.981240064422394e-27	9.975760235542667e-27	9.988572545335717e-27	9.986956473279853e-27	9.992150734397834e-27	9.999600981680352e-27	9.997096094465561e-27	1.0015812290258172e-26	1.000982662616098e-26	1.0021154198095816e-26	1.002381134804151e-26	1.0029027193502579e-26	1.0043128519228274e-26	1.003647685548975e-26	1.0052730245082133e-26	1.004975114096299e-26	1.0058065840058194e-26	1.0067083294783518e-26	1.006738763626349e-26	1.0086598691304514e-26	1.0079808087366791e-26	1.0090369629405172e-26	1.0094683743501199e-26	1.0096635380448895e-26	1.0113569669861947e-26	1.0106415765219988e-26	1.0119527498697473e-26	1.0116162518613361e-26	1.0122293076906186e-26	1.0128896191649099e-26	1.0129362816226393e-26	1.0143909499073785e-26	1.0136784048508924e-26	1.014361585830684e-26	1.0143618434253349e-26	1.01449040714347e-26	1.0148259837780874e-26	1.0149152599444146e-26	1.0154631429074187e-26	1.015003050019818e-26	1.0150086238601984e-26	1.015060524994368e-26	1.0157271160953593e-26	1.0156220410116121e-26	1.0150379892952929e-26	1.0149830192366399e-26	1.0143167562908041e-26	1.0143620432951283e-26	1.0137917073061829e-26	1.0138866901783728e-26	1.0136801669127811e-26
X	X	4	2	1.790415677925018e-27	1.7912588596557712e-27	1.793909604709448e-27	1.7948912992535587e-27	1.7960015636181153e-27	1.7984227807943215e-27	1.7991600444654355e-27	1.802099968705846e-27	1.8026018479028332e-27	1.8035897354622464e-27	1.805636003133565e-27	1.8059425664675827e-27	1.809155476633946e-27	1.808937156290384e-27	1.8098392432407168e-27	1.8118114604915646e-27	1.8118926953760814e-27	1.8142027260123585e-27	1.813811212126379e-27	1.8152240199686145e-27	1.8164513288074178e-27	1.816197029577766e-27	1.8179351084639765e-27	1.8171644277606262e-27	1.8190815108071917e-27	1.8193080904096662e-27	1.8193903697475524e-27	1.8203119730304828e-27	1.8197505824715194e-27	1.8211220521994924e-27	1.8203684844709458e-27	1.821113425745738e-27	1.8217731710188314e-27	1.8209113204933796e-27	1.8218785520250687e-27	1.8210851510090217e-27	1.821599706111038e-27	1.8216569293476276e-27	1.8214252518295667e-27	1.8214889987954063e-27	1.8204937130007583e-27	1.820776900794846e-27	1.8200389400620286e-27	1.820682596067355e-27	1.8200075764305514e-27	1.8193547434352074e-27	1.8194290039480357e-27	1.8187097218139893e-27	1.8189520826011883e-27	1.8180844417441033e-27	1.817848807144936e-27	1.8175190267691745e-27	1.8164562558315722e-27	1.817095678923045e-27	1.8159875392269748e-27	1.816138313699189e-27	1.8156171823438794e-27	1.815069399854015e-27	1.8152252876182707e-27	1.8144364068371277e-27	1.8145259768660282e-27	1.8139281425898184e-27	1.8140194593303778e-27	1.8140386677147303e-27	1.8129881389343095e-27	1.813666886812055e-27	1.812932188936093e-27	1.8134061135604506e-27	1.8134464321811655e-27	1.813094000432579e-27	1.8137997978285398e-27	1.8126474614639424e-27	1.814046054592833e-27	1.8136083162524855e-27	1.8137488766440505e-27	1.8142358231924973e-27	1.8135143220055258e-27	1.8156963726994263e-27	1.8146300237959366e-27	1.8158684583471822e-27	1.8156385838678877e-27	1.8159158126722144e-27	1.8176514596523678e-27	1.8165347893707253e-27	1.8184445109415585e-27	1.8174775306905464e-27	1.8183082473641663e-27	1.8195107616214416e-27	1.8192295413565562e-27	1.8215451719619766e-27	1.8201962808160977e-27	1.8214628336675737e-27	1.822103749147111e-27	1.821831162042392e-27	1.8240889882651194e-27	1.822778440390475e-27	1.8243573167792397e-27	1.8238053207493282e-27	1.824370560414534e-27	1.8253929592261413e-27	1.824822521098625e-27	1.826758092779512e-27	1.8257392859580453e-27	1.826391981300092e-27	1.8266772165397367e-27	1.826274202650068e-27	1.8269292778043837e-27	1.826874919512771e-27	1.827262649846357e-27	1.8269523664059973e-27	1.826464852159213e-27	1.8267005261081044e-27	1.827181230357293e-27	1.8269317682180373e-27	1.8264677013936625e-27	1.82589854240707e-27	1.825237758302394e-27	1.825019706784307e-27	1.8242794580667976e-27	1.8242657686109728e-27	1.8236974661490076e-27
X	X	5	3	4.135717445596997e-28	4.137942156930103e-28	4.148514313148963e-28	4.149434873509319e-28	4.152781442890784e-28	4.161271443220328e-28	4.162868854496373e-28	4.173550236800575e-28	4.173488617445277e-28	4.176815969436995e-28	4.184076514342847e-28	4.184787264102662e-28	4.195045305941557e-28	4.194055888682678e-28	4.197357759718639e-28	4.20359022976945e-28	4.2040224452876585e-28	4.212044535596777e-28	4.210806281775176e-28	4.214499092526017e-28	4.2189548899048815e-28	4.21879847536421e-28	4.225093596026197e-28	4.22259548133228e-28	4.227562142052396e-28	4.229709815990107e-28	4.229771007408086e-28	4.2336758746938755e-28	4.232270901063583e-28	4.23555487210021e-28	4.235962180126006e-28	4.236565186189573e-28	4.239560663598312e-28	4.237725449238497e-28	4.240091889117046e-28	4.239548128245038e-28	4.2398296096184655e-28	4.241378707434528e-28	4.240257460609448e-28	4.2409970545342145e-28	4.2393888553140995e-28	4.239345048912691e-28	4.23908355669296e-28	4.239351446223869e-28	4.238529955700819e-28	4.236771825049521e-28	4.2363793654252405e-28	4.235529552493057e-28	4.235432745163792e-28	4.233907728197578e-28	4.232204047745062e-28	4.23132519342335e-28	4.229468495301163e-28	4.229926265637104e-28	4.227863167447856e-28	4.226333646370015e-28	4.225089308473592e-28	4.223725638614558e-28	4.223492722853383e-28	4.221706870477966e-28	4.219966236852716e-28	4.21851990522356e-28	4.21782656154914e-28	4.217453095471081e-28	4.215209526153836e-28	4.214039677299093e-28	4.2126365829457085e-28	4.212278385742424e-28	4.211971617056497e-28	4.210722677018621e-28	4.209504497196739e-28	4.2077472689466595e-28	4.208594015579729e-28	4.207854467416704e-28	4.207254097693453e-28	4.205842771638177e-28	4.204856778893414e-28	4.206731614138447e-28	4.205372567033766e-28	4.206368126629008e-28	4.204153129097465e-28	4.20464304832498e-28	4.206108288891612e-28	4.204827195242691e-28	4.20680480313029e-28	4.20363324353752e-28	4.205389741003749e-28	4.206344805890555e-28	4.206238565938141e-28	4.2088814239135755e-28	4.205601762097123e-28	4.208125183068598e-28	4.2087853606311215e-28	4.208440143214467e-28	4.211438258809563e-28	4.20862800446223e-28	4.211480607187889e-28	4.210416115814007e-28	4.211604690845693e-28	4.213247035507919e-28	4.211468252981059e-28	4.215012076256347e-28	4.213308977875906e-28	4.214541856509287e-28	4.215763220641267e-28	4.214449905757192e-28	4.216417299157725e-28	4.216164800243322e-28	4.216933013616662e-28	4.217454974718653e-28	4.216369286178489e-28	4.217652970148741e-28	4.217995158980788e-28	4.218010428495105e-28	4.218584836622826e-28	4.217462292462923e-28	4.21760316636434e-28	4.217126387442048e-28	4.216745937034096e-28	4.217379560291487e-28	4.2165858597586485e-28
X	X	6	4	7.229031784293064e-29	7.232871827698126e-29	7.252914050810179e-29	7.2532981062095e-29	7.259461078297943e-29	7.275077971772831e-29	7.27783729113676e-29	7.297361083091194e-29	7.296605694317813e-29	7.302477329045154e-29	7.316148092410182e-29	7.317287809945031e-29	7.335923863571026e-29	7.334130231644737e-29	7.339660909505234e-29	7.351228014819486e-29	7.352011952520931e-29	7.366893757883153e-29	7.364790144442942e-29	7.370934313594835e-29	7.379326392484275e-29	7.37879063377994e-29	7.39107374203233e-29	7.386240855181218e-29	7.394844191409666e-29	7.399440737034805e-29	7.399052375184346e-29	7.406993207867008e-29	7.404107806792996e-29	7.409641390216514e-29	7.411778971474154e-29	7.412052817197966e-29	7.417968881093917e-29	7.414691634885209e-29	7.418502952565918e-29	7.418635085517742e-29	7.418435887132511e-29	7.421648682905776e-29	7.419780064083798e-29	7.420928705120027e-29	7.418651407495493e-29	7.41806410010153e-29	7.418246159517903e-29	7.418308719374152e-29	7.417271334546903e-29	7.414016911620279e-29	7.41298793843492e-29	7.411842074057206e-29	7.411105803071197e-29	7.408782934533897e-29	7.405284045683541e-29	7.403327120520266e-29	7.400815993299838e-29	7.400739281235657e-29	7.397447146928853e-29	7.393729924650808e-29	7.3913886438757e-29	7.38911276282739e-29	7.388181367563797e-29	7.385174276925674e-29	7.380806122755314e-29	7.378354784710316e-29	7.37649448116221e-29	7.375482343879917e-29	7.371705165137564e-29	7.367918948124071e-29	7.365648671868274e-29	7.364132734398744e-29	7.362991531453023e-29	7.360844039341656e-29	7.356867365477179e-29	7.354247486596511e-29	7.354365229246259e-29	7.352682744392135e-29	7.351370073469558e-29	7.347472570113254e-29	7.345742710512646e-29	7.347158366859517e-29	7.345218949657106e-29	7.345869292567951e-29	7.341010668692073e-29	7.341582716753076e-29	7.342532731471877e-29	7.340859711497342e-29	7.3426257030686e-29	7.33632782779129e-29	7.339885806829291e-29	7.33966855206595e-29	7.339957702346508e-29	7.342615574163529e-29	7.336806183751266e-29	7.340914138615238e-29	7.34079644260089e-29	7.341224507118752e-29	7.344261309487045e-29	7.339616231903176e-29	7.34432295309831e-29	7.341790403899391e-29	7.344120685547594e-29	7.345751866482784e-29	7.342887407785562e-29	7.34832653592626e-29	7.345197703405168e-29	7.347231740310698e-29	7.349484638188413e-29	7.346706829268165e-29	7.350121835482748e-29	7.349808436969729e-29	7.350548262135574e-29	7.352122453817646e-29	7.350114067683585e-29	7.352350930965011e-29	7.352736924678605e-29	7.352623214530001e-29	7.354284802184446e-29	7.352542586578351e-29	7.353187425036768e-29	7.352304183708102e-29	7.35233160856851e-29	7.353285827644284e-29	7.352560886782403e-29
X	X	7	5	1.0574557462748133e-29	1.0580705481716641e-29	1.06071929133499e-29	1.0604501783688817e-29	1.0612325240497233e-29	1.0630578435605421e-29	1.0634411628612186e-29	1.0655317652028731e-29	1.0653636054951533e-29	1.0659809522612598e-29	1.0675976154038623e-29	1.0675824875440921e-29	1.0696777231247124e-29	1.0694456817045493e-29	1.0696380958009458e-29	1.0710441673339973e-29	1.0708300424681723e-29	1.0725742889441201e-29	1.0720979441396016e-29	1.0725237591885439e-29	1.0733314545353472e-29	1.0727158551289682e-29	1.0743447615207617e-29	1.0732670531679895e-29	1.0740995413024804e-29	1.0743776800056567e-29	1.0738637526887102e-29	1.0748035577453624e-29	1.0737238387920465e-29	1.0743132596015307e-29	1.0741674950768232e-29	1.0739228733454065e-29	1.0743452386730283e-29	1.073372620952035e-29	1.0735175434916874e-29	1.0731354233361115e-29	1.0728215664376478e-29	1.072767900690706e-29	1.0723145138533423e-29	1.0720665234510084e-29	1.0712667472701323e-29	1.0707228854159138e-29	1.0702960832069913e-29	1.0701121348426958e-29	1.0695105415447019e-29	1.0686795947053296e-29	1.0682426856358573e-29	1.0675247133427797e-29	1.067038606386014e-29	1.0661982697256312e-29	1.0655121407031096e-29	1.0647283966472367e-29	1.0640689640333616e-29	1.063724302393457e-29	1.062911401598585e-29	1.0618390044503686e-29	1.0611362355557397e-29	1.0605111728229264e-29	1.0598363822965542e-29	1.0593034219907695e-29	1.0581171482869772e-29	1.057521425299244e-29	1.0567872579379399e-29	1.0562058942251291e-29	1.0554178343068203e-29	1.0543891898773109e-29	1.0538265591700036e-29	1.0532668489053711e-29	1.052427598793299e-29	1.0518477840493454e-29	1.0509151836381468e-29	1.0502166726285897e-29	1.049902285024523e-29	1.049137898874311e-29	1.0486846685530226e-29	1.0479014067396511e-29	1.0470243748448549e-29	1.0468197215260595e-29	1.046326324606456e-29	1.0460633230345037e-29	1.0451592083849777e-29	1.0445938729172634e-29	1.0444300637135729e-29	1.0440041942909731e-29	1.0436408793147214e-29	1.0425087853264713e-29	1.0430196720891948e-29	1.0423646602315485e-29	1.0422752457587473e-29	1.0418884274428457e-29	1.0410898764774752e-29	1.0412987732388961e-29	1.0407587036798037e-29	1.040945583745806e-29	1.0406423494069482e-29	1.0400733048266436e-29	1.0403518148768658e-29	1.0396566097726183e-29	1.0398426448753485e-29	1.0396415592813304e-29	1.0391930922510704e-29	1.0394050044944459e-29	1.0390090746558009e-29	1.0388834529189895e-29	1.039276216842373e-29	1.0384443141306616e-29	1.0387286148897137e-29	1.0387497617182048e-29	1.0381709929998144e-29	1.0386471590577e-29	1.037937611236201e-29	1.0381090892647528e-29	1.037930373104706e-29	1.0376439820605249e-29	1.0379732851237882e-29	1.0373926026814375e-29	1.03746257075625e-29	1.0370412504146883e-29	1.0371740963146653e-29	1.036742898887408e-29	1.0366782340589597e-29
X	X	8	6	1.787456380422783e-30	1.787613526658169e-30	1.7912975362191045e-30	1.790376295163986e-30	1.7912289768057573e-30	1.7941562027096217e-30	1.7940605018332422e-30	1.796929799630645e-30	1.796264574465909e-30	1.796972028828289e-30	1.799786901390122e-30	1.799768021077775e-30	1.8028287471861158e-30	1.8029683056280694e-30	1.803078889188646e-30	1.804952611813816e-30	1.8054682166798844e-30	1.80814238209023e-30	1.807957869908471e-30	1.809226462110441e-30	1.810414204531409e-30	1.8106886210467748e-30	1.8127492407295757e-30	1.812246869639837e-30	1.8139797860797382e-30	1.8143392251670706e-30	1.8149749603646222e-30	1.8172379298547763e-30	1.816383792981473e-30	1.817653243538002e-30	1.8185698628745606e-30	1.818734505124246e-30	1.8201011607752403e-30	1.819611703454944e-30	1.82084393669179e-30	1.821980530302823e-30	1.8213447969530033e-30	1.822566226319201e-30	1.8229427899939564e-30	1.823210717535245e-30	1.823303578995635e-30	1.8234785867672156e-30	1.824232490288963e-30	1.825017371383797e-30	1.8253275742106833e-30	1.824673807749744e-30	1.8251824350550815e-30	1.8254625520424854e-30	1.8256350251407574e-30	1.825391278681348e-30	1.8253077918879114e-30	1.825759624039843e-30	1.8255630575029826e-30	1.8256437718638372e-30	1.825837143208053e-30	1.8257007528787116e-30	1.8254430347282316e-30	1.8252366823039894e-30	1.8256364177634024e-30	1.8261761782821582e-30	1.8248224724150194e-30	1.8252889255665798e-30	1.8254166761608836e-30	1.825592919989221e-30	1.8251280846344373e-30	1.8243511463106968e-30	1.8247396590198595e-30	1.825349537093879e-30	1.8236715306854524e-30	1.8248350413555653e-30	1.8244681401390108e-30	1.824609863236457e-30	1.8249657120792085e-30	1.8239028448107018e-30	1.8248073002083823e-30	1.8248830709708825e-30	1.8236790785343797e-30	1.8244570616221203e-30	1.8254837480500205e-30	1.8253018075279887e-30	1.8253669267392777e-30	1.8249681242455817e-30	1.826095258875743e-30	1.8264878467936905e-30	1.8260154673262736e-30	1.825532143948232e-30	1.8282502922384282e-30	1.8274051904234015e-30	1.828340094133006e-30	1.828799408053756e-30	1.828955108544731e-30	1.8298559304966073e-30	1.82970109057827e-30	1.83151549176623e-30	1.8322103336362516e-30	1.8323211850718433e-30	1.8346548245501512e-30	1.8337197632905192e-30	1.8356358358717733e-30	1.8358416595166454e-30	1.8361069382006394e-30	1.8382053111402655e-30	1.8386714781136523e-30	1.84016597356611e-30	1.8419634377349567e-30	1.841457585588778e-30	1.8434946407693947e-30	1.8448625908682317e-30	1.8445918344952897e-30	1.8467357491065417e-30	1.848714739158905e-30	1.8481805450486373e-30	1.850624624533919e-30	1.8510257580211954e-30	1.852896034060946e-30	1.853968399711522e-30	1.8543280603105034e-30	1.856159655553833e-30	1.8584874874943286e-30	1.857664919790273e-30	1.85963458716645e-30
X	X	1	0	4.029889930707467e-24	4.028583941710891e-24	4.024898110774942e-24	4.0209586804416644e-24	4.019837965258761e-24	4.014511291520389e-24	4.013729211751129e-24	4.0056899283495455e-24	4.005460375970947e-24	3.999187730328146e-24	3.9954056516128036e-24	3.9924023657033424e-24	3.986354205069177e-24	3.9851309941609576e-24	3.9730057263860426e-24	3.97335259061474e-24	3.965586278538923e-24	3.961811233196619e-24	3.957221494913313e-24	3.948836190365609e-24	3.9455321212473326e-24	3.933642188319979e-24	3.933986286945098e-24	3.92393892006496e-24	3.921672683533657e-24	3.9159040552642444e-24	3.9057374075178015e-24	3.901726984779892e-24	3.890365955160502e-24	3.889366924637026e-24	3.878492262018923e-24	3.876025668137727e-24	3.869706881511893e-24	3.858906852089753e-24	3.8531387626394195e-24	3.843475948098845e-24	3.841547864536735e-24	3.8314004552741985e-24	3.82870354702471e-24	3.8210520783927205e-24	3.81113207857584e-24	3.804713127469032e-24	3.7952364026114376e-24	3.793618571698309e-24	3.783970162898917e-24	3.778763083931052e-24	3.7736433107067455e-24	3.764825151478788e-24	3.758318362395419e-24	3.7503802272609194e-24	3.747598198483125e-24	3.737304064031026e-24	3.733883355409999e-24	3.72954224201742e-24	3.7218526605925606e-24	3.716145899016255e-24	3.709783517289722e-24	3.705776250504271e-24	3.699061355739018e-24	3.695164800943774e-24	3.6911966569572526e-24	3.685379228155829e-24	3.679827230333333e-24	3.675803185801543e-24	3.670651353282578e-24	3.667540784461886e-24	3.6632962929605704e-24	3.660362058567742e-24	3.6566896200534386e-24	3.651476537463787e-24	3.650358055332945e-24	3.643713541894779e-24	3.64501234257398e-24	3.640266905570739e-24	3.6378502616589204e-24	3.6359235831173716e-24	3.630499422444019e-24	3.63292787169968e-24	3.6258147036590886e-24	3.6288076451066655e-24	3.625276241384904e-24	3.623835917488289e-24	3.623715873014602e-24	3.618084830272378e-24	3.620719971754605e-24	3.61439645747731e-24	3.618757680124756e-24	3.615871063655443e-24	3.6141526720245696e-24	3.6154183992201704e-24	3.610706685344968e-24	3.612557231459126e-24	3.607660794279332e-24	3.611440795581077e-24	3.610627817985606e-24	3.6074335251979806e-24	3.606812076472124e-24	3.603794788237096e-24	3.604248323272928e-24	3.600636312131385e-24	3.603517550552985e-24	3.6011913705043714e-24	3.5998182211676954e-24	3.596322768040162e-24	3.594720764976396e-24	3.593245266286748e-24	3.5898491904224286e-24	3.59079090979021e-24	3.5873559476635785e-24	3.585763670950867e-24	3.5797557985802046e-24	3.579385188415926e-24	3.5778154331944596e-24	3.574759220644408e-24	3.571236720686748e-24	3.567399959603344e-24	3.564396534656924e-24	3.557318167292455e-24	3.556027657305787e-24	3.551355918193064e-24	3.5494111535099125e-24
X	X	2	1	7.4579207020324755e-25	7.458238861649124e-25	7.459107958711588e-25	7.461577518340317e-25	7.464014756239993e-25	7.4668256593273525e-25	7.468950575119174e-25	7.471108132622398e-25	7.474273388101915e-25	7.473335634125184e-25	7.476932123969492e-25	7.477531659818542e-25	7.483631834215292e-25	7.48358609184644e-25	7.48118026379469e-25	7.486809702707061e-25	7.486078256967996e-25	7.489951691094137e-25	7.489585063061846e-25	7.492040389443809e-25	7.4948592136824565e-25	7.491301715561894e-25	7.496246450218896e-25	7.4935566870900885e-25	7.499611813654411e-25	7.499570812854481e-25	7.498473324491669e-25	7.500486330623224e-25	7.498387243302804e-25	7.502875741506236e-25	7.498550180407918e-25	7.50285217586602e-25	7.503968696751373e-25	7.500839315989472e-25	7.503455423557397e-25	7.501481348144943e-25	7.504703399464321e-25	7.50310335965586e-25	7.505260470360041e-25	7.503837441021495e-25	7.501608877971302e-25	7.503075441098773e-25	7.499963864726503e-25	7.505361213932391e-25	7.502726508607455e-25	7.502347288423427e-25	7.503389430524719e-25	7.501505703257789e-25	7.503059272060804e-25	7.501064480084349e-25	7.503232383452319e-25	7.501390517216715e-25	7.500141607908605e-25	7.503388598281974e-25	7.500863868211822e-25	7.504601578445401e-25	7.503661971108814e-25	7.503460723902546e-25	7.50565540712979e-25	7.50413284582929e-25	7.50737261961143e-25	7.506453997926332e-25	7.509117212306121e-25	7.51085063580527e-25	7.508262681458922e-25	7.514275711738739e-25	7.512739546830874e-25	7.517685664612957e-25	7.51965806949016e-25	7.520963265305062e-25	7.527506369921433e-25	7.523426990292364e-25	7.532781038905652e-25	7.531185323193368e-25	7.535427959629941e-25	7.5401823998660665e-25	7.538390137719238e-25	7.551971125231643e-25	7.547258261737556e-25	7.5560487184731855e-25	7.557789448245825e-25	7.562343767341595e-25	7.571736987756606e-25	7.566698550464746e-25	7.578740899428044e-25	7.576046608419545e-25	7.583775006797082e-25	7.588890368345985e-25	7.589806801124574e-25	7.603542403855381e-25	7.598436465382632e-25	7.6069020353475265e-25	7.608308689764759e-25	7.612231633961227e-25	7.623456918071823e-25	7.618312319256864e-25	7.627970929628524e-25	7.6251631109316485e-25	7.630440532310142e-25	7.633954944297177e-25	7.636555087658917e-25	7.64637279427366e-25	7.641141210403684e-25	7.645966976052117e-25	7.644931258010121e-25	7.646899363151163e-25	7.648332573007259e-25	7.6496957226807515e-25	7.653867261472575e-25	7.649945021330516e-25	7.649909918293125e-25	7.650241947349792e-25	7.65563855570407e-25	7.654793895665668e-25	7.649823105618138e-25	7.649970896840411e-25	7.644525129027115e-25	7.644014082071348e-25	7.640159684260317e-25	7.640744872328499e-25	7.639835975203814e-25
X	X	3	2	1.634938237257124e-25	1.6353617122749964e-25	1.6363175897905862e-25	1.637343109710933e-25	1.6381381551504921e-25	1.6394816580114716e-25	1.640090491993642e-25	1.6415610292175375e-25	1.6423143655731644e-25	1.6427151838170159e-25	1.644003948734299e-25	1.6443346676109341e-25	1.6465223683773e-25	1.6465130410682099e-25	1.646843994834591e-25	1.6483458001558948e-25	1.6485188468923812e-25	1.6499549055409421e-25	1.6499487190972283e-25	1.6511592927837924e-25	1.6520568831649041e-25	1.6518050533525906e-25	1.6530648536187123e-25	1.6527650018789202e-25	1.654488186771512e-25	1.6546423480219273e-25	1.6548797306416487e-25	1.6555567171902912e-25	1.6554153211122097e-25	1.6566747086721748e-25	1.65601623811195e-25	1.657147152076907e-25	1.6576808357189296e-25	1.6572167218954289e-25	1.658194318328288e-25	1.6578044606174019e-25	1.6586462963901456e-25	1.6586721905043355e-25	1.6590593378295484e-25	1.6590966883870793e-25	1.6586585855196014e-25	1.6592828350461809e-25	1.6587141962753333e-25	1.6599628736445e-25	1.6595651297689248e-25	1.6594363395532027e-25	1.6598532463976429e-25	1.659520163971574e-25	1.6601479219304788e-25	1.6597314187473877e-25	1.6601666727255297e-25	1.660124486694195e-25	1.659582579669111e-25	1.6605807614769168e-25	1.659887182661131e-25	1.660882545536923e-25	1.6607554263042586e-25	1.6606477509103686e-25	1.6613363935408076e-25	1.660921505065956e-25	1.6617558125495794e-25	1.6615883578296976e-25	1.662299610909456e-25	1.6627619962669317e-25	1.662116565136578e-25	1.6636439423490256e-25	1.6632026098376297e-25	1.6643697671169459e-25	1.6648551012485552e-25	1.665134887610909e-25	1.6666996834114974e-25	1.6657837265461943e-25	1.667923115877141e-25	1.6676521989216639e-25	1.6685191040279642e-25	1.6697623094282146e-25	1.6693433792457668e-25	1.6724679991711815e-25	1.6714676525331178e-25	1.6733591058459618e-25	1.6738016111787516e-25	1.6746722539170307e-25	1.6770260205720337e-25	1.6759147140264716e-25	1.6786280890279992e-25	1.6781298077941107e-25	1.6795181851231812e-25	1.6810227020335824e-25	1.6810733525061596e-25	1.6842802338456962e-25	1.6831458907354118e-25	1.6849088798173719e-25	1.6856284885981965e-25	1.6859543591443936e-25	1.6887810648705114e-25	1.6875861941231925e-25	1.6897746583402379e-25	1.6892124333956925e-25	1.6902355424117808e-25	1.6913375171785518e-25	1.6914155299348147e-25	1.6938433041687159e-25	1.6926535759659743e-25	1.6937933975285165e-25	1.693793622879379e-25	1.694007807192307e-25	1.6945676378093948e-25	1.6947167580786374e-25	1.6956306882892817e-25	1.6948624660380105e-25	1.6948707999726402e-25	1.6949574685280164e-25	1.696070265367154e-25	1.6958945622779263e-25	1.6949190539341188e-25	1.6948266156767638e-25	1.6937141150071692e-25	1.6937888620057971e-25	1.6928366416455635e-25	1.6929950720061685e-25	1.6926500810046462e-25
X	X	4	3	1.947857066413324e-26	1.9487743686667999e-26	1.95165807967062e-26	1.952725837520816e-26	1.953933924453768e-26	1.9565676948124576e-26	1.957369740064797e-26	1.96056771453611e-26	1.961113903287479e-26	1.9621884132587392e-26	1.9644145872517212e-26	1.9647481122577862e-26	1.968243360955677e-26	1.96800571981328e-26	1.9689865628534772e-26	1.9711323838895683e-26	1.9712204953650407e-26	1.973733867125836e-26	1.973307790861219e-26	1.9748446549822247e-26	1.9761796199782825e-26	1.975902617659023e-26	1.9777934448574551e-26	1.9769546434995607e-26	1.979040675819134e-26	1.9792868001181813e-26	1.9793761531425735e-26	1.98037834380347e-26	1.979767460265335e-26	1.9812591958460893e-26	1.9804390200555547e-26	1.9812497774366959e-26	1.9819669567484592e-26	1.9810292255689275e-26	1.9820808489552247e-26	1.9812174925910978e-26	1.981776741286488e-26	1.9818386812269814e-26	1.981586936299456e-26	1.981655403501993e-26	1.9805725372265295e-26	1.980879781428551e-26	1.9800766397020636e-26	1.9807762002034716e-26	1.980041568180981e-26	1.9793309878275423e-26	1.9794112471978446e-26	1.978628496281895e-26	1.9788912340986095e-26	1.9779468456030003e-26	1.977689625331173e-26	1.9773306807637812e-26	1.9761739186164604e-26	1.9768690048398257e-26	1.9756630342528359e-26	1.975826063136512e-26	1.975258548360313e-26	1.974661572914481e-26	1.9748310620045353e-26	1.9739720045729662e-26	1.9740689751378618e-26	1.9734179563345112e-26	1.973516264665813e-26	1.9735365060934335e-26	1.9723925124339772e-26	1.973130991421554e-26	1.9723306426784418e-26	1.972845688959492e-26	1.9728887514208006e-26	1.9725043854507264e-26	1.9732715855122326e-26	1.9720168546639953e-26	1.973538410027899e-26	1.9730609646098364e-26	1.9732133711970915e-26	1.973742195546934e-26	1.9729564582014845e-26	1.9753296461381074e-26	1.97416858076141e-26	1.975515844989436e-26	1.975264433664069e-26	1.975565660568195e-26	1.977452890423065e-26	1.9762373941059508e-26	1.9783142604942606e-26	1.977261375720072e-26	1.9781651066029116e-26	1.9794719651399896e-26	1.97916583173671e-26	1.9816838774526032e-26	1.9802159653187536e-26	1.9815931600791073e-26	1.9822896023938332e-26	1.9819930810231013e-26	1.9844482228907637e-26	1.9830221900206312e-26	1.9847387669160529e-26	1.9841379257311174e-26	1.9847522235804227e-26	1.9858638497190615e-26	1.9852433966349691e-26	1.9873476947247914e-26	1.9862395098161104e-26	1.9869484767879036e-26	1.9872586472852502e-26	1.986819674689208e-26	1.9875318169112254e-26	1.987472752059501e-26	1.9878935062170058e-26	1.987556094017632e-26	1.9870246300755745e-26	1.9872811193244464e-26	1.9878037666220728e-26	1.9875321332506135e-26	1.9870270686305645e-26	1.9864071514116138e-26	1.9856884236390463e-26	1.9854502234422597e-26	1.9846451540266911e-26	1.984630054354732e-26	1.9840117071714605e-26
X	X	5	4	3.306174701291331e-27	3.3079531053528915e-27	3.316404413932328e-27	3.3171399735583014e-27	3.319815618999277e-27	3.3266019551644235e-27	3.3278788729798394e-27	3.3364169269596084e-27	3.336368056376099e-27	3.339027623300934e-27	3.344831684056649e-27	3.345399923451367e-27	3.35360009494117e-27	3.352808995417358e-27	3.3554476644798765e-27	3.360430268435162e-27	3.36077541033656e-27	3.367188798362055e-27	3.36619875273695e-27	3.36915063928128e-27	3.372712185570182e-27	3.372586670496562e-27	3.377619018582461e-27	3.3756213760662726e-27	3.379592633815602e-27	3.381308831923272e-27	3.381357613998432e-27	3.3844785630110564e-27	3.383355169525911e-27	3.385980056558498e-27	3.386305034722185e-27	3.386787774438227e-27	3.3891814999961354e-27	3.387714257348884e-27	3.389605111803701e-27	3.389170087852309e-27	3.389394309714054e-27	3.390632220095625e-27	3.3897364499456924e-27	3.390326358214431e-27	3.389040648531831e-27	3.3890043183252504e-27	3.38879484998059e-27	3.3890079005071785e-27	3.388350877455246e-27	3.3869448898905715e-27	3.386630365180971e-27	3.385950728264232e-27	3.385871794160781e-27	3.384652020027143e-27	3.383288670543047e-27	3.382585927200099e-27	3.3811008131472966e-27	3.381465877553891e-27	3.379816061675593e-27	3.378591727667981e-27	3.377596100997875e-27	3.376504305665326e-27	3.376318026330365e-27	3.374889110603866e-27	3.373496886898224e-27	3.3723397109623536e-27	3.371783777949024e-27	3.371484183708024e-27	3.3696888487577105e-27	3.368753863604748e-27	3.367630486408019e-27	3.3673433355912225e-27	3.3670968026741785e-27	3.3660968505633995e-27	3.36512203158339e-27	3.3637155182539564e-27	3.364392521214393e-27	3.3637992923974354e-27	3.363318573736908e-27	3.362188892154859e-27	3.361399330597368e-27	3.362897016106981e-27	3.361808976948441e-27	3.362604859391795e-27	3.360832042137591e-27	3.361223074327915e-27	3.3623927693365776e-27	3.361367595084197e-27	3.3629473318139656e-27	3.360410560714283e-27	3.361814752180469e-27	3.362576005931855e-27	3.362490739386669e-27	3.3646015882954575e-27	3.361979171830772e-27	3.363995227638003e-27	3.36452167444359e-27	3.364245844519019e-27	3.3666405937749646e-27	3.364393682974309e-27	3.3666722288990026e-27	3.365820819278445e-27	3.366769953531227e-27	3.368081844807458e-27	3.366660095088043e-27	3.36949064233949e-27	3.368129607585374e-27	3.369113281318251e-27	3.3700895371170795e-27	3.3690387623885725e-27	3.37061073685252e-27	3.370408999856807e-27	3.371021294104368e-27	3.3714389157856e-27	3.370569124585486e-27	3.371595584466194e-27	3.3718685528783755e-27	3.3718803612598296e-27	3.3723392891359224e-27	3.371440645930903e-27	3.37155361060504e-27	3.371170782960896e-27	3.370867140848888e-27	3.3713732466542484e-27	3.370738602710336e-27
X	X	6	5	4.513308689039993e-28	4.515706011917365e-28	4.528218534590054e-28	4.528457871438674e-28	4.532306026802937e-28	4.542055073531209e-28	4.543777655686227e-28	4.555965744216508e-28	4.555494692048134e-28	4.559159987359754e-28	4.567694788286239e-28	4.568406409870367e-28	4.580041031214961e-28	4.578921027967962e-28	4.58237275123289e-28	4.589594735397023e-28	4.590083665594998e-28	4.599375327252675e-28	4.598061741466789e-28	4.601897457465842e-28	4.607136158030128e-28	4.606801052337824e-28	4.614469629511341e-28	4.611451458568307e-28	4.6168239592506305e-28	4.619692707450682e-28	4.6194501174495655e-28	4.624406911450591e-28	4.622605107338156e-28	4.626059448507853e-28	4.627393062638909e-28	4.627565054385105e-28	4.631257385647729e-28	4.629211078985817e-28	4.631589440681898e-28	4.631671430147548e-28	4.631546037617523e-28	4.6335512684637925e-28	4.632385401728727e-28	4.6331007938169255e-28	4.631678866525223e-28	4.631310458707211e-28	4.631423571596658e-28	4.631461118571658e-28	4.630813093214354e-28	4.628780574410748e-28	4.628137134585257e-28	4.627421396441736e-28	4.6269596169388585e-28	4.625508567528089e-28	4.623322208975447e-28	4.622100261122958e-28	4.6205313813291765e-28	4.620482315550346e-28	4.618426263697718e-28	4.616103325832174e-28	4.6146404387295625e-28	4.613217315567412e-28	4.6126357690300305e-28	4.610756657957595e-28	4.608028529196e-28	4.606496838539144e-28	4.60533317309365e-28	4.604699901522729e-28	4.602339295763305e-28	4.5999757860909e-28	4.598556091268281e-28	4.597608615970128e-28	4.596894408160343e-28	4.595551633084993e-28	4.593067585627406e-28	4.59142959554279e-28	4.591503278602426e-28	4.590450136122499e-28	4.589629614695581e-28	4.58719437638141e-28	4.586112587027165e-28	4.586995002557527e-28	4.585782012590722e-28	4.586188142307376e-28	4.583151950252206e-28	4.5835082943141605e-28	4.584099235278053e-28	4.583053308599189e-28	4.5841543254497895e-28	4.580220569819877e-28	4.582441978077963e-28	4.58230336124579e-28	4.582483419614294e-28	4.584140323530367e-28	4.580512571608053e-28	4.583075682655162e-28	4.583000468278812e-28	4.583267947957e-28	4.585161268190702e-28	4.582260766709325e-28	4.5851968049977855e-28	4.583615116720577e-28	4.585068607567819e-28	4.586085675447365e-28	4.584297629843842e-28	4.587690148643699e-28	4.585737411098014e-28	4.5870047305368e-28	4.588411159480362e-28	4.586675695860263e-28	4.58880677255529e-28	4.588611265975218e-28	4.589070690902337e-28	4.59005403909635e-28	4.588797584274714e-28	4.590194533563183e-28	4.590434722730836e-28	4.590363209067473e-28	4.59140027470604e-28	4.590310809017898e-28	4.590713923304052e-28	4.590160199162733e-28	4.590178000790712e-28	4.59077318072046e-28	4.590320359455908e-28
X	X	7	6	5.363375384419276e-29	5.366493322537066e-29	5.379927074753562e-29	5.378561667508063e-29	5.382530063642174e-29	5.391786907908866e-29	5.393730743097389e-29	5.404332796485597e-29	5.403480572534566e-29	5.406610952565062e-29	5.414810347692514e-29	5.414733595988857e-29	5.425360056242591e-29	5.424182903661413e-29	5.42515729116146e-29	5.43228912621295e-29	5.431202486614979e-29	5.440049769791458e-29	5.437633413616374e-29	5.439792814602958e-29	5.443888479529521e-29	5.440765553597723e-29	5.449026940734614e-29	5.443559804140134e-29	5.447783594846724e-29	5.449192892922124e-29	5.446586256913003e-29	5.451351716157312e-29	5.445874972256689e-29	5.448863959815385e-29	5.448123303738335e-29	5.446883933663204e-29	5.449024548909645e-29	5.444091161441144e-29	5.444824818081722e-29	5.442886038924082e-29	5.441292923958811e-29	5.441019911971475e-29	5.438721256475848e-29	5.437461383687753e-29	5.433404758932258e-29	5.430644173567012e-29	5.428478806310203e-29	5.427543934939422e-29	5.424492237219835e-29	5.420276882168865e-29	5.418059638189888e-29	5.414417739019101e-29	5.411949677498911e-29	5.407686530470493e-29	5.404204293762316e-29	5.400228906678886e-29	5.396882998573737e-29	5.395133528938454e-29	5.391009635740688e-29	5.385568018404215e-29	5.382002188784841e-29	5.378829268998638e-29	5.375406805361163e-29	5.372701551239478e-29	5.366683834565642e-29	5.363660873326137e-29	5.359934591983233e-29	5.356984426774306e-29	5.352984545988217e-29	5.347767786524977e-29	5.344911502455165e-29	5.342071494548106e-29	5.337812986361217e-29	5.334869841260361e-29	5.33013822181191e-29	5.326592818564657e-29	5.324998470437213e-29	5.321118489081304e-29	5.31881867604175e-29	5.314843838056988e-29	5.310393576732974e-29	5.30935405521065e-29	5.306849105553055e-29	5.305515402222519e-29	5.300926600480009e-29	5.298058441435986e-29	5.29722525546511e-29	5.295063682076991e-29	5.293219334614231e-29	5.287475476607835e-29	5.290066740826093e-29	5.286741404911175e-29	5.286287358969628e-29	5.284322835834088e-29	5.280271824171113e-29	5.28132958178777e-29	5.278588639788412e-29	5.279536856522572e-29	5.277995983091123e-29	5.275109478100503e-29	5.276519363170554e-29	5.272992893480874e-29	5.273935062325841e-29	5.272913872533201e-29	5.270639751495411e-29	5.271711013797008e-29	5.26970389116558e-29	5.269063987433448e-29	5.271056100785035e-29	5.266835606700426e-29	5.268276725898574e-29	5.268384274815839e-29	5.2654462084085e-29	5.267862177627402e-29	5.26426067985537e-29	5.265131161706206e-29	5.264224016289299e-29	5.262771101453329e-29	5.264441323796542e-29	5.261494290605459e-29	5.261850103143278e-29	5.259710839555044e-29	5.260385636612782e-29	5.258198288536776e-29	5.257870353547005e-29
X	X	8	7	7.622739612782936e-30	7.623409127399751e-30	7.639118747558096e-30	7.6351894840246e-30	7.638826041034755e-30	7.651307912793437e-30	7.650899195663313e-30	7.663132903807365e-30	7.66029728272873e-30	7.663312843145361e-30	7.67531643868507e-30	7.675235975966091e-30	7.68828754821248e-30	7.688882579980233e-30	7.689351520694258e-30	7.697342299213127e-30	7.699540456242566e-30	7.710945034152959e-30	7.710157474709358e-30	7.715566900306079e-30	7.720630705221317e-30	7.721799991988298e-30	7.730586983023245e-30	7.728442944779401e-30	7.735835138336174e-30	7.73736570499446e-30	7.74007671495332e-30	7.749725595103292e-30	7.746082116886686e-30	7.751495334830012e-30	7.755402036074098e-30	7.756106015884792e-30	7.761932059216537e-30	7.759843910537857e-30	7.76509707493752e-30	7.769942865136418e-30	7.767230071127652e-30	7.772437823229306e-30	7.774044792465684e-30	7.775184421166538e-30	7.775580173919327e-30	7.77632348236408e-30	7.779537558898177e-30	7.782881934615032e-30	7.78420434980446e-30	7.781414972375721e-30	7.783582230888886e-30	7.784776152038828e-30	7.785508272236567e-30	7.784467292676407e-30	7.784107993353332e-30	7.786034441727139e-30	7.785194453331653e-30	7.785536633186468e-30	7.786359915562536e-30	7.785774636401177e-30	7.784673714414322e-30	7.783789830640067e-30	7.785494583813645e-30	7.787793364420758e-30	7.782019060145252e-30	7.78400600692264e-30	7.784546948527482e-30	7.785296391671475e-30	7.783309899364308e-30	7.77999720877794e-30	7.781650234932615e-30	7.784249144682087e-30	7.777090615305523e-30	7.78204910136021e-30	7.780481889451613e-30	7.781082641630609e-30	7.78260033484723e-30	7.778063187794691e-30	7.78191881571572e-30	7.782238300331658e-30	7.777101123180614e-30	7.780416609964913e-30	7.784790905996888e-30	7.784015643267538e-30	7.784288231856488e-30	7.782586410152897e-30	7.787389432343237e-30	7.789061163335975e-30	7.787044302483584e-30	7.7849802105227e-30	7.796571567678601e-30	7.792962968340481e-30	7.796948945665266e-30	7.798903586876201e-30	7.799566137248195e-30	7.803405098263805e-30	7.802741987229427e-30	7.81047996634696e-30	7.813438502911084e-30	7.813910697319568e-30	7.823858138881063e-30	7.819869769291057e-30	7.828038647298286e-30	7.82891428280673e-30	7.830045930708382e-30	7.83898904524448e-30	7.840978232654367e-30	7.847347198020744e-30	7.855012214665034e-30	7.852853006950058e-30	7.86153871511485e-30	7.867372305799146e-30	7.866213617519575e-30	7.875357622115148e-30	7.883792144601316e-30	7.881515415237803e-30	7.891936563058488e-30	7.893646461457241e-30	7.901622098428755e-30	7.906191843931663e-30	7.907726980347676e-30	7.915533885416248e-30	7.925461944604624e-30	7.921953505860641e-30	7.93035302222463e-30
X	X	0	0	2.3618131376285895e-26	2.3612744657127614e-26	2.352354105159625e-26	2.346377093042536e-26	2.346055213392564e-26	2.334611879149659e-26	2.331789802957832e-26	2.3163438801562082e-26	2.3175296367151374e-26	2.3068053533530592e-26	2.3038010198807418e-26	2.299966289355356e-26	2.2894942943771118e-26	2.2840799034363508e-26	2.26690912173817e-26	2.2679413291621733e-26	2.2567185916588665e-26	2.2561436274535527e-26	2.248828506365833e-26	2.238426538376219e-26	2.230353948276703e-26	2.2167277695674133e-26	2.2126621583205206e-26	2.1971260634957954e-26	2.202027588458806e-26	2.1909173469168687e-26	2.1811532312571192e-26	2.1699964123805914e-26	2.158456311699292e-26	2.1508622877118942e-26	2.1362653608209716e-26	2.1406062173120975e-26	2.126853645024965e-26	2.11775952987673e-26	2.1036928192353806e-26	2.0927251809928613e-26	2.0824679405449318e-26	2.0697448580749563e-26	2.0733629767936368e-26	2.055841484971416e-26	2.048371954419516e-26	2.03212193950399e-26	2.0211926840133488e-26	2.0087776836338303e-26	1.998715128179328e-26	1.9903039823802894e-26	1.9820464073029143e-26	1.974185083731515e-26	1.9564736412673045e-26	1.945825277978529e-26	1.930468455715881e-26	1.9239032623008976e-26	1.9134752314037672e-26	1.905360943719645e-26	1.897178116316895e-26	1.87878060104279e-26	1.868937689548583e-26	1.852297643897297e-26	1.8487478123629785e-26	1.835919464592829e-26	1.8282066432836216e-26	1.8192069869245833e-26	1.8016389314188704e-26	1.7926988232409117e-26	1.7756930868113874e-26	1.775010725076329e-26	1.7602492122140305e-26	1.7532505744450994e-26	1.7436429329032275e-26	1.7281564576908485e-26	1.7205455859422416e-26	1.704677633365564e-26	1.705648856480436e-26	1.6897139326419245e-26	1.6833637233816347e-26	1.6736711909700844e-26	1.6606503202063862e-26	1.6547195825366896e-26	1.64003030040976e-26	1.6426088014571348e-26	1.6266113931411728e-26	1.6218758223490003e-26	1.613030683803964e-26	1.6022439941175538e-26	1.5975225777813074e-26	1.584698116517581e-26	1.5888339106279352e-26	1.573589435147806e-26	1.5700153107616133e-26	1.561777110717026e-26	1.5544666159533377e-26	1.5501789342880378e-26	1.5404967928565102e-26	1.5452160631356415e-26	1.533321187035527e-26	1.5296386229554668e-26	1.5217583328416957e-26	1.5180880196854715e-26	1.514632476609644e-26	1.5082911249681332e-26	1.5139025428243286e-26	1.4987515842151848e-26	1.504339035417293e-26	1.4937790019076498e-26	1.493865776341679e-26	1.491364369474585e-26	1.4880786687131175e-26	1.4934473754200995e-26	1.482763559315189e-26	1.487974639508316e-26	1.4778150108096504e-26	1.4813773383746843e-26	1.4815749014942233e-26	1.4818514610674728e-26	1.4844471476337526e-26	1.4786996401786727e-26	1.4831118728736276e-26	1.4744996306973507e-26	1.4805300642248214e-26	1.4820519169709825e-26	1.4848583097214085e-26
X	X	1	1	3.598016783862988e-31	3.5984091865261604e-31	3.584190359817724e-31	3.5756461461053477e-31	3.574250769514097e-31	3.557830214610117e-31	3.553673240341669e-31	3.530256483063981e-31	3.5331230933499317e-31	3.5147390292643864e-31	3.510335087436797e-31	3.5028533969242853e-31	3.486977750277542e-31	3.478875019275139e-31	3.449921562320037e-31	3.452205895706266e-31	3.4324581964279836e-31	3.4308703081077802e-31	3.417908822985669e-31	3.399962123895193e-31	3.388273378059014e-31	3.3622964663108252e-31	3.3568828808274873e-31	3.3285509686192505e-31	3.3353642713542927e-31	3.316883528322117e-31	3.296933835645777e-31	3.2799578154061696e-31	3.257003946791471e-31	3.245423753859842e-31	3.217981782967893e-31	3.222715512185406e-31	3.200369079924639e-31	3.1803653381503946e-31	3.156515933364824e-31	3.135871678752901e-31	3.119050727876227e-31	3.094922824136435e-31	3.0973255304203742e-31	3.0685999720579477e-31	3.0510618194699502e-31	3.0237305296475026e-31	3.002996806304556e-31	2.9830002532476246e-31	2.9622749231419463e-31	2.9461092698380206e-31	2.931406847606063e-31	2.913588614307312e-31	2.8842164347269926e-31	2.8643468624387495e-31	2.83958825726532e-31	2.823672704410737e-31	2.8051315450087164e-31	2.7908967469572374e-31	2.7735854975369133e-31	2.7430459969045234e-31	2.7250448256730656e-31	2.699072191691547e-31	2.68781235813677e-31	2.665899846576165e-31	2.6525924200346096e-31	2.6351855925725787e-31	2.606793382906796e-31	2.5898412356197826e-31	2.56374864993953e-31	2.5580513682183136e-31	2.534033824997233e-31	2.521200853667965e-31	2.504350618889027e-31	2.4806465256196894e-31	2.4663624645239356e-31	2.441215461832138e-31	2.4392117561341137e-31	2.4137534870439713e-31	2.403057512563834e-31	2.3860694087661004e-31	2.36671567380426e-31	2.355981711042317e-31	2.3329700989811825e-31	2.333257928187601e-31	2.3088202035487964e-31	2.302186235442376e-31	2.2882675491360003e-31	2.2700594674050695e-31	2.2622177142632393e-31	2.2416912994742806e-31	2.245768925304822e-31	2.222063711924676e-31	2.217656757707868e-31	2.205495490907413e-31	2.1924220340370643e-31	2.186114743357773e-31	2.169697278854904e-31	2.1752598567384025e-31	2.159563566098312e-31	2.1513562522789816e-31	2.140832621764348e-31	2.132636280145139e-31	2.127239308604013e-31	2.1161384652718035e-31	2.1253146962639373e-31	2.1038863108785255e-31	2.108468477323831e-31	2.094373363993651e-31	2.0911278656482643e-31	2.0878237966958025e-31	2.0799403065743217e-31	2.088615214450932e-31	2.0737347570575277e-31	2.0779528479510513e-31	2.0631014292520844e-31	2.0655227939505664e-31	2.067785422099013e-31	2.0667992589012045e-31	2.0675846869682327e-31	2.0590352043574736e-31	2.062126280640344e-31	2.049734838035783e-31	2.054609765881344e-31	2.058151244829529e-31	2.060819329994665e-31
X	X	2	2	3.435720056174872e-32	3.4367669914321787e-32	3.427272333685522e-32	3.421366806001998e-32	3.4232569743605655e-32	3.41107271326762e-32	3.4096272314105476e-32	3.3926788067312414e-32	3.396517803249806e-32	3.383706545056568e-32	3.382481425125025e-32	3.37868098710116e-32	3.368922923662242e-32	3.363549425773262e-32	3.342082013218464e-32	3.34619641683919e-32	3.333138007861698e-32	3.3351829045747346e-32	3.3275252533710344e-32	3.3162726009301173e-32	3.3085909206333513e-32	3.290748095206686e-32	3.2876417375975005e-32	3.269359504442862e-32	3.277293408166393e-32	3.2650506455022994e-32	3.2522892354120337e-32	3.2390391226877426e-32	3.225889145806168e-32	3.21735043149032e-32	3.1998153580142223e-32	3.205983497411048e-32	3.189816253993988e-32	3.177809652784357e-32	3.1598026221374e-32	3.1473709431335066e-32	3.133396817333014e-32	3.118870499470535e-32	3.123154340993609e-32	3.0994573036704684e-32	3.090172004182179e-32	3.068364214588845e-32	3.0549912482657847e-32	3.0383192028700734e-32	3.0255520979599937e-32	3.0135460985752773e-32	3.0011064944941816e-32	2.990533886194691e-32	2.9663867587077126e-32	2.952430738778829e-32	2.9308103736274085e-32	2.921384944438414e-32	2.9064684824822826e-32	2.894164093981627e-32	2.882503853714121e-32	2.8562766860850273e-32	2.843044595417261e-32	2.8193982634009024e-32	2.812741348740416e-32	2.7937385723475213e-32	2.7819186981934454e-32	2.7683986682004057e-32	2.7431562517915007e-32	2.728913437269267e-32	2.704392391606009e-32	2.702087967683401e-32	2.680240119179859e-32	2.6675878880260014e-32	2.6528726147357066e-32	2.6312945958986095e-32	2.6187630229441636e-32	2.594089109883688e-32	2.5936228295964323e-32	2.56931709082914e-32	2.5584789051785454e-32	2.5412345167961845e-32	2.523105190931461e-32	2.512724420441096e-32	2.490093929194399e-32	2.490269078027991e-32	2.465537062527213e-32	2.4589303820554812e-32	2.4440842959839291e-32	2.4256456110219484e-32	2.416601565892799e-32	2.395848659249115e-32	2.3982388399404833e-32	2.373888547753537e-32	2.3693305509995397e-32	2.354911282019841e-32	2.3410546305077627e-32	2.3324742760166205e-32	2.315433390794296e-32	2.3182245649702497e-32	2.302356088290263e-32	2.2921025763490722e-32	2.2789432254060556e-32	2.269111332184391e-32	2.2607290244944965e-32	2.2489243233714643e-32	2.2553432392373603e-32	2.2332107176222619e-32	2.2338791011156565e-32	2.2182653723363215e-32	2.2126720832835377e-32	2.2063248234220064e-32	2.1964406510819853e-32	2.2020055951132275e-32	2.1862394849063536e-32	2.186555311879909e-32	2.1697792766800412e-32	2.169783096684394e-32	2.1697666017342698e-32	2.1669370565224401e-32	2.1629892098107561e-32	2.1531150392798666e-32	2.152667517151334e-32	2.1387854730451776e-32	2.1407521209349195e-32	2.141927724714614e-32	2.142396310450504e-32
X	X	3	3	4.804181846222994e-33	4.8063723884035885e-33	4.795624151291499e-33	4.7880024797987955e-33	4.79188452192886e-33	4.775949611056025e-33	4.7745736065356646e-33	4.753326155153207e-33	4.759111651694477e-33	4.742873683863603e-33	4.742285036151882e-33	4.738271747071098e-33	4.7266004371589254e-33	4.719738561038504e-33	4.691353552855082e-33	4.698071225207448e-33	4.680640294969658e-33	4.684865199294878e-33	4.6751813341455935e-33	4.660727394928197e-33	4.650763917396993e-33	4.626937659894938e-33	4.622921729697671e-33	4.599333404475343e-33	4.611092742418581e-33	4.594718383728399e-33	4.577878048077985e-33	4.559408520115361e-33	4.54270175507357e-33	4.531182724838744e-33	4.507753809967167e-33	4.51649591691539e-33	4.4941127721408895e-33	4.478528414767782e-33	4.4536712317457084e-33	4.43646348995638e-33	4.4166244962598814e-33	4.3969522307090263e-33	4.403456021249543e-33	4.370336717696379e-33	4.3579801955766606e-33	4.327248199735769e-33	4.308835338395877e-33	4.285494126125968e-33	4.26746661242732e-33	4.2510184560375e-33	4.233036901896984e-33	4.2182916954812285e-33	4.184668142981292e-33	4.1640127443395084e-33	4.1339990556634386e-33	4.1207133501953545e-33	4.099155115501903e-33	4.0817243603695084e-33	4.064083608819573e-33	4.027722650484318e-33	4.0084850012301776e-33	3.974540627334942e-33	3.965022459759188e-33	3.9373883706632145e-33	3.920917676454796e-33	3.901316496731776e-33	3.865249120822888e-33	3.845026661294701e-33	3.8093970950021977e-33	3.806716785744192e-33	3.7751875988470476e-33	3.756500121851207e-33	3.735332291473807e-33	3.703845142951966e-33	3.6864571485163965e-33	3.650273027222547e-33	3.649797363176965e-33	3.615243439722251e-33	3.598748725104165e-33	3.575585870631892e-33	3.548664902996248e-33	3.5340458550586686e-33	3.501741912299341e-33	3.501079381363085e-33	3.4659741019636224e-33	3.4555030856626916e-33	3.434670915916951e-33	3.408753712313175e-33	3.394974260938115e-33	3.365709903129226e-33	3.368258324656856e-33	3.333857694604923e-33	3.3271196648359426e-33	3.3057507110205094e-33	3.2863439879316216e-33	3.273255856147802e-33	3.249705738406873e-33	3.252995968531371e-33	3.230121609939871e-33	3.2160094783482395e-33	3.196672423458644e-33	3.182893608956636e-33	3.1707991881353475e-33	3.15356270424445e-33	3.162122921012376e-33	3.130755251427283e-33	3.13159925166913e-33	3.109672329406814e-33	3.1020586578788764e-33	3.0930311015862126e-33	3.0793020590993802e-33	3.086782127779172e-33	3.064630279872116e-33	3.065185553084631e-33	3.0419213227885997e-33	3.0420469870864245e-33	3.0419165009212323e-33	3.038280241242534e-33	3.0328255435456924e-33	3.0192313529855704e-33	3.0191122365156064e-33	2.9999457168890754e-33	3.0034046557679064e-33	3.0043964094716967e-33	3.0058391105404524e-33
X	X	4	4	4.2087392364912005e-34	4.211187845598853e-34	4.205768227169539e-34	4.199662619277626e-34	4.2046024597670446e-34	4.191975298263983e-34	4.191449689856064e-34	4.176436678492495e-34	4.181725577938916e-34	4.170080646907086e-34	4.170488439994651e-34	4.167709261271618e-34	4.160437850464254e-34	4.15497812061656e-34	4.132777542830734e-34	4.139374651034244e-34	4.124955156316154e-34	4.130962346150703e-34	4.1230612446120575e-34	4.112299932696806e-34	4.10395452385484e-34	4.084691373758341e-34	4.0827701063578475e-34	4.0623361944840195e-34	4.074839278279668e-34	4.0605866228331396e-34	4.0472829801165934e-34	4.0324505978706605e-34	4.018204298287289e-34	4.0098286534243665e-34	3.989425898679945e-34	3.997579569533743e-34	3.978787505104516e-34	3.965876809464277e-34	3.945552277888434e-34	3.930345020773569e-34	3.913389424225476e-34	3.896613483704941e-34	3.902713346165321e-34	3.874873208873234e-34	3.863906207986153e-34	3.8370205537151735e-34	3.821251023510084e-34	3.8008496269693344e-34	3.7851010900577375e-34	3.7711351106133775e-34	3.755506573338438e-34	3.7428916063797124e-34	3.7136513027623447e-34	3.694660681041175e-34	3.669028897742128e-34	3.6573437738962433e-34	3.6385046201947087e-34	3.6233918228636654e-34	3.6073153754994653e-34	3.5763254525174364e-34	3.5583959188002364e-34	3.528755718432871e-34	3.5204987582021152e-34	3.496091990722467e-34	3.4821933353932408e-34	3.464345029685612e-34	3.4329519080082165e-34	3.41506829952897e-34	3.383319207224611e-34	3.3816386626413827e-34	3.3536006042748115e-34	3.33778660775297e-34	3.318882268407625e-34	3.290413683657245e-34	3.2756839014306043e-34	3.2436852904463926e-34	3.2438994896557306e-34	3.213923428319594e-34	3.1990399546636735e-34	3.1796379489955596e-34	3.1548641628009086e-34	3.142552662879346e-34	3.114922942577892e-34	3.114366138249498e-34	3.0841507213424865e-34	3.073945772319384e-34	3.0562860301703346e-34	3.034926251540198e-34	3.022369217224818e-34	2.997887955741465e-34	3.0001757777271865e-34	2.971298315779466e-34	2.9651155943145787e-34	2.946039857549814e-34	2.9307051486643057e-34	2.919205049843208e-34	2.900086518443133e-34	2.9038172347324e-34	2.8828047258320657e-34	2.8723979302159867e-34	2.855343990468897e-34	2.845036336403406e-34	2.835484764699396e-34	2.8217145414834084e-34	2.8288993178058156e-34	2.801572031392945e-34	2.8046878335689135e-34	2.7856294488976453e-34	2.781420912606694e-34	2.7738456027395025e-34	2.7640545173096153e-34	2.770794277412065e-34	2.751339927169186e-34	2.754636961099341e-34	2.7346200354315208e-34	2.737049292450864e-34	2.736406927062643e-34	2.734180653150927e-34	2.7322406374444736e-34	2.7202374805174867e-34	2.723314300799821e-34	2.70679244407795e-34	2.712402308387896e-34	2.71283384489171e-34	2.7151361128376886e-34
X	X	5	5	5.461728573622589e-35	5.465257494811688e-35	5.462290695777752e-35	5.454975055396322e-35	5.463908038625385e-35	5.448525061413483e-35	5.448388686811374e-35	5.432720238888767e-35	5.440160418434866e-35	5.428187236122861e-35	5.429539501358881e-35	5.427255028604157e-35	5.421742656419402e-35	5.415552756023865e-35	5.390161344396526e-35	5.399372645553481e-35	5.382425361311799e-35	5.394487664332195e-35	5.384910310320065e-35	5.374116030422006e-35	5.36370891025243e-35	5.341134203423014e-35	5.342978882565463e-35	5.315441562949624e-35	5.336632872307998e-35	5.318519548266771e-35	5.303574684906249e-35	5.288632116137351e-35	5.269522187390612e-35	5.262669801072202e-35	5.237124978392763e-35	5.249625587610976e-35	5.228576944847653e-35	5.212311206198256e-35	5.189840909238404e-35	5.170878556279622e-35	5.150483991425342e-35	5.131714191451552e-35	5.140375162424746e-35	5.107754796191038e-35	5.094531519292297e-35	5.060785272471355e-35	5.043197197757254e-35	5.016782155230985e-35	4.999463907806411e-35	4.982158702041176e-35	4.963382509853209e-35	4.949850792636247e-35	4.911967208404649e-35	4.889755047548561e-35	4.856658503993849e-35	4.842898563059497e-35	4.820805528306794e-35	4.8015179339848814e-35	4.783201007911325e-35	4.74318232812617e-35	4.7203667980535604e-35	4.6833046609161094e-35	4.673992915605937e-35	4.643897650518891e-35	4.626161640417621e-35	4.6037350190312864e-35	4.5641107039671474e-35	4.541714721650387e-35	4.501201351919976e-35	4.4996147363931125e-35	4.463697495814931e-35	4.445009980932036e-35	4.4208617050839187e-35	4.384027331410163e-35	4.3651520402411407e-35	4.3249074519002e-35	4.3259728580594886e-35	4.287567292534202e-35	4.269046629918826e-35	4.2443585191575687e-35	4.2123033787293625e-35	4.19646545004297e-35	4.1615146832946394e-35	4.1619954104010434e-35	4.1230666812316505e-35	4.109828672042595e-35	4.0866595146515557e-35	4.060447886462736e-35	4.0441574745574116e-35	4.013181069907362e-35	4.017729971128813e-35	3.9801445572059536e-35	3.972006747953417e-35	3.947019036025476e-35	3.928516248131831e-35	3.9142645377166877e-35	3.889644960352576e-35	3.8965037315706704e-35	3.8676644071237264e-35	3.855558207265543e-35	3.8334788265442365e-35	3.821296310416539e-35	3.81000385476019e-35	3.792796062180876e-35	3.8016634492462654e-35	3.765573706630458e-35	3.7720051086280187e-35	3.7464502122318716e-35	3.7433584240143034e-35	3.7327028793533907e-35	3.7220163039205643e-35	3.7303705905505605e-35	3.7039494892846236e-35	3.711139482697472e-35	3.6836052402409215e-35	3.689025648959874e-35	3.686536591638702e-35	3.683537149470544e-35	3.683703402773349e-35	3.6661644434044426e-35	3.673017905603236e-35	3.6501451462174166e-35	3.6587140172641804e-35	3.6585480493937277e-35	3.6605362755111506e-35
X	X	6	6	6.061651795502545e-36	6.065066186995854e-36	6.061893390256184e-36	6.053560436155067e-36	6.06352670477781e-36	6.046272367556401e-36	6.045639725284718e-36	6.028046884048751e-36	6.036391775292762e-36	6.023056384674933e-36	6.024275092892849e-36	6.021650961286927e-36	6.015659099387928e-36	6.0089292397501526e-36	5.980596759076969e-36	5.9904213006903224e-36	5.971847863065755e-36	5.985802108865612e-36	5.974853027675696e-36	5.96312950924076e-36	5.9511501593785084e-36	5.9262571077411185e-36	5.9292757297852795e-36	5.8976420235368345e-36	5.9223783934419246e-36	5.9015805100335355e-36	5.8853063924103894e-36	5.870089663062604e-36	5.8475047816896096e-36	5.841066542056375e-36	5.812174166450632e-36	5.826801888682748e-36	5.80421027446658e-36	5.785302598094192e-36	5.761652106871111e-36	5.7402632825375835e-36	5.7180544734188715e-36	5.697987707529759e-36	5.7073772174425776e-36	5.672288607315252e-36	5.65747996630807e-36	5.6202969004876285e-36	5.601608092482446e-36	5.571907058982534e-36	5.553976701490452e-36	5.534559560923145e-36	5.5142056047762536e-36	5.50003556886537e-36	5.457707337270796e-36	5.434207348776121e-36	5.3972572665381803e-36	5.382177188891996e-36	5.3587673945948915e-36	5.3373222299635354e-36	5.3180423066819506e-36	5.273486598661279e-36	5.248342165665725e-36	5.207907919119622e-36	5.198108959747454e-36	5.1654033182322204e-36	5.145688896781631e-36	5.1212173572129835e-36	5.0777048884404635e-36	5.0532972253432464e-36	5.0088318615129616e-36	5.006957063178103e-36	4.967590354524585e-36	4.947601126831592e-36	4.921020403204755e-36	4.8807348332390646e-36	4.8595270250538835e-36	4.8160378151877716e-36	4.817202020621193e-36	4.7747738003725955e-36	4.755087166507586e-36	4.7277154230443533e-36	4.6926442511836354e-36	4.675063845033519e-36	4.6367273524467116e-36	4.6379632648148046e-36	4.595023705643813e-36	4.580695389876786e-36	4.5549480845110805e-36	4.526409506863903e-36	4.508640346934127e-36	4.474650553263389e-36	4.480686153373776e-36	4.438744934973938e-36	4.429897662575034e-36	4.402473410129786e-36	4.382416611355471e-36	4.367265196816597e-36	4.339753421758248e-36	4.348519585778983e-36	4.3160752562877054e-36	4.303205741039531e-36	4.279270613223371e-36	4.265922359712343e-36	4.25409475885552e-36	4.235188798814911e-36	4.245103594283037e-36	4.205074434180448e-36	4.2131064285202775e-36	4.18465207077576e-36	4.182031382498153e-36	4.1699641036628095e-36	4.1589649610666726e-36	4.168270364140202e-36	4.13849084725969e-36	4.147760670855194e-36	4.116647479970219e-36	4.12334731654736e-36	4.1202721765034765e-36	4.116824638326122e-36	4.1182421360077906e-36	4.097955224578631e-36	4.106530882139171e-36	4.080804869228921e-36	4.090499311144906e-36	4.090338965543041e-36	4.0921829752877446e-36
X	X	7	7	6.0279260585699435e-37	6.0291872694915914e-37	6.023720389998581e-37	6.014065297464317e-37	6.020784983878631e-37	6.003101833455151e-37	5.999657754294609e-37	5.978277160946789e-37	5.986603754966278e-37	5.969630592573399e-37	5.969372064108849e-37	5.964872319181496e-37	5.95501876433391e-37	5.948537532643949e-37	5.915594095934787e-37	5.92361552412826e-37	5.903815262823167e-37	5.913819980715774e-37	5.901254014401109e-37	5.886918314696598e-37	5.872269830558839e-37	5.8457555860686e-37	5.845742639184889e-37	5.811667420329937e-37	5.834860736541795e-37	5.809923164457438e-37	5.792399585268216e-37	5.775584962929409e-37	5.748753560519029e-37	5.742029950787458e-37	5.707975752522068e-37	5.722453290049993e-37	5.697417458958631e-37	5.674795631090249e-37	5.6500692499039946e-37	5.625316053979483e-37	5.602334856822056e-37	5.578831864167583e-37	5.586929178759941e-37	5.550822182987013e-37	5.533371009619071e-37	5.494258806737725e-37	5.4731192705452445e-37	5.44230706101803e-37	5.422350373397362e-37	5.401050353846566e-37	5.380135778728713e-37	5.363405331364284e-37	5.320494740376865e-37	5.294144830467458e-37	5.257679650114426e-37	5.239985256582521e-37	5.215833936431496e-37	5.194304633730228e-37	5.1725412565550635e-37	5.128373872974499e-37	5.101244302820903e-37	5.060583361220636e-37	5.049970804505611e-37	5.016512635486241e-37	4.9972565873370464e-37	4.9716320000428995e-37	4.928045361834279e-37	4.9033168048286606e-37	4.85866642993677e-37	4.856241585912655e-37	4.817024686821006e-37	4.7976124021953665e-37	4.770385816241048e-37	4.730722876168212e-37	4.7091079467483934e-37	4.667137344977483e-37	4.667787680622099e-37	4.625663098011373e-37	4.607212096591892e-37	4.580788009742878e-37	4.545499883066801e-37	4.528691085491557e-37	4.491636555126069e-37	4.4934144150346844e-37	4.451960965557862e-37	4.43747446059863e-37	4.413591092956611e-37	4.38653590802634e-37	4.3694789438346154e-37	4.337559294357011e-37	4.34458497666867e-37	4.3046084149020204e-37	4.296189780806772e-37	4.270451308992679e-37	4.2525880009698654e-37	4.238944958519239e-37	4.21309827040961e-37	4.224115344413219e-37	4.191872619141022e-37	4.18208426192512e-37	4.160458273993867e-37	4.1488304534474414e-37	4.139846438219396e-37	4.122823527730085e-37	4.133855299642169e-37	4.0960199542441146e-37	4.107260542629096e-37	4.080932835515653e-37	4.081135414231956e-37	4.071178459570827e-37	4.063650100733927e-37	4.074716411287072e-37	4.046072208215342e-37	4.0597704512920525e-37	4.031040362456812e-37	4.0402495045021215e-37	4.039134773236195e-37	4.037690058373373e-37	4.044129920718695e-37	4.025040407473177e-37	4.037576970727174e-37	4.014611347537011e-37	4.027667791926745e-37	4.0288680732344015e-37	4.033940689123896e-37
X	X	8	8	7.34124662189258e-38	7.337218149801745e-38	7.325243332579423e-38	7.314223720985242e-38	7.317096260609886e-38	7.298054258887883e-38	7.289314662435835e-38	7.25549946604594e-38	7.267967709634153e-38	7.242294477991601e-38	7.240005645627798e-38	7.236407768868929e-38	7.217830242984373e-38	7.215895585929365e-38	7.16908350239737e-38	7.174090079521662e-38	7.155906611957424e-38	7.162997124008098e-38	7.147305586340325e-38	7.131277582219887e-38	7.111380120607323e-38	7.083189729403378e-38	7.079389288686217e-38	7.039602175832153e-38	7.069843970626979e-38	7.035516683791905e-38	7.016910377860007e-38	7.00011276869484e-38	6.966305706755073e-38	6.961930337642032e-38	6.920228251035181e-38	6.938613091946595e-38	6.912495984730439e-38	6.88366031727172e-38	6.857301587712719e-38	6.83100600520155e-38	6.802064924325923e-38	6.777711182565367e-38	6.790076516605176e-38	6.746463194695212e-38	6.731305106317097e-38	6.685926294006567e-38	6.663607938170118e-38	6.62846256033658e-38	6.60890793571677e-38	6.583549353609821e-38	6.561899572357084e-38	6.544266746267384e-38	6.497915259011094e-38	6.468518256301401e-38	6.425000343746789e-38	6.40920092737556e-38	6.3829254907551e-38	6.357064163771584e-38	6.336109063009853e-38	6.28478453484244e-38	6.257224665984687e-38	6.208422909273432e-38	6.19930157140315e-38	6.163477429887309e-38	6.140887617845595e-38	6.113073357141239e-38	6.063577929021329e-38	6.036569721777469e-38	5.984836957219681e-38	5.983790834933131e-38	5.939424813634815e-38	5.918340633997856e-38	5.885994953446962e-38	5.843174521489187e-38	5.817817396580463e-38	5.770792687474726e-38	5.773493198746287e-38	5.722235785777966e-38	5.7040404297459e-38	5.672624633872505e-38	5.631808299898725e-38	5.613692322282654e-38	5.570032733368248e-38	5.57529428649824e-38	5.525699865352496e-38	5.510198815087122e-38	5.482433833516451e-38	5.450979600881938e-38	5.431150228460571e-38	5.394626435011315e-38	5.405974460022624e-38	5.356803996895968e-38	5.348257568825447e-38	5.318499142572492e-38	5.297770613123587e-38	5.282882788764033e-38	5.251246019509447e-38	5.267383010651439e-38	5.229111060537121e-38	5.218863891087227e-38	5.19409338275771e-38	5.179936055315893e-38	5.170378359409965e-38	5.150827330572592e-38	5.164944946967532e-38	5.120209066460555e-38	5.136327023011387e-38	5.105295062589219e-38	5.105895944762426e-38	5.094635121997397e-38	5.087935403751715e-38	5.102338928117106e-38	5.06718437826283e-38	5.086764097842431e-38	5.053899762995185e-38	5.064896091757735e-38	5.065510510838827e-38	5.065700292887363e-38	5.075378552030014e-38	5.052913385189116e-38	5.069092762548554e-38	5.04341868710845e-38	5.06195535949697e-38	5.063397484142789e-38	5.073097980914244e-38
